sequence_id,input_start_window,input_end_window,target_window,input_start_timestamp,input_end_timestamp,target_timestamp,target_window_binary_target,target_window_label
0,49,58,59,2018-02-21 02:11:08,2018-02-21 02:11:17,2018-02-21 02:11:18,1,DDOS attack-HOIC
1,50,59,60,2018-02-21 02:11:09,2018-02-21 02:11:18,2018-02-21 02:11:19,1,DDOS attack-HOIC
2,51,60,61,2018-02-21 02:11:10,2018-02-21 02:11:19,2018-02-21 02:11:20,1,DDOS attack-HOIC
3,52,61,62,2018-02-21 02:11:11,2018-02-21 02:11:20,2018-02-21 02:11:21,1,DDOS attack-HOIC
4,53,62,63,2018-02-21 02:11:12,2018-02-21 02:11:21,2018-02-21 02:11:22,1,DDOS attack-HOIC
5,54,63,64,2018-02-21 02:11:13,2018-02-21 02:11:22,2018-02-21 02:11:23,1,DDOS attack-HOIC
6,55,64,65,2018-02-21 02:11:14,2018-02-21 02:11:23,2018-02-21 02:11:24,1,DDOS attack-HOIC
7,56,65,66,2018-02-21 02:11:15,2018-02-21 02:11:24,2018-02-21 02:11:25,1,DDOS attack-HOIC
8,57,66,67,2018-02-21 02:11:16,2018-02-21 02:11:25,2018-02-21 02:11:26,1,DDOS attack-HOIC
9,58,67,68,2018-02-21 02:11:17,2018-02-21 02:11:26,2018-02-21 02:11:27,1,DDOS attack-HOIC
10,59,68,69,2018-02-21 02:11:18,2018-02-21 02:11:27,2018-02-21 02:11:28,1,DDOS attack-HOIC
11,60,69,70,2018-02-21 02:11:19,2018-02-21 02:11:28,2018-02-21 02:11:29,1,DDOS attack-HOIC
12,61,70,71,2018-02-21 02:11:20,2018-02-21 02:11:29,2018-02-21 02:11:30,1,DDOS attack-HOIC
13,62,71,72,2018-02-21 02:11:21,2018-02-21 02:11:30,2018-02-21 02:11:31,1,DDOS attack-HOIC
14,63,72,73,2018-02-21 02:11:22,2018-02-21 02:11:31,2018-02-21 02:11:32,1,DDOS attack-HOIC
15,64,73,74,2018-02-21 02:11:23,2018-02-21 02:11:32,2018-02-21 02:11:33,1,DDOS attack-HOIC
16,65,74,75,2018-02-21 02:11:24,2018-02-21 02:11:33,2018-02-21 02:11:34,1,DDOS attack-HOIC
17,66,75,76,2018-02-21 02:11:25,2018-02-21 02:11:34,2018-02-21 02:11:35,1,DDOS attack-HOIC
18,67,76,77,2018-02-21 02:11:26,2018-02-21 02:11:35,2018-02-21 02:11:36,1,DDOS attack-HOIC
19,68,77,78,2018-02-21 02:11:27,2018-02-21 02:11:36,2018-02-21 02:11:37,1,DDOS attack-HOIC
20,69,78,79,2018-02-21 02:11:28,2018-02-21 02:11:37,2018-02-21 02:11:38,1,DDOS attack-HOIC
21,70,79,80,2018-02-21 02:11:29,2018-02-21 02:11:38,2018-02-21 02:11:39,1,DDOS attack-HOIC
22,71,80,81,2018-02-21 02:11:30,2018-02-21 02:11:39,2018-02-21 02:11:40,1,DDOS attack-HOIC
23,72,81,82,2018-02-21 02:11:31,2018-02-21 02:11:40,2018-02-21 02:11:41,1,DDOS attack-HOIC
24,73,82,83,2018-02-21 02:11:32,2018-02-21 02:11:41,2018-02-21 02:11:42,1,DDOS attack-HOIC
25,74,83,84,2018-02-21 02:11:33,2018-02-21 02:11:42,2018-02-21 02:11:43,1,DDOS attack-HOIC
26,75,84,85,2018-02-21 02:11:34,2018-02-21 02:11:43,2018-02-21 02:11:44,1,DDOS attack-HOIC
27,76,85,86,2018-02-21 02:11:35,2018-02-21 02:11:44,2018-02-21 02:11:45,1,DDOS attack-HOIC
28,77,86,87,2018-02-21 02:11:36,2018-02-21 02:11:45,2018-02-21 02:11:46,1,DDOS attack-HOIC
29,78,87,88,2018-02-21 02:11:37,2018-02-21 02:11:46,2018-02-21 02:11:47,1,DDOS attack-HOIC
30,79,88,89,2018-02-21 02:11:38,2018-02-21 02:11:47,2018-02-21 02:11:48,1,DDOS attack-HOIC
31,80,89,90,2018-02-21 02:11:39,2018-02-21 02:11:48,2018-02-21 02:11:49,1,DDOS attack-HOIC
32,81,90,91,2018-02-21 02:11:40,2018-02-21 02:11:49,2018-02-21 02:11:50,1,DDOS attack-HOIC
33,82,91,92,2018-02-21 02:11:41,2018-02-21 02:11:50,2018-02-21 02:11:51,1,DDOS attack-HOIC
34,83,92,93,2018-02-21 02:11:42,2018-02-21 02:11:51,2018-02-21 02:11:52,1,DDOS attack-HOIC
35,84,93,94,2018-02-21 02:11:43,2018-02-21 02:11:52,2018-02-21 02:11:53,1,DDOS attack-HOIC
36,85,94,95,2018-02-21 02:11:44,2018-02-21 02:11:53,2018-02-21 02:11:54,1,DDOS attack-HOIC
37,86,95,96,2018-02-21 02:11:45,2018-02-21 02:11:54,2018-02-21 02:11:55,1,DDOS attack-HOIC
38,87,96,97,2018-02-21 02:11:46,2018-02-21 02:11:55,2018-02-21 02:11:56,1,DDOS attack-HOIC
39,88,97,98,2018-02-21 02:11:47,2018-02-21 02:11:56,2018-02-21 02:11:57,1,DDOS attack-HOIC
40,89,98,99,2018-02-21 02:11:48,2018-02-21 02:11:57,2018-02-21 02:11:58,1,DDOS attack-HOIC
41,90,99,100,2018-02-21 02:11:49,2018-02-21 02:11:58,2018-02-21 02:11:59,1,DDOS attack-HOIC
42,91,100,101,2018-02-21 02:11:50,2018-02-21 02:11:59,2018-02-21 02:12:00,1,DDOS attack-HOIC
43,92,101,102,2018-02-21 02:11:51,2018-02-21 02:12:00,2018-02-21 02:12:01,1,DDOS attack-HOIC
44,93,102,103,2018-02-21 02:11:52,2018-02-21 02:12:01,2018-02-21 02:12:02,1,DDOS attack-HOIC
45,94,103,104,2018-02-21 02:11:53,2018-02-21 02:12:02,2018-02-21 02:12:03,1,DDOS attack-HOIC
46,95,104,105,2018-02-21 02:11:54,2018-02-21 02:12:03,2018-02-21 02:12:04,1,DDOS attack-HOIC
47,96,105,106,2018-02-21 02:11:55,2018-02-21 02:12:04,2018-02-21 02:12:05,1,DDOS attack-HOIC
48,97,106,107,2018-02-21 02:11:56,2018-02-21 02:12:05,2018-02-21 02:12:06,1,DDOS attack-HOIC
49,98,107,108,2018-02-21 02:11:57,2018-02-21 02:12:06,2018-02-21 02:12:07,1,DDOS attack-HOIC
50,99,108,109,2018-02-21 02:11:58,2018-02-21 02:12:07,2018-02-21 02:12:08,1,DDOS attack-HOIC
51,100,109,110,2018-02-21 02:11:59,2018-02-21 02:12:08,2018-02-21 02:12:09,1,DDOS attack-HOIC
52,101,110,111,2018-02-21 02:12:00,2018-02-21 02:12:09,2018-02-21 02:12:10,1,DDOS attack-HOIC
53,102,111,112,2018-02-21 02:12:01,2018-02-21 02:12:10,2018-02-21 02:12:11,1,DDOS attack-HOIC
54,103,112,113,2018-02-21 02:12:02,2018-02-21 02:12:11,2018-02-21 02:12:12,1,DDOS attack-HOIC
55,104,113,114,2018-02-21 02:12:03,2018-02-21 02:12:12,2018-02-21 02:12:13,1,DDOS attack-HOIC
56,105,114,115,2018-02-21 02:12:04,2018-02-21 02:12:13,2018-02-21 02:12:14,1,DDOS attack-HOIC
57,106,115,116,2018-02-21 02:12:05,2018-02-21 02:12:14,2018-02-21 02:12:15,1,DDOS attack-HOIC
58,107,116,117,2018-02-21 02:12:06,2018-02-21 02:12:15,2018-02-21 02:12:16,1,DDOS attack-HOIC
59,108,117,118,2018-02-21 02:12:07,2018-02-21 02:12:16,2018-02-21 02:12:17,1,DDOS attack-HOIC
60,109,118,119,2018-02-21 02:12:08,2018-02-21 02:12:17,2018-02-21 02:12:18,1,DDOS attack-HOIC
61,110,119,120,2018-02-21 02:12:09,2018-02-21 02:12:18,2018-02-21 02:12:19,1,DDOS attack-HOIC
62,111,120,121,2018-02-21 02:12:10,2018-02-21 02:12:19,2018-02-21 02:12:20,1,DDOS attack-HOIC
63,112,121,122,2018-02-21 02:12:11,2018-02-21 02:12:20,2018-02-21 02:12:21,1,DDOS attack-HOIC
64,113,122,123,2018-02-21 02:12:12,2018-02-21 02:12:21,2018-02-21 02:12:22,1,DDOS attack-HOIC
65,114,123,124,2018-02-21 02:12:13,2018-02-21 02:12:22,2018-02-21 02:12:23,1,DDOS attack-HOIC
66,115,124,125,2018-02-21 02:12:14,2018-02-21 02:12:23,2018-02-21 02:12:24,1,DDOS attack-HOIC
67,116,125,126,2018-02-21 02:12:15,2018-02-21 02:12:24,2018-02-21 02:12:25,1,DDOS attack-HOIC
68,117,126,127,2018-02-21 02:12:16,2018-02-21 02:12:25,2018-02-21 02:12:26,1,DDOS attack-HOIC
69,118,127,128,2018-02-21 02:12:17,2018-02-21 02:12:26,2018-02-21 02:12:27,1,DDOS attack-HOIC
70,119,128,129,2018-02-21 02:12:18,2018-02-21 02:12:27,2018-02-21 02:12:28,1,DDOS attack-HOIC
71,120,129,130,2018-02-21 02:12:19,2018-02-21 02:12:28,2018-02-21 02:12:29,1,DDOS attack-HOIC
72,121,130,131,2018-02-21 02:12:20,2018-02-21 02:12:29,2018-02-21 02:12:30,1,DDOS attack-HOIC
73,122,131,132,2018-02-21 02:12:21,2018-02-21 02:12:30,2018-02-21 02:12:31,1,DDOS attack-HOIC
74,123,132,133,2018-02-21 02:12:22,2018-02-21 02:12:31,2018-02-21 02:12:32,1,DDOS attack-HOIC
75,124,133,134,2018-02-21 02:12:23,2018-02-21 02:12:32,2018-02-21 02:12:33,1,DDOS attack-HOIC
76,125,134,135,2018-02-21 02:12:24,2018-02-21 02:12:33,2018-02-21 02:12:34,1,DDOS attack-HOIC
77,126,135,136,2018-02-21 02:12:25,2018-02-21 02:12:34,2018-02-21 02:12:35,1,DDOS attack-HOIC
78,127,136,137,2018-02-21 02:12:26,2018-02-21 02:12:35,2018-02-21 02:12:36,1,DDOS attack-HOIC
79,128,137,138,2018-02-21 02:12:27,2018-02-21 02:12:36,2018-02-21 02:12:37,1,DDOS attack-HOIC
80,129,138,139,2018-02-21 02:12:28,2018-02-21 02:12:37,2018-02-21 02:12:38,1,DDOS attack-HOIC
81,130,139,140,2018-02-21 02:12:29,2018-02-21 02:12:38,2018-02-21 02:12:39,1,DDOS attack-HOIC
82,131,140,141,2018-02-21 02:12:30,2018-02-21 02:12:39,2018-02-21 02:12:40,1,DDOS attack-HOIC
83,132,141,142,2018-02-21 02:12:31,2018-02-21 02:12:40,2018-02-21 02:12:41,1,DDOS attack-HOIC
84,133,142,143,2018-02-21 02:12:32,2018-02-21 02:12:41,2018-02-21 02:12:42,1,DDOS attack-HOIC
85,134,143,144,2018-02-21 02:12:33,2018-02-21 02:12:42,2018-02-21 02:12:43,1,DDOS attack-HOIC
86,135,144,145,2018-02-21 02:12:34,2018-02-21 02:12:43,2018-02-21 02:12:44,1,DDOS attack-HOIC
87,136,145,146,2018-02-21 02:12:35,2018-02-21 02:12:44,2018-02-21 02:12:45,1,DDOS attack-HOIC
88,137,146,147,2018-02-21 02:12:36,2018-02-21 02:12:45,2018-02-21 02:12:46,1,DDOS attack-HOIC
89,138,147,148,2018-02-21 02:12:37,2018-02-21 02:12:46,2018-02-21 02:12:47,1,DDOS attack-HOIC
90,139,148,149,2018-02-21 02:12:38,2018-02-21 02:12:47,2018-02-21 02:12:48,1,DDOS attack-HOIC
91,140,149,150,2018-02-21 02:12:39,2018-02-21 02:12:48,2018-02-21 02:12:49,1,DDOS attack-HOIC
92,141,150,151,2018-02-21 02:12:40,2018-02-21 02:12:49,2018-02-21 02:12:50,1,DDOS attack-HOIC
93,142,151,152,2018-02-21 02:12:41,2018-02-21 02:12:50,2018-02-21 02:12:51,1,DDOS attack-HOIC
94,143,152,153,2018-02-21 02:12:42,2018-02-21 02:12:51,2018-02-21 02:12:52,1,DDOS attack-HOIC
95,144,153,154,2018-02-21 02:12:43,2018-02-21 02:12:52,2018-02-21 02:12:53,1,DDOS attack-HOIC
96,145,154,155,2018-02-21 02:12:44,2018-02-21 02:12:53,2018-02-21 02:12:54,1,DDOS attack-HOIC
97,146,155,156,2018-02-21 02:12:45,2018-02-21 02:12:54,2018-02-21 02:12:55,1,DDOS attack-HOIC
98,147,156,157,2018-02-21 02:12:46,2018-02-21 02:12:55,2018-02-21 02:12:56,1,DDOS attack-HOIC
99,148,157,158,2018-02-21 02:12:47,2018-02-21 02:12:56,2018-02-21 02:12:57,1,DDOS attack-HOIC
100,149,158,159,2018-02-21 02:12:48,2018-02-21 02:12:57,2018-02-21 02:12:58,1,DDOS attack-HOIC
101,150,159,160,2018-02-21 02:12:49,2018-02-21 02:12:58,2018-02-21 02:12:59,1,DDOS attack-HOIC
102,151,160,161,2018-02-21 02:12:50,2018-02-21 02:12:59,2018-02-21 02:13:00,1,DDOS attack-HOIC
103,152,161,162,2018-02-21 02:12:51,2018-02-21 02:13:00,2018-02-21 02:13:01,1,DDOS attack-HOIC
104,153,162,163,2018-02-21 02:12:52,2018-02-21 02:13:01,2018-02-21 02:13:02,1,DDOS attack-HOIC
105,154,163,164,2018-02-21 02:12:53,2018-02-21 02:13:02,2018-02-21 02:13:03,1,DDOS attack-HOIC
106,155,164,165,2018-02-21 02:12:54,2018-02-21 02:13:03,2018-02-21 02:13:04,1,DDOS attack-HOIC
107,156,165,166,2018-02-21 02:12:55,2018-02-21 02:13:04,2018-02-21 02:13:05,1,DDOS attack-HOIC
108,157,166,167,2018-02-21 02:12:56,2018-02-21 02:13:05,2018-02-21 02:13:06,1,DDOS attack-HOIC
109,158,167,168,2018-02-21 02:12:57,2018-02-21 02:13:06,2018-02-21 02:13:07,1,DDOS attack-HOIC
110,159,168,169,2018-02-21 02:12:58,2018-02-21 02:13:07,2018-02-21 02:13:08,1,DDOS attack-HOIC
111,160,169,170,2018-02-21 02:12:59,2018-02-21 02:13:08,2018-02-21 02:13:09,1,DDOS attack-HOIC
112,161,170,171,2018-02-21 02:13:00,2018-02-21 02:13:09,2018-02-21 02:13:10,1,DDOS attack-HOIC
113,162,171,172,2018-02-21 02:13:01,2018-02-21 02:13:10,2018-02-21 02:13:11,1,DDOS attack-HOIC
114,163,172,173,2018-02-21 02:13:02,2018-02-21 02:13:11,2018-02-21 02:13:12,1,DDOS attack-HOIC
115,164,173,174,2018-02-21 02:13:03,2018-02-21 02:13:12,2018-02-21 02:13:13,1,DDOS attack-HOIC
116,165,174,175,2018-02-21 02:13:04,2018-02-21 02:13:13,2018-02-21 02:13:14,1,DDOS attack-HOIC
117,166,175,176,2018-02-21 02:13:05,2018-02-21 02:13:14,2018-02-21 02:13:15,1,DDOS attack-HOIC
118,167,176,177,2018-02-21 02:13:06,2018-02-21 02:13:15,2018-02-21 02:13:16,1,DDOS attack-HOIC
119,168,177,178,2018-02-21 02:13:07,2018-02-21 02:13:16,2018-02-21 02:13:17,1,DDOS attack-HOIC
120,169,178,179,2018-02-21 02:13:08,2018-02-21 02:13:17,2018-02-21 02:13:18,1,DDOS attack-HOIC
121,170,179,180,2018-02-21 02:13:09,2018-02-21 02:13:18,2018-02-21 02:13:19,1,DDOS attack-HOIC
122,171,180,181,2018-02-21 02:13:10,2018-02-21 02:13:19,2018-02-21 02:13:20,1,DDOS attack-HOIC
123,172,181,182,2018-02-21 02:13:11,2018-02-21 02:13:20,2018-02-21 02:13:21,1,DDOS attack-HOIC
124,173,182,183,2018-02-21 02:13:12,2018-02-21 02:13:21,2018-02-21 02:13:22,1,DDOS attack-HOIC
125,174,183,184,2018-02-21 02:13:13,2018-02-21 02:13:22,2018-02-21 02:13:23,1,DDOS attack-HOIC
126,175,184,185,2018-02-21 02:13:14,2018-02-21 02:13:23,2018-02-21 02:13:24,1,DDOS attack-HOIC
127,176,185,186,2018-02-21 02:13:15,2018-02-21 02:13:24,2018-02-21 02:13:25,1,DDOS attack-HOIC
128,177,186,187,2018-02-21 02:13:16,2018-02-21 02:13:25,2018-02-21 02:13:26,1,DDOS attack-HOIC
129,178,187,188,2018-02-21 02:13:17,2018-02-21 02:13:26,2018-02-21 02:13:27,1,DDOS attack-HOIC
130,179,188,189,2018-02-21 02:13:18,2018-02-21 02:13:27,2018-02-21 02:13:28,1,DDOS attack-HOIC
131,180,189,190,2018-02-21 02:13:19,2018-02-21 02:13:28,2018-02-21 02:13:29,1,DDOS attack-HOIC
132,181,190,191,2018-02-21 02:13:20,2018-02-21 02:13:29,2018-02-21 02:13:30,1,DDOS attack-HOIC
133,182,191,192,2018-02-21 02:13:21,2018-02-21 02:13:30,2018-02-21 02:13:31,1,DDOS attack-HOIC
134,183,192,193,2018-02-21 02:13:22,2018-02-21 02:13:31,2018-02-21 02:13:32,1,DDOS attack-HOIC
135,184,193,194,2018-02-21 02:13:23,2018-02-21 02:13:32,2018-02-21 02:13:33,1,DDOS attack-HOIC
136,185,194,195,2018-02-21 02:13:24,2018-02-21 02:13:33,2018-02-21 02:13:34,1,DDOS attack-HOIC
137,186,195,196,2018-02-21 02:13:25,2018-02-21 02:13:34,2018-02-21 02:13:35,1,DDOS attack-HOIC
138,187,196,197,2018-02-21 02:13:26,2018-02-21 02:13:35,2018-02-21 02:13:36,1,DDOS attack-HOIC
139,188,197,198,2018-02-21 02:13:27,2018-02-21 02:13:36,2018-02-21 02:13:37,1,DDOS attack-HOIC
140,189,198,199,2018-02-21 02:13:28,2018-02-21 02:13:37,2018-02-21 02:13:38,1,DDOS attack-HOIC
141,190,199,200,2018-02-21 02:13:29,2018-02-21 02:13:38,2018-02-21 02:13:39,1,DDOS attack-HOIC
142,191,200,201,2018-02-21 02:13:30,2018-02-21 02:13:39,2018-02-21 02:13:40,1,DDOS attack-HOIC
143,192,201,202,2018-02-21 02:13:31,2018-02-21 02:13:40,2018-02-21 02:13:41,1,DDOS attack-HOIC
144,193,202,203,2018-02-21 02:13:32,2018-02-21 02:13:41,2018-02-21 02:13:42,1,DDOS attack-HOIC
145,194,203,204,2018-02-21 02:13:33,2018-02-21 02:13:42,2018-02-21 02:13:43,1,DDOS attack-HOIC
146,195,204,205,2018-02-21 02:13:34,2018-02-21 02:13:43,2018-02-21 02:13:44,1,DDOS attack-HOIC
147,196,205,206,2018-02-21 02:13:35,2018-02-21 02:13:44,2018-02-21 02:13:45,1,DDOS attack-HOIC
148,197,206,207,2018-02-21 02:13:36,2018-02-21 02:13:45,2018-02-21 02:13:46,1,DDOS attack-HOIC
149,198,207,208,2018-02-21 02:13:37,2018-02-21 02:13:46,2018-02-21 02:13:47,1,DDOS attack-HOIC
150,199,208,209,2018-02-21 02:13:38,2018-02-21 02:13:47,2018-02-21 02:13:48,1,DDOS attack-HOIC
151,200,209,210,2018-02-21 02:13:39,2018-02-21 02:13:48,2018-02-21 02:13:49,1,DDOS attack-HOIC
152,201,210,211,2018-02-21 02:13:40,2018-02-21 02:13:49,2018-02-21 02:13:50,1,DDOS attack-HOIC
153,202,211,212,2018-02-21 02:13:41,2018-02-21 02:13:50,2018-02-21 02:13:51,1,DDOS attack-HOIC
154,203,212,213,2018-02-21 02:13:42,2018-02-21 02:13:51,2018-02-21 02:13:52,1,DDOS attack-HOIC
155,204,213,214,2018-02-21 02:13:43,2018-02-21 02:13:52,2018-02-21 02:13:53,1,DDOS attack-HOIC
156,205,214,215,2018-02-21 02:13:44,2018-02-21 02:13:53,2018-02-21 02:13:54,1,DDOS attack-HOIC
157,206,215,216,2018-02-21 02:13:45,2018-02-21 02:13:54,2018-02-21 02:13:55,1,DDOS attack-HOIC
158,207,216,217,2018-02-21 02:13:46,2018-02-21 02:13:55,2018-02-21 02:13:56,1,DDOS attack-HOIC
159,208,217,218,2018-02-21 02:13:47,2018-02-21 02:13:56,2018-02-21 02:13:57,1,DDOS attack-HOIC
160,209,218,219,2018-02-21 02:13:48,2018-02-21 02:13:57,2018-02-21 02:13:58,1,DDOS attack-HOIC
161,210,219,220,2018-02-21 02:13:49,2018-02-21 02:13:58,2018-02-21 02:13:59,1,DDOS attack-HOIC
162,211,220,221,2018-02-21 02:13:50,2018-02-21 02:13:59,2018-02-21 02:14:00,1,DDOS attack-HOIC
163,212,221,222,2018-02-21 02:13:51,2018-02-21 02:14:00,2018-02-21 02:14:01,1,DDOS attack-HOIC
164,213,222,223,2018-02-21 02:13:52,2018-02-21 02:14:01,2018-02-21 02:14:02,1,DDOS attack-HOIC
165,214,223,224,2018-02-21 02:13:53,2018-02-21 02:14:02,2018-02-21 02:14:03,1,DDOS attack-HOIC
166,215,224,225,2018-02-21 02:13:54,2018-02-21 02:14:03,2018-02-21 02:14:04,1,DDOS attack-HOIC
167,216,225,226,2018-02-21 02:13:55,2018-02-21 02:14:04,2018-02-21 02:14:05,1,DDOS attack-HOIC
168,217,226,227,2018-02-21 02:13:56,2018-02-21 02:14:05,2018-02-21 02:14:06,1,DDOS attack-HOIC
169,218,227,228,2018-02-21 02:13:57,2018-02-21 02:14:06,2018-02-21 02:14:07,1,DDOS attack-HOIC
170,219,228,229,2018-02-21 02:13:58,2018-02-21 02:14:07,2018-02-21 02:14:08,1,DDOS attack-HOIC
171,220,229,230,2018-02-21 02:13:59,2018-02-21 02:14:08,2018-02-21 02:14:09,1,DDOS attack-HOIC
172,221,230,231,2018-02-21 02:14:00,2018-02-21 02:14:09,2018-02-21 02:14:10,1,DDOS attack-HOIC
173,222,231,232,2018-02-21 02:14:01,2018-02-21 02:14:10,2018-02-21 02:14:11,1,DDOS attack-HOIC
174,223,232,233,2018-02-21 02:14:02,2018-02-21 02:14:11,2018-02-21 02:14:12,1,DDOS attack-HOIC
175,224,233,234,2018-02-21 02:14:03,2018-02-21 02:14:12,2018-02-21 02:14:13,1,DDOS attack-HOIC
176,225,234,235,2018-02-21 02:14:04,2018-02-21 02:14:13,2018-02-21 02:14:14,1,DDOS attack-HOIC
177,226,235,236,2018-02-21 02:14:05,2018-02-21 02:14:14,2018-02-21 02:14:15,1,DDOS attack-HOIC
178,227,236,237,2018-02-21 02:14:06,2018-02-21 02:14:15,2018-02-21 02:14:16,1,DDOS attack-HOIC
179,228,237,238,2018-02-21 02:14:07,2018-02-21 02:14:16,2018-02-21 02:14:17,1,DDOS attack-HOIC
180,229,238,239,2018-02-21 02:14:08,2018-02-21 02:14:17,2018-02-21 02:14:18,1,DDOS attack-HOIC
181,230,239,240,2018-02-21 02:14:09,2018-02-21 02:14:18,2018-02-21 02:14:19,1,DDOS attack-HOIC
182,231,240,241,2018-02-21 02:14:10,2018-02-21 02:14:19,2018-02-21 02:14:20,1,DDOS attack-HOIC
183,232,241,242,2018-02-21 02:14:11,2018-02-21 02:14:20,2018-02-21 02:14:21,1,DDOS attack-HOIC
184,233,242,243,2018-02-21 02:14:12,2018-02-21 02:14:21,2018-02-21 02:14:22,1,DDOS attack-HOIC
185,234,243,244,2018-02-21 02:14:13,2018-02-21 02:14:22,2018-02-21 02:14:23,1,DDOS attack-HOIC
186,235,244,245,2018-02-21 02:14:14,2018-02-21 02:14:23,2018-02-21 02:14:24,1,DDOS attack-HOIC
187,236,245,246,2018-02-21 02:14:15,2018-02-21 02:14:24,2018-02-21 02:14:25,1,DDOS attack-HOIC
188,237,246,247,2018-02-21 02:14:16,2018-02-21 02:14:25,2018-02-21 02:14:26,1,DDOS attack-HOIC
189,238,247,248,2018-02-21 02:14:17,2018-02-21 02:14:26,2018-02-21 02:14:27,1,DDOS attack-HOIC
190,239,248,249,2018-02-21 02:14:18,2018-02-21 02:14:27,2018-02-21 02:14:28,1,DDOS attack-HOIC
191,240,249,250,2018-02-21 02:14:19,2018-02-21 02:14:28,2018-02-21 02:14:29,1,DDOS attack-HOIC
192,241,250,251,2018-02-21 02:14:20,2018-02-21 02:14:29,2018-02-21 02:14:30,1,DDOS attack-HOIC
193,242,251,252,2018-02-21 02:14:21,2018-02-21 02:14:30,2018-02-21 02:14:31,1,DDOS attack-HOIC
194,243,252,253,2018-02-21 02:14:22,2018-02-21 02:14:31,2018-02-21 02:14:32,1,DDOS attack-HOIC
195,244,253,254,2018-02-21 02:14:23,2018-02-21 02:14:32,2018-02-21 02:14:33,1,DDOS attack-HOIC
196,245,254,255,2018-02-21 02:14:24,2018-02-21 02:14:33,2018-02-21 02:14:34,1,DDOS attack-HOIC
197,246,255,256,2018-02-21 02:14:25,2018-02-21 02:14:34,2018-02-21 02:14:35,1,DDOS attack-HOIC
198,247,256,257,2018-02-21 02:14:26,2018-02-21 02:14:35,2018-02-21 02:14:36,1,DDOS attack-HOIC
199,248,257,258,2018-02-21 02:14:27,2018-02-21 02:14:36,2018-02-21 02:14:37,1,DDOS attack-HOIC
200,249,258,259,2018-02-21 02:14:28,2018-02-21 02:14:37,2018-02-21 02:14:38,1,DDOS attack-HOIC
201,250,259,260,2018-02-21 02:14:29,2018-02-21 02:14:38,2018-02-21 02:14:39,1,DDOS attack-HOIC
202,251,260,261,2018-02-21 02:14:30,2018-02-21 02:14:39,2018-02-21 02:14:40,1,DDOS attack-HOIC
203,252,261,262,2018-02-21 02:14:31,2018-02-21 02:14:40,2018-02-21 02:14:41,1,DDOS attack-HOIC
204,253,262,263,2018-02-21 02:14:32,2018-02-21 02:14:41,2018-02-21 02:14:42,1,DDOS attack-HOIC
205,254,263,264,2018-02-21 02:14:33,2018-02-21 02:14:42,2018-02-21 02:14:43,1,DDOS attack-HOIC
206,255,264,265,2018-02-21 02:14:34,2018-02-21 02:14:43,2018-02-21 02:14:44,1,DDOS attack-HOIC
207,256,265,266,2018-02-21 02:14:35,2018-02-21 02:14:44,2018-02-21 02:14:45,1,DDOS attack-HOIC
208,257,266,267,2018-02-21 02:14:36,2018-02-21 02:14:45,2018-02-21 02:14:46,1,DDOS attack-HOIC
209,258,267,268,2018-02-21 02:14:37,2018-02-21 02:14:46,2018-02-21 02:14:47,1,DDOS attack-HOIC
210,259,268,269,2018-02-21 02:14:38,2018-02-21 02:14:47,2018-02-21 02:14:48,1,DDOS attack-HOIC
211,260,269,270,2018-02-21 02:14:39,2018-02-21 02:14:48,2018-02-21 02:14:49,1,DDOS attack-HOIC
212,261,270,271,2018-02-21 02:14:40,2018-02-21 02:14:49,2018-02-21 02:14:50,1,DDOS attack-HOIC
213,262,271,272,2018-02-21 02:14:41,2018-02-21 02:14:50,2018-02-21 02:14:51,1,DDOS attack-HOIC
214,263,272,273,2018-02-21 02:14:42,2018-02-21 02:14:51,2018-02-21 02:14:52,1,DDOS attack-HOIC
215,264,273,274,2018-02-21 02:14:43,2018-02-21 02:14:52,2018-02-21 02:14:53,1,DDOS attack-HOIC
216,265,274,275,2018-02-21 02:14:44,2018-02-21 02:14:53,2018-02-21 02:14:54,1,DDOS attack-HOIC
217,266,275,276,2018-02-21 02:14:45,2018-02-21 02:14:54,2018-02-21 02:14:55,1,DDOS attack-HOIC
218,267,276,277,2018-02-21 02:14:46,2018-02-21 02:14:55,2018-02-21 02:14:56,1,DDOS attack-HOIC
219,268,277,278,2018-02-21 02:14:47,2018-02-21 02:14:56,2018-02-21 02:14:57,1,DDOS attack-HOIC
220,269,278,279,2018-02-21 02:14:48,2018-02-21 02:14:57,2018-02-21 02:14:58,1,DDOS attack-HOIC
221,270,279,280,2018-02-21 02:14:49,2018-02-21 02:14:58,2018-02-21 02:14:59,1,DDOS attack-HOIC
222,271,280,281,2018-02-21 02:14:50,2018-02-21 02:14:59,2018-02-21 02:15:00,1,DDOS attack-HOIC
223,272,281,282,2018-02-21 02:14:51,2018-02-21 02:15:00,2018-02-21 02:15:01,1,DDOS attack-HOIC
224,273,282,283,2018-02-21 02:14:52,2018-02-21 02:15:01,2018-02-21 02:15:02,1,DDOS attack-HOIC
225,274,283,284,2018-02-21 02:14:53,2018-02-21 02:15:02,2018-02-21 02:15:03,1,DDOS attack-HOIC
226,275,284,285,2018-02-21 02:14:54,2018-02-21 02:15:03,2018-02-21 02:15:04,1,DDOS attack-HOIC
227,276,285,286,2018-02-21 02:14:55,2018-02-21 02:15:04,2018-02-21 02:15:05,1,DDOS attack-HOIC
228,277,286,287,2018-02-21 02:14:56,2018-02-21 02:15:05,2018-02-21 02:15:06,1,DDOS attack-HOIC
229,278,287,288,2018-02-21 02:14:57,2018-02-21 02:15:06,2018-02-21 02:15:07,1,DDOS attack-HOIC
230,279,288,289,2018-02-21 02:14:58,2018-02-21 02:15:07,2018-02-21 02:15:08,1,DDOS attack-HOIC
231,280,289,290,2018-02-21 02:14:59,2018-02-21 02:15:08,2018-02-21 02:15:09,1,DDOS attack-HOIC
232,281,290,291,2018-02-21 02:15:00,2018-02-21 02:15:09,2018-02-21 02:15:10,1,DDOS attack-HOIC
233,282,291,292,2018-02-21 02:15:01,2018-02-21 02:15:10,2018-02-21 02:15:11,1,DDOS attack-HOIC
234,283,292,293,2018-02-21 02:15:02,2018-02-21 02:15:11,2018-02-21 02:15:12,1,DDOS attack-HOIC
235,284,293,294,2018-02-21 02:15:03,2018-02-21 02:15:12,2018-02-21 02:15:13,1,DDOS attack-HOIC
236,285,294,295,2018-02-21 02:15:04,2018-02-21 02:15:13,2018-02-21 02:15:14,1,DDOS attack-HOIC
237,286,295,296,2018-02-21 02:15:05,2018-02-21 02:15:14,2018-02-21 02:15:15,1,DDOS attack-HOIC
238,287,296,297,2018-02-21 02:15:06,2018-02-21 02:15:15,2018-02-21 02:15:16,1,DDOS attack-HOIC
239,288,297,298,2018-02-21 02:15:07,2018-02-21 02:15:16,2018-02-21 02:15:17,1,DDOS attack-HOIC
240,289,298,299,2018-02-21 02:15:08,2018-02-21 02:15:17,2018-02-21 02:15:18,1,DDOS attack-HOIC
241,290,299,300,2018-02-21 02:15:09,2018-02-21 02:15:18,2018-02-21 02:15:19,1,DDOS attack-HOIC
242,291,300,301,2018-02-21 02:15:10,2018-02-21 02:15:19,2018-02-21 02:15:20,1,DDOS attack-HOIC
243,292,301,302,2018-02-21 02:15:11,2018-02-21 02:15:20,2018-02-21 02:15:21,1,DDOS attack-HOIC
244,293,302,303,2018-02-21 02:15:12,2018-02-21 02:15:21,2018-02-21 02:15:22,1,DDOS attack-HOIC
245,294,303,304,2018-02-21 02:15:13,2018-02-21 02:15:22,2018-02-21 02:15:23,1,DDOS attack-HOIC
246,295,304,305,2018-02-21 02:15:14,2018-02-21 02:15:23,2018-02-21 02:15:24,1,DDOS attack-HOIC
247,296,305,306,2018-02-21 02:15:15,2018-02-21 02:15:24,2018-02-21 02:15:25,1,DDOS attack-HOIC
248,297,306,307,2018-02-21 02:15:16,2018-02-21 02:15:25,2018-02-21 02:15:26,1,DDOS attack-HOIC
249,298,307,308,2018-02-21 02:15:17,2018-02-21 02:15:26,2018-02-21 02:15:27,1,DDOS attack-HOIC
250,299,308,309,2018-02-21 02:15:18,2018-02-21 02:15:27,2018-02-21 02:15:28,1,DDOS attack-HOIC
251,300,309,310,2018-02-21 02:15:19,2018-02-21 02:15:28,2018-02-21 02:15:29,1,DDOS attack-HOIC
252,301,310,311,2018-02-21 02:15:20,2018-02-21 02:15:29,2018-02-21 02:15:30,1,DDOS attack-HOIC
253,302,311,312,2018-02-21 02:15:21,2018-02-21 02:15:30,2018-02-21 02:15:31,1,DDOS attack-HOIC
254,303,312,313,2018-02-21 02:15:22,2018-02-21 02:15:31,2018-02-21 02:15:32,1,DDOS attack-HOIC
255,304,313,314,2018-02-21 02:15:23,2018-02-21 02:15:32,2018-02-21 02:15:33,1,DDOS attack-HOIC
256,305,314,315,2018-02-21 02:15:24,2018-02-21 02:15:33,2018-02-21 02:15:34,1,DDOS attack-HOIC
257,306,315,316,2018-02-21 02:15:25,2018-02-21 02:15:34,2018-02-21 02:15:35,1,DDOS attack-HOIC
258,307,316,317,2018-02-21 02:15:26,2018-02-21 02:15:35,2018-02-21 02:15:36,1,DDOS attack-HOIC
259,308,317,318,2018-02-21 02:15:27,2018-02-21 02:15:36,2018-02-21 02:15:37,1,DDOS attack-HOIC
260,309,318,319,2018-02-21 02:15:28,2018-02-21 02:15:37,2018-02-21 02:15:38,1,DDOS attack-HOIC
261,310,319,320,2018-02-21 02:15:29,2018-02-21 02:15:38,2018-02-21 02:15:39,1,DDOS attack-HOIC
262,311,320,321,2018-02-21 02:15:30,2018-02-21 02:15:39,2018-02-21 02:15:40,1,DDOS attack-HOIC
263,312,321,322,2018-02-21 02:15:31,2018-02-21 02:15:40,2018-02-21 02:15:41,1,DDOS attack-HOIC
264,313,322,323,2018-02-21 02:15:32,2018-02-21 02:15:41,2018-02-21 02:15:42,1,DDOS attack-HOIC
265,314,323,324,2018-02-21 02:15:33,2018-02-21 02:15:42,2018-02-21 02:15:43,1,DDOS attack-HOIC
266,315,324,325,2018-02-21 02:15:34,2018-02-21 02:15:43,2018-02-21 02:15:44,1,DDOS attack-HOIC
267,316,325,326,2018-02-21 02:15:35,2018-02-21 02:15:44,2018-02-21 02:15:45,1,DDOS attack-HOIC
268,317,326,327,2018-02-21 02:15:36,2018-02-21 02:15:45,2018-02-21 02:15:46,1,DDOS attack-HOIC
269,318,327,328,2018-02-21 02:15:37,2018-02-21 02:15:46,2018-02-21 02:15:47,1,DDOS attack-HOIC
270,319,328,329,2018-02-21 02:15:38,2018-02-21 02:15:47,2018-02-21 02:15:48,1,DDOS attack-HOIC
271,320,329,330,2018-02-21 02:15:39,2018-02-21 02:15:48,2018-02-21 02:15:49,1,DDOS attack-HOIC
272,321,330,331,2018-02-21 02:15:40,2018-02-21 02:15:49,2018-02-21 02:15:50,1,DDOS attack-HOIC
273,322,331,332,2018-02-21 02:15:41,2018-02-21 02:15:50,2018-02-21 02:15:51,1,DDOS attack-HOIC
274,323,332,333,2018-02-21 02:15:42,2018-02-21 02:15:51,2018-02-21 02:15:52,1,DDOS attack-HOIC
275,324,333,334,2018-02-21 02:15:43,2018-02-21 02:15:52,2018-02-21 02:15:53,1,DDOS attack-HOIC
276,325,334,335,2018-02-21 02:15:44,2018-02-21 02:15:53,2018-02-21 02:15:54,1,DDOS attack-HOIC
277,326,335,336,2018-02-21 02:15:45,2018-02-21 02:15:54,2018-02-21 02:15:55,1,DDOS attack-HOIC
278,327,336,337,2018-02-21 02:15:46,2018-02-21 02:15:55,2018-02-21 02:15:56,1,DDOS attack-HOIC
279,328,337,338,2018-02-21 02:15:47,2018-02-21 02:15:56,2018-02-21 02:15:57,1,DDOS attack-HOIC
280,329,338,339,2018-02-21 02:15:48,2018-02-21 02:15:57,2018-02-21 02:15:58,1,DDOS attack-HOIC
281,330,339,340,2018-02-21 02:15:49,2018-02-21 02:15:58,2018-02-21 02:15:59,1,DDOS attack-HOIC
282,331,340,341,2018-02-21 02:15:50,2018-02-21 02:15:59,2018-02-21 02:16:00,1,DDOS attack-HOIC
283,332,341,342,2018-02-21 02:15:51,2018-02-21 02:16:00,2018-02-21 02:16:01,1,DDOS attack-HOIC
284,333,342,343,2018-02-21 02:15:52,2018-02-21 02:16:01,2018-02-21 02:16:02,1,DDOS attack-HOIC
285,334,343,344,2018-02-21 02:15:53,2018-02-21 02:16:02,2018-02-21 02:16:03,1,DDOS attack-HOIC
286,335,344,345,2018-02-21 02:15:54,2018-02-21 02:16:03,2018-02-21 02:16:04,1,DDOS attack-HOIC
287,336,345,346,2018-02-21 02:15:55,2018-02-21 02:16:04,2018-02-21 02:16:05,1,DDOS attack-HOIC
288,337,346,347,2018-02-21 02:15:56,2018-02-21 02:16:05,2018-02-21 02:16:06,1,DDOS attack-HOIC
289,338,347,348,2018-02-21 02:15:57,2018-02-21 02:16:06,2018-02-21 02:16:07,1,DDOS attack-HOIC
290,339,348,349,2018-02-21 02:15:58,2018-02-21 02:16:07,2018-02-21 02:16:08,1,DDOS attack-HOIC
291,340,349,350,2018-02-21 02:15:59,2018-02-21 02:16:08,2018-02-21 02:16:09,1,DDOS attack-HOIC
292,341,350,351,2018-02-21 02:16:00,2018-02-21 02:16:09,2018-02-21 02:16:10,1,DDOS attack-HOIC
293,342,351,352,2018-02-21 02:16:01,2018-02-21 02:16:10,2018-02-21 02:16:11,1,DDOS attack-HOIC
294,343,352,353,2018-02-21 02:16:02,2018-02-21 02:16:11,2018-02-21 02:16:12,1,DDOS attack-HOIC
295,344,353,354,2018-02-21 02:16:03,2018-02-21 02:16:12,2018-02-21 02:16:13,1,DDOS attack-HOIC
296,345,354,355,2018-02-21 02:16:04,2018-02-21 02:16:13,2018-02-21 02:16:14,1,DDOS attack-HOIC
297,346,355,356,2018-02-21 02:16:05,2018-02-21 02:16:14,2018-02-21 02:16:15,1,DDOS attack-HOIC
298,347,356,357,2018-02-21 02:16:06,2018-02-21 02:16:15,2018-02-21 02:16:16,1,DDOS attack-HOIC
299,348,357,358,2018-02-21 02:16:07,2018-02-21 02:16:16,2018-02-21 02:16:17,1,DDOS attack-HOIC
300,349,358,359,2018-02-21 02:16:08,2018-02-21 02:16:17,2018-02-21 02:16:18,1,DDOS attack-HOIC
301,350,359,360,2018-02-21 02:16:09,2018-02-21 02:16:18,2018-02-21 02:16:19,1,DDOS attack-HOIC
302,351,360,361,2018-02-21 02:16:10,2018-02-21 02:16:19,2018-02-21 02:16:20,1,DDOS attack-HOIC
303,352,361,362,2018-02-21 02:16:11,2018-02-21 02:16:20,2018-02-21 02:16:21,1,DDOS attack-HOIC
304,353,362,363,2018-02-21 02:16:12,2018-02-21 02:16:21,2018-02-21 02:16:22,1,DDOS attack-HOIC
305,354,363,364,2018-02-21 02:16:13,2018-02-21 02:16:22,2018-02-21 02:16:23,1,DDOS attack-HOIC
306,355,364,365,2018-02-21 02:16:14,2018-02-21 02:16:23,2018-02-21 02:16:24,1,DDOS attack-HOIC
307,356,365,366,2018-02-21 02:16:15,2018-02-21 02:16:24,2018-02-21 02:16:25,1,DDOS attack-HOIC
308,357,366,367,2018-02-21 02:16:16,2018-02-21 02:16:25,2018-02-21 02:16:26,1,DDOS attack-HOIC
309,358,367,368,2018-02-21 02:16:17,2018-02-21 02:16:26,2018-02-21 02:16:27,1,DDOS attack-HOIC
310,359,368,369,2018-02-21 02:16:18,2018-02-21 02:16:27,2018-02-21 02:16:28,1,DDOS attack-HOIC
311,360,369,370,2018-02-21 02:16:19,2018-02-21 02:16:28,2018-02-21 02:16:29,1,DDOS attack-HOIC
312,361,370,371,2018-02-21 02:16:20,2018-02-21 02:16:29,2018-02-21 02:16:30,1,DDOS attack-HOIC
313,362,371,372,2018-02-21 02:16:21,2018-02-21 02:16:30,2018-02-21 02:16:31,1,DDOS attack-HOIC
314,363,372,373,2018-02-21 02:16:22,2018-02-21 02:16:31,2018-02-21 02:16:32,1,DDOS attack-HOIC
315,364,373,374,2018-02-21 02:16:23,2018-02-21 02:16:32,2018-02-21 02:16:33,1,DDOS attack-HOIC
316,365,374,375,2018-02-21 02:16:24,2018-02-21 02:16:33,2018-02-21 02:16:34,1,DDOS attack-HOIC
317,366,375,376,2018-02-21 02:16:25,2018-02-21 02:16:34,2018-02-21 02:16:35,1,DDOS attack-HOIC
318,367,376,377,2018-02-21 02:16:26,2018-02-21 02:16:35,2018-02-21 02:16:36,1,DDOS attack-HOIC
319,368,377,378,2018-02-21 02:16:27,2018-02-21 02:16:36,2018-02-21 02:16:37,1,DDOS attack-HOIC
320,369,378,379,2018-02-21 02:16:28,2018-02-21 02:16:37,2018-02-21 02:16:38,1,DDOS attack-HOIC
321,370,379,380,2018-02-21 02:16:29,2018-02-21 02:16:38,2018-02-21 02:16:39,1,DDOS attack-HOIC
322,371,380,381,2018-02-21 02:16:30,2018-02-21 02:16:39,2018-02-21 02:16:40,1,DDOS attack-HOIC
323,372,381,382,2018-02-21 02:16:31,2018-02-21 02:16:40,2018-02-21 02:16:41,1,DDOS attack-HOIC
324,373,382,383,2018-02-21 02:16:32,2018-02-21 02:16:41,2018-02-21 02:16:42,1,DDOS attack-HOIC
325,374,383,384,2018-02-21 02:16:33,2018-02-21 02:16:42,2018-02-21 02:16:43,1,DDOS attack-HOIC
326,375,384,385,2018-02-21 02:16:34,2018-02-21 02:16:43,2018-02-21 02:16:44,1,DDOS attack-HOIC
327,376,385,386,2018-02-21 02:16:35,2018-02-21 02:16:44,2018-02-21 02:16:45,1,DDOS attack-HOIC
328,377,386,387,2018-02-21 02:16:36,2018-02-21 02:16:45,2018-02-21 02:16:46,1,DDOS attack-HOIC
329,378,387,388,2018-02-21 02:16:37,2018-02-21 02:16:46,2018-02-21 02:16:47,1,DDOS attack-HOIC
330,379,388,389,2018-02-21 02:16:38,2018-02-21 02:16:47,2018-02-21 02:16:48,1,DDOS attack-HOIC
331,380,389,390,2018-02-21 02:16:39,2018-02-21 02:16:48,2018-02-21 02:16:49,1,DDOS attack-HOIC
332,381,390,391,2018-02-21 02:16:40,2018-02-21 02:16:49,2018-02-21 02:16:50,1,DDOS attack-HOIC
333,382,391,392,2018-02-21 02:16:41,2018-02-21 02:16:50,2018-02-21 02:16:51,1,DDOS attack-HOIC
334,383,392,393,2018-02-21 02:16:42,2018-02-21 02:16:51,2018-02-21 02:16:52,1,DDOS attack-HOIC
335,384,393,394,2018-02-21 02:16:43,2018-02-21 02:16:52,2018-02-21 02:16:53,1,DDOS attack-HOIC
336,385,394,395,2018-02-21 02:16:44,2018-02-21 02:16:53,2018-02-21 02:16:54,1,DDOS attack-HOIC
337,386,395,396,2018-02-21 02:16:45,2018-02-21 02:16:54,2018-02-21 02:16:55,1,DDOS attack-HOIC
338,387,396,397,2018-02-21 02:16:46,2018-02-21 02:16:55,2018-02-21 02:16:56,1,DDOS attack-HOIC
339,388,397,398,2018-02-21 02:16:47,2018-02-21 02:16:56,2018-02-21 02:16:57,1,DDOS attack-HOIC
340,389,398,399,2018-02-21 02:16:48,2018-02-21 02:16:57,2018-02-21 02:16:58,1,DDOS attack-HOIC
341,390,399,400,2018-02-21 02:16:49,2018-02-21 02:16:58,2018-02-21 02:16:59,1,DDOS attack-HOIC
342,391,400,401,2018-02-21 02:16:50,2018-02-21 02:16:59,2018-02-21 02:17:00,1,DDOS attack-HOIC
343,392,401,402,2018-02-21 02:16:51,2018-02-21 02:17:00,2018-02-21 02:17:01,1,DDOS attack-HOIC
344,393,402,403,2018-02-21 02:16:52,2018-02-21 02:17:01,2018-02-21 02:17:02,1,DDOS attack-HOIC
345,394,403,404,2018-02-21 02:16:53,2018-02-21 02:17:02,2018-02-21 02:17:03,1,DDOS attack-HOIC
346,395,404,405,2018-02-21 02:16:54,2018-02-21 02:17:03,2018-02-21 02:17:04,1,DDOS attack-HOIC
347,396,405,406,2018-02-21 02:16:55,2018-02-21 02:17:04,2018-02-21 02:17:05,1,DDOS attack-HOIC
348,397,406,407,2018-02-21 02:16:56,2018-02-21 02:17:05,2018-02-21 02:17:06,1,DDOS attack-HOIC
349,398,407,408,2018-02-21 02:16:57,2018-02-21 02:17:06,2018-02-21 02:17:07,1,DDOS attack-HOIC
350,399,408,409,2018-02-21 02:16:58,2018-02-21 02:17:07,2018-02-21 02:17:08,1,DDOS attack-HOIC
351,400,409,410,2018-02-21 02:16:59,2018-02-21 02:17:08,2018-02-21 02:17:09,1,DDOS attack-HOIC
352,401,410,411,2018-02-21 02:17:00,2018-02-21 02:17:09,2018-02-21 02:17:10,1,DDOS attack-HOIC
353,402,411,412,2018-02-21 02:17:01,2018-02-21 02:17:10,2018-02-21 02:17:11,1,DDOS attack-HOIC
354,403,412,413,2018-02-21 02:17:02,2018-02-21 02:17:11,2018-02-21 02:17:12,1,DDOS attack-HOIC
355,404,413,414,2018-02-21 02:17:03,2018-02-21 02:17:12,2018-02-21 02:17:13,1,DDOS attack-HOIC
356,405,414,415,2018-02-21 02:17:04,2018-02-21 02:17:13,2018-02-21 02:17:14,1,DDOS attack-HOIC
357,406,415,416,2018-02-21 02:17:05,2018-02-21 02:17:14,2018-02-21 02:17:15,1,DDOS attack-HOIC
358,407,416,417,2018-02-21 02:17:06,2018-02-21 02:17:15,2018-02-21 02:17:16,1,DDOS attack-HOIC
359,408,417,418,2018-02-21 02:17:07,2018-02-21 02:17:16,2018-02-21 02:17:17,1,DDOS attack-HOIC
360,409,418,419,2018-02-21 02:17:08,2018-02-21 02:17:17,2018-02-21 02:17:18,1,DDOS attack-HOIC
361,410,419,420,2018-02-21 02:17:09,2018-02-21 02:17:18,2018-02-21 02:17:19,1,DDOS attack-HOIC
362,411,420,421,2018-02-21 02:17:10,2018-02-21 02:17:19,2018-02-21 02:17:20,1,DDOS attack-HOIC
363,412,421,422,2018-02-21 02:17:11,2018-02-21 02:17:20,2018-02-21 02:17:21,1,DDOS attack-HOIC
364,413,422,423,2018-02-21 02:17:12,2018-02-21 02:17:21,2018-02-21 02:17:22,1,DDOS attack-HOIC
365,414,423,424,2018-02-21 02:17:13,2018-02-21 02:17:22,2018-02-21 02:17:23,1,DDOS attack-HOIC
366,415,424,425,2018-02-21 02:17:14,2018-02-21 02:17:23,2018-02-21 02:17:24,1,DDOS attack-HOIC
367,416,425,426,2018-02-21 02:17:15,2018-02-21 02:17:24,2018-02-21 02:17:25,1,DDOS attack-HOIC
368,417,426,427,2018-02-21 02:17:16,2018-02-21 02:17:25,2018-02-21 02:17:26,1,DDOS attack-HOIC
369,418,427,428,2018-02-21 02:17:17,2018-02-21 02:17:26,2018-02-21 02:17:27,1,DDOS attack-HOIC
370,419,428,429,2018-02-21 02:17:18,2018-02-21 02:17:27,2018-02-21 02:17:28,1,DDOS attack-HOIC
371,420,429,430,2018-02-21 02:17:19,2018-02-21 02:17:28,2018-02-21 02:17:29,1,DDOS attack-HOIC
372,421,430,431,2018-02-21 02:17:20,2018-02-21 02:17:29,2018-02-21 02:17:30,1,DDOS attack-HOIC
373,422,431,432,2018-02-21 02:17:21,2018-02-21 02:17:30,2018-02-21 02:17:31,1,DDOS attack-HOIC
374,423,432,433,2018-02-21 02:17:22,2018-02-21 02:17:31,2018-02-21 02:17:32,1,DDOS attack-HOIC
375,424,433,434,2018-02-21 02:17:23,2018-02-21 02:17:32,2018-02-21 02:17:33,1,DDOS attack-HOIC
376,425,434,435,2018-02-21 02:17:24,2018-02-21 02:17:33,2018-02-21 02:17:34,1,DDOS attack-HOIC
377,426,435,436,2018-02-21 02:17:25,2018-02-21 02:17:34,2018-02-21 02:17:35,1,DDOS attack-HOIC
378,427,436,437,2018-02-21 02:17:26,2018-02-21 02:17:35,2018-02-21 02:17:36,1,DDOS attack-HOIC
379,428,437,438,2018-02-21 02:17:27,2018-02-21 02:17:36,2018-02-21 02:17:37,1,DDOS attack-HOIC
380,429,438,439,2018-02-21 02:17:28,2018-02-21 02:17:37,2018-02-21 02:17:38,1,DDOS attack-HOIC
381,430,439,440,2018-02-21 02:17:29,2018-02-21 02:17:38,2018-02-21 02:17:39,1,DDOS attack-HOIC
382,431,440,441,2018-02-21 02:17:30,2018-02-21 02:17:39,2018-02-21 02:17:40,1,DDOS attack-HOIC
383,432,441,442,2018-02-21 02:17:31,2018-02-21 02:17:40,2018-02-21 02:17:41,1,DDOS attack-HOIC
384,433,442,443,2018-02-21 02:17:32,2018-02-21 02:17:41,2018-02-21 02:17:42,1,DDOS attack-HOIC
385,434,443,444,2018-02-21 02:17:33,2018-02-21 02:17:42,2018-02-21 02:17:43,1,DDOS attack-HOIC
386,435,444,445,2018-02-21 02:17:34,2018-02-21 02:17:43,2018-02-21 02:17:44,1,DDOS attack-HOIC
387,436,445,446,2018-02-21 02:17:35,2018-02-21 02:17:44,2018-02-21 02:17:45,1,DDOS attack-HOIC
388,437,446,447,2018-02-21 02:17:36,2018-02-21 02:17:45,2018-02-21 02:17:46,1,DDOS attack-HOIC
389,438,447,448,2018-02-21 02:17:37,2018-02-21 02:17:46,2018-02-21 02:17:47,1,DDOS attack-HOIC
390,439,448,449,2018-02-21 02:17:38,2018-02-21 02:17:47,2018-02-21 02:17:48,1,DDOS attack-HOIC
391,440,449,450,2018-02-21 02:17:39,2018-02-21 02:17:48,2018-02-21 02:17:49,1,DDOS attack-HOIC
392,441,450,451,2018-02-21 02:17:40,2018-02-21 02:17:49,2018-02-21 02:17:50,1,DDOS attack-HOIC
393,442,451,452,2018-02-21 02:17:41,2018-02-21 02:17:50,2018-02-21 02:17:51,1,DDOS attack-HOIC
394,443,452,453,2018-02-21 02:17:42,2018-02-21 02:17:51,2018-02-21 02:17:52,1,DDOS attack-HOIC
395,444,453,454,2018-02-21 02:17:43,2018-02-21 02:17:52,2018-02-21 02:17:53,1,DDOS attack-HOIC
396,445,454,455,2018-02-21 02:17:44,2018-02-21 02:17:53,2018-02-21 02:17:54,1,DDOS attack-HOIC
397,446,455,456,2018-02-21 02:17:45,2018-02-21 02:17:54,2018-02-21 02:17:55,1,DDOS attack-HOIC
398,447,456,457,2018-02-21 02:17:46,2018-02-21 02:17:55,2018-02-21 02:17:56,1,DDOS attack-HOIC
399,448,457,458,2018-02-21 02:17:47,2018-02-21 02:17:56,2018-02-21 02:17:57,1,DDOS attack-HOIC
400,449,458,459,2018-02-21 02:17:48,2018-02-21 02:17:57,2018-02-21 02:17:58,1,DDOS attack-HOIC
401,450,459,460,2018-02-21 02:17:49,2018-02-21 02:17:58,2018-02-21 02:17:59,1,DDOS attack-HOIC
402,451,460,461,2018-02-21 02:17:50,2018-02-21 02:17:59,2018-02-21 02:18:00,1,DDOS attack-HOIC
403,452,461,462,2018-02-21 02:17:51,2018-02-21 02:18:00,2018-02-21 02:18:01,1,DDOS attack-HOIC
404,453,462,463,2018-02-21 02:17:52,2018-02-21 02:18:01,2018-02-21 02:18:02,1,DDOS attack-HOIC
405,454,463,464,2018-02-21 02:17:53,2018-02-21 02:18:02,2018-02-21 02:18:03,1,DDOS attack-HOIC
406,455,464,465,2018-02-21 02:17:54,2018-02-21 02:18:03,2018-02-21 02:18:04,1,DDOS attack-HOIC
407,456,465,466,2018-02-21 02:17:55,2018-02-21 02:18:04,2018-02-21 02:18:05,1,DDOS attack-HOIC
408,457,466,467,2018-02-21 02:17:56,2018-02-21 02:18:05,2018-02-21 02:18:06,1,DDOS attack-HOIC
409,458,467,468,2018-02-21 02:17:57,2018-02-21 02:18:06,2018-02-21 02:18:07,1,DDOS attack-HOIC
410,459,468,469,2018-02-21 02:17:58,2018-02-21 02:18:07,2018-02-21 02:18:08,1,DDOS attack-HOIC
411,460,469,470,2018-02-21 02:17:59,2018-02-21 02:18:08,2018-02-21 02:18:09,1,DDOS attack-HOIC
412,461,470,471,2018-02-21 02:18:00,2018-02-21 02:18:09,2018-02-21 02:18:10,1,DDOS attack-HOIC
413,462,471,472,2018-02-21 02:18:01,2018-02-21 02:18:10,2018-02-21 02:18:11,1,DDOS attack-HOIC
414,463,472,473,2018-02-21 02:18:02,2018-02-21 02:18:11,2018-02-21 02:18:12,1,DDOS attack-HOIC
415,464,473,474,2018-02-21 02:18:03,2018-02-21 02:18:12,2018-02-21 02:18:13,1,DDOS attack-HOIC
416,465,474,475,2018-02-21 02:18:04,2018-02-21 02:18:13,2018-02-21 02:18:14,1,DDOS attack-HOIC
417,466,475,476,2018-02-21 02:18:05,2018-02-21 02:18:14,2018-02-21 02:18:15,1,DDOS attack-HOIC
418,467,476,477,2018-02-21 02:18:06,2018-02-21 02:18:15,2018-02-21 02:18:16,1,DDOS attack-HOIC
419,468,477,478,2018-02-21 02:18:07,2018-02-21 02:18:16,2018-02-21 02:18:17,1,DDOS attack-HOIC
420,469,478,479,2018-02-21 02:18:08,2018-02-21 02:18:17,2018-02-21 02:18:18,1,DDOS attack-HOIC
421,470,479,480,2018-02-21 02:18:09,2018-02-21 02:18:18,2018-02-21 02:18:19,1,DDOS attack-HOIC
422,471,480,481,2018-02-21 02:18:10,2018-02-21 02:18:19,2018-02-21 02:18:20,1,DDOS attack-HOIC
423,472,481,482,2018-02-21 02:18:11,2018-02-21 02:18:20,2018-02-21 02:18:21,1,DDOS attack-HOIC
424,473,482,483,2018-02-21 02:18:12,2018-02-21 02:18:21,2018-02-21 02:18:22,1,DDOS attack-HOIC
425,474,483,484,2018-02-21 02:18:13,2018-02-21 02:18:22,2018-02-21 02:18:23,1,DDOS attack-HOIC
426,475,484,485,2018-02-21 02:18:14,2018-02-21 02:18:23,2018-02-21 02:18:24,1,DDOS attack-HOIC
427,476,485,486,2018-02-21 02:18:15,2018-02-21 02:18:24,2018-02-21 02:18:25,1,DDOS attack-HOIC
428,477,486,487,2018-02-21 02:18:16,2018-02-21 02:18:25,2018-02-21 02:18:26,1,DDOS attack-HOIC
429,478,487,488,2018-02-21 02:18:17,2018-02-21 02:18:26,2018-02-21 02:18:27,1,DDOS attack-HOIC
430,479,488,489,2018-02-21 02:18:18,2018-02-21 02:18:27,2018-02-21 02:18:28,1,DDOS attack-HOIC
431,480,489,490,2018-02-21 02:18:19,2018-02-21 02:18:28,2018-02-21 02:18:29,1,DDOS attack-HOIC
432,481,490,491,2018-02-21 02:18:20,2018-02-21 02:18:29,2018-02-21 02:18:30,1,DDOS attack-HOIC
433,482,491,492,2018-02-21 02:18:21,2018-02-21 02:18:30,2018-02-21 02:18:31,1,DDOS attack-HOIC
434,483,492,493,2018-02-21 02:18:22,2018-02-21 02:18:31,2018-02-21 02:18:32,1,DDOS attack-HOIC
435,484,493,494,2018-02-21 02:18:23,2018-02-21 02:18:32,2018-02-21 02:18:33,1,DDOS attack-HOIC
436,485,494,495,2018-02-21 02:18:24,2018-02-21 02:18:33,2018-02-21 02:18:34,1,DDOS attack-HOIC
437,486,495,496,2018-02-21 02:18:25,2018-02-21 02:18:34,2018-02-21 02:18:35,1,DDOS attack-HOIC
438,487,496,497,2018-02-21 02:18:26,2018-02-21 02:18:35,2018-02-21 02:18:36,1,DDOS attack-HOIC
439,488,497,498,2018-02-21 02:18:27,2018-02-21 02:18:36,2018-02-21 02:18:37,1,DDOS attack-HOIC
440,489,498,499,2018-02-21 02:18:28,2018-02-21 02:18:37,2018-02-21 02:18:38,1,DDOS attack-HOIC
441,490,499,500,2018-02-21 02:18:29,2018-02-21 02:18:38,2018-02-21 02:18:39,1,DDOS attack-HOIC
442,491,500,501,2018-02-21 02:18:30,2018-02-21 02:18:39,2018-02-21 02:18:40,1,DDOS attack-HOIC
443,492,501,502,2018-02-21 02:18:31,2018-02-21 02:18:40,2018-02-21 02:18:41,1,DDOS attack-HOIC
444,493,502,503,2018-02-21 02:18:32,2018-02-21 02:18:41,2018-02-21 02:18:42,1,DDOS attack-HOIC
445,494,503,504,2018-02-21 02:18:33,2018-02-21 02:18:42,2018-02-21 02:18:43,1,DDOS attack-HOIC
446,495,504,505,2018-02-21 02:18:34,2018-02-21 02:18:43,2018-02-21 02:18:44,1,DDOS attack-HOIC
447,496,505,506,2018-02-21 02:18:35,2018-02-21 02:18:44,2018-02-21 02:18:45,1,DDOS attack-HOIC
448,497,506,507,2018-02-21 02:18:36,2018-02-21 02:18:45,2018-02-21 02:18:46,1,DDOS attack-HOIC
449,498,507,508,2018-02-21 02:18:37,2018-02-21 02:18:46,2018-02-21 02:18:47,1,DDOS attack-HOIC
450,499,508,509,2018-02-21 02:18:38,2018-02-21 02:18:47,2018-02-21 02:18:48,1,DDOS attack-HOIC
451,500,509,510,2018-02-21 02:18:39,2018-02-21 02:18:48,2018-02-21 02:18:49,1,DDOS attack-HOIC
452,501,510,511,2018-02-21 02:18:40,2018-02-21 02:18:49,2018-02-21 02:18:50,1,DDOS attack-HOIC
453,502,511,512,2018-02-21 02:18:41,2018-02-21 02:18:50,2018-02-21 02:18:51,1,DDOS attack-HOIC
454,503,512,513,2018-02-21 02:18:42,2018-02-21 02:18:51,2018-02-21 02:18:52,1,DDOS attack-HOIC
455,504,513,514,2018-02-21 02:18:43,2018-02-21 02:18:52,2018-02-21 02:18:53,1,DDOS attack-HOIC
456,505,514,515,2018-02-21 02:18:44,2018-02-21 02:18:53,2018-02-21 02:18:54,1,DDOS attack-HOIC
457,506,515,516,2018-02-21 02:18:45,2018-02-21 02:18:54,2018-02-21 02:18:55,1,DDOS attack-HOIC
458,507,516,517,2018-02-21 02:18:46,2018-02-21 02:18:55,2018-02-21 02:18:56,1,DDOS attack-HOIC
459,508,517,518,2018-02-21 02:18:47,2018-02-21 02:18:56,2018-02-21 02:18:57,1,DDOS attack-HOIC
460,509,518,519,2018-02-21 02:18:48,2018-02-21 02:18:57,2018-02-21 02:18:58,1,DDOS attack-HOIC
461,510,519,520,2018-02-21 02:18:49,2018-02-21 02:18:58,2018-02-21 02:18:59,1,DDOS attack-HOIC
462,511,520,521,2018-02-21 02:18:50,2018-02-21 02:18:59,2018-02-21 02:19:00,1,DDOS attack-HOIC
463,512,521,522,2018-02-21 02:18:51,2018-02-21 02:19:00,2018-02-21 02:19:01,1,DDOS attack-HOIC
464,513,522,523,2018-02-21 02:18:52,2018-02-21 02:19:01,2018-02-21 02:19:02,1,DDOS attack-HOIC
465,514,523,524,2018-02-21 02:18:53,2018-02-21 02:19:02,2018-02-21 02:19:03,1,DDOS attack-HOIC
466,515,524,525,2018-02-21 02:18:54,2018-02-21 02:19:03,2018-02-21 02:19:04,1,DDOS attack-HOIC
467,516,525,526,2018-02-21 02:18:55,2018-02-21 02:19:04,2018-02-21 02:19:05,1,DDOS attack-HOIC
468,517,526,527,2018-02-21 02:18:56,2018-02-21 02:19:05,2018-02-21 02:19:06,1,DDOS attack-HOIC
469,518,527,528,2018-02-21 02:18:57,2018-02-21 02:19:06,2018-02-21 02:19:07,1,DDOS attack-HOIC
470,519,528,529,2018-02-21 02:18:58,2018-02-21 02:19:07,2018-02-21 02:19:08,1,DDOS attack-HOIC
471,520,529,530,2018-02-21 02:18:59,2018-02-21 02:19:08,2018-02-21 02:19:09,1,DDOS attack-HOIC
472,521,530,531,2018-02-21 02:19:00,2018-02-21 02:19:09,2018-02-21 02:19:10,1,DDOS attack-HOIC
473,522,531,532,2018-02-21 02:19:01,2018-02-21 02:19:10,2018-02-21 02:19:11,1,DDOS attack-HOIC
474,523,532,533,2018-02-21 02:19:02,2018-02-21 02:19:11,2018-02-21 02:19:12,1,DDOS attack-HOIC
475,524,533,534,2018-02-21 02:19:03,2018-02-21 02:19:12,2018-02-21 02:19:13,1,DDOS attack-HOIC
476,525,534,535,2018-02-21 02:19:04,2018-02-21 02:19:13,2018-02-21 02:19:14,1,DDOS attack-HOIC
477,526,535,536,2018-02-21 02:19:05,2018-02-21 02:19:14,2018-02-21 02:19:15,1,DDOS attack-HOIC
478,527,536,537,2018-02-21 02:19:06,2018-02-21 02:19:15,2018-02-21 02:19:16,1,DDOS attack-HOIC
479,528,537,538,2018-02-21 02:19:07,2018-02-21 02:19:16,2018-02-21 02:19:17,1,DDOS attack-HOIC
480,529,538,539,2018-02-21 02:19:08,2018-02-21 02:19:17,2018-02-21 02:19:18,1,DDOS attack-HOIC
481,530,539,540,2018-02-21 02:19:09,2018-02-21 02:19:18,2018-02-21 02:19:19,1,DDOS attack-HOIC
482,531,540,541,2018-02-21 02:19:10,2018-02-21 02:19:19,2018-02-21 02:19:20,1,DDOS attack-HOIC
483,532,541,542,2018-02-21 02:19:11,2018-02-21 02:19:20,2018-02-21 02:19:21,1,DDOS attack-HOIC
484,533,542,543,2018-02-21 02:19:12,2018-02-21 02:19:21,2018-02-21 02:19:22,1,DDOS attack-HOIC
485,534,543,544,2018-02-21 02:19:13,2018-02-21 02:19:22,2018-02-21 02:19:23,1,DDOS attack-HOIC
486,535,544,545,2018-02-21 02:19:14,2018-02-21 02:19:23,2018-02-21 02:19:24,1,DDOS attack-HOIC
487,536,545,546,2018-02-21 02:19:15,2018-02-21 02:19:24,2018-02-21 02:19:25,1,DDOS attack-HOIC
488,537,546,547,2018-02-21 02:19:16,2018-02-21 02:19:25,2018-02-21 02:19:26,1,DDOS attack-HOIC
489,538,547,548,2018-02-21 02:19:17,2018-02-21 02:19:26,2018-02-21 02:19:27,1,DDOS attack-HOIC
490,539,548,549,2018-02-21 02:19:18,2018-02-21 02:19:27,2018-02-21 02:19:28,1,DDOS attack-HOIC
491,540,549,550,2018-02-21 02:19:19,2018-02-21 02:19:28,2018-02-21 02:19:29,1,DDOS attack-HOIC
492,541,550,551,2018-02-21 02:19:20,2018-02-21 02:19:29,2018-02-21 02:19:30,1,DDOS attack-HOIC
493,542,551,552,2018-02-21 02:19:21,2018-02-21 02:19:30,2018-02-21 02:19:31,1,DDOS attack-HOIC
494,543,552,553,2018-02-21 02:19:22,2018-02-21 02:19:31,2018-02-21 02:19:32,1,DDOS attack-HOIC
495,544,553,554,2018-02-21 02:19:23,2018-02-21 02:19:32,2018-02-21 02:19:33,1,DDOS attack-HOIC
496,545,554,555,2018-02-21 02:19:24,2018-02-21 02:19:33,2018-02-21 02:19:34,1,DDOS attack-HOIC
497,546,555,556,2018-02-21 02:19:25,2018-02-21 02:19:34,2018-02-21 02:19:35,1,DDOS attack-HOIC
498,547,556,557,2018-02-21 02:19:26,2018-02-21 02:19:35,2018-02-21 02:19:36,1,DDOS attack-HOIC
499,548,557,558,2018-02-21 02:19:27,2018-02-21 02:19:36,2018-02-21 02:19:37,1,DDOS attack-HOIC
500,549,558,559,2018-02-21 02:19:28,2018-02-21 02:19:37,2018-02-21 02:19:38,1,DDOS attack-HOIC
501,550,559,560,2018-02-21 02:19:29,2018-02-21 02:19:38,2018-02-21 02:19:39,1,DDOS attack-HOIC
502,551,560,561,2018-02-21 02:19:30,2018-02-21 02:19:39,2018-02-21 02:19:40,1,DDOS attack-HOIC
503,552,561,562,2018-02-21 02:19:31,2018-02-21 02:19:40,2018-02-21 02:19:41,1,DDOS attack-HOIC
504,553,562,563,2018-02-21 02:19:32,2018-02-21 02:19:41,2018-02-21 02:19:42,1,DDOS attack-HOIC
505,554,563,564,2018-02-21 02:19:33,2018-02-21 02:19:42,2018-02-21 02:19:43,1,DDOS attack-HOIC
506,555,564,565,2018-02-21 02:19:34,2018-02-21 02:19:43,2018-02-21 02:19:44,1,DDOS attack-HOIC
507,556,565,566,2018-02-21 02:19:35,2018-02-21 02:19:44,2018-02-21 02:19:45,1,DDOS attack-HOIC
508,557,566,567,2018-02-21 02:19:36,2018-02-21 02:19:45,2018-02-21 02:19:46,1,DDOS attack-HOIC
509,558,567,568,2018-02-21 02:19:37,2018-02-21 02:19:46,2018-02-21 02:19:47,1,DDOS attack-HOIC
510,559,568,569,2018-02-21 02:19:38,2018-02-21 02:19:47,2018-02-21 02:19:48,1,DDOS attack-HOIC
511,560,569,570,2018-02-21 02:19:39,2018-02-21 02:19:48,2018-02-21 02:19:49,1,DDOS attack-HOIC
512,561,570,571,2018-02-21 02:19:40,2018-02-21 02:19:49,2018-02-21 02:19:50,1,DDOS attack-HOIC
513,562,571,572,2018-02-21 02:19:41,2018-02-21 02:19:50,2018-02-21 02:19:51,1,DDOS attack-HOIC
514,563,572,573,2018-02-21 02:19:42,2018-02-21 02:19:51,2018-02-21 02:19:52,1,DDOS attack-HOIC
515,564,573,574,2018-02-21 02:19:43,2018-02-21 02:19:52,2018-02-21 02:19:53,1,DDOS attack-HOIC
516,565,574,575,2018-02-21 02:19:44,2018-02-21 02:19:53,2018-02-21 02:19:54,1,DDOS attack-HOIC
517,566,575,576,2018-02-21 02:19:45,2018-02-21 02:19:54,2018-02-21 02:19:55,1,DDOS attack-HOIC
518,567,576,577,2018-02-21 02:19:46,2018-02-21 02:19:55,2018-02-21 02:19:56,1,DDOS attack-HOIC
519,568,577,578,2018-02-21 02:19:47,2018-02-21 02:19:56,2018-02-21 02:19:57,1,DDOS attack-HOIC
520,569,578,579,2018-02-21 02:19:48,2018-02-21 02:19:57,2018-02-21 02:19:58,1,DDOS attack-HOIC
521,570,579,580,2018-02-21 02:19:49,2018-02-21 02:19:58,2018-02-21 02:19:59,1,DDOS attack-HOIC
522,571,580,581,2018-02-21 02:19:50,2018-02-21 02:19:59,2018-02-21 02:20:00,1,DDOS attack-HOIC
523,572,581,582,2018-02-21 02:19:51,2018-02-21 02:20:00,2018-02-21 02:20:01,1,DDOS attack-HOIC
524,573,582,583,2018-02-21 02:19:52,2018-02-21 02:20:01,2018-02-21 02:20:02,1,DDOS attack-HOIC
525,574,583,584,2018-02-21 02:19:53,2018-02-21 02:20:02,2018-02-21 02:20:03,1,DDOS attack-HOIC
526,575,584,585,2018-02-21 02:19:54,2018-02-21 02:20:03,2018-02-21 02:20:04,1,DDOS attack-HOIC
527,576,585,586,2018-02-21 02:19:55,2018-02-21 02:20:04,2018-02-21 02:20:05,1,DDOS attack-HOIC
528,577,586,587,2018-02-21 02:19:56,2018-02-21 02:20:05,2018-02-21 02:20:06,1,DDOS attack-HOIC
529,578,587,588,2018-02-21 02:19:57,2018-02-21 02:20:06,2018-02-21 02:20:07,1,DDOS attack-HOIC
530,579,588,589,2018-02-21 02:19:58,2018-02-21 02:20:07,2018-02-21 02:20:08,1,DDOS attack-HOIC
531,580,589,590,2018-02-21 02:19:59,2018-02-21 02:20:08,2018-02-21 02:20:09,1,DDOS attack-HOIC
532,581,590,591,2018-02-21 02:20:00,2018-02-21 02:20:09,2018-02-21 02:20:10,1,DDOS attack-HOIC
533,582,591,592,2018-02-21 02:20:01,2018-02-21 02:20:10,2018-02-21 02:20:11,1,DDOS attack-HOIC
534,583,592,593,2018-02-21 02:20:02,2018-02-21 02:20:11,2018-02-21 02:20:12,1,DDOS attack-HOIC
535,584,593,594,2018-02-21 02:20:03,2018-02-21 02:20:12,2018-02-21 02:20:13,1,DDOS attack-HOIC
536,585,594,595,2018-02-21 02:20:04,2018-02-21 02:20:13,2018-02-21 02:20:14,1,DDOS attack-HOIC
537,586,595,596,2018-02-21 02:20:05,2018-02-21 02:20:14,2018-02-21 02:20:15,1,DDOS attack-HOIC
538,587,596,597,2018-02-21 02:20:06,2018-02-21 02:20:15,2018-02-21 02:20:16,1,DDOS attack-HOIC
539,588,597,598,2018-02-21 02:20:07,2018-02-21 02:20:16,2018-02-21 02:20:17,1,DDOS attack-HOIC
540,589,598,599,2018-02-21 02:20:08,2018-02-21 02:20:17,2018-02-21 02:20:18,1,DDOS attack-HOIC
541,590,599,600,2018-02-21 02:20:09,2018-02-21 02:20:18,2018-02-21 02:20:19,1,DDOS attack-HOIC
542,591,600,601,2018-02-21 02:20:10,2018-02-21 02:20:19,2018-02-21 02:20:20,1,DDOS attack-HOIC
543,592,601,602,2018-02-21 02:20:11,2018-02-21 02:20:20,2018-02-21 02:20:21,1,DDOS attack-HOIC
544,593,602,603,2018-02-21 02:20:12,2018-02-21 02:20:21,2018-02-21 02:20:22,1,DDOS attack-HOIC
545,594,603,604,2018-02-21 02:20:13,2018-02-21 02:20:22,2018-02-21 02:20:23,1,DDOS attack-HOIC
546,595,604,605,2018-02-21 02:20:14,2018-02-21 02:20:23,2018-02-21 02:20:24,1,DDOS attack-HOIC
547,596,605,606,2018-02-21 02:20:15,2018-02-21 02:20:24,2018-02-21 02:20:25,1,DDOS attack-HOIC
548,597,606,607,2018-02-21 02:20:16,2018-02-21 02:20:25,2018-02-21 02:20:26,1,DDOS attack-HOIC
549,598,607,608,2018-02-21 02:20:17,2018-02-21 02:20:26,2018-02-21 02:20:27,1,DDOS attack-HOIC
550,599,608,609,2018-02-21 02:20:18,2018-02-21 02:20:27,2018-02-21 02:20:28,1,DDOS attack-HOIC
551,600,609,610,2018-02-21 02:20:19,2018-02-21 02:20:28,2018-02-21 02:20:29,1,DDOS attack-HOIC
552,601,610,611,2018-02-21 02:20:20,2018-02-21 02:20:29,2018-02-21 02:20:30,1,DDOS attack-HOIC
553,602,611,612,2018-02-21 02:20:21,2018-02-21 02:20:30,2018-02-21 02:20:31,1,DDOS attack-HOIC
554,603,612,613,2018-02-21 02:20:22,2018-02-21 02:20:31,2018-02-21 02:20:32,1,DDOS attack-HOIC
555,604,613,614,2018-02-21 02:20:23,2018-02-21 02:20:32,2018-02-21 02:20:33,1,DDOS attack-HOIC
556,605,614,615,2018-02-21 02:20:24,2018-02-21 02:20:33,2018-02-21 02:20:34,1,DDOS attack-HOIC
557,606,615,616,2018-02-21 02:20:25,2018-02-21 02:20:34,2018-02-21 02:20:35,1,DDOS attack-HOIC
558,607,616,617,2018-02-21 02:20:26,2018-02-21 02:20:35,2018-02-21 02:20:36,1,DDOS attack-HOIC
559,608,617,618,2018-02-21 02:20:27,2018-02-21 02:20:36,2018-02-21 02:20:37,1,DDOS attack-HOIC
560,609,618,619,2018-02-21 02:20:28,2018-02-21 02:20:37,2018-02-21 02:20:38,1,DDOS attack-HOIC
561,610,619,620,2018-02-21 02:20:29,2018-02-21 02:20:38,2018-02-21 02:20:39,1,DDOS attack-HOIC
562,611,620,621,2018-02-21 02:20:30,2018-02-21 02:20:39,2018-02-21 02:20:40,1,DDOS attack-HOIC
563,612,621,622,2018-02-21 02:20:31,2018-02-21 02:20:40,2018-02-21 02:20:41,1,DDOS attack-HOIC
564,613,622,623,2018-02-21 02:20:32,2018-02-21 02:20:41,2018-02-21 02:20:42,1,DDOS attack-HOIC
565,614,623,624,2018-02-21 02:20:33,2018-02-21 02:20:42,2018-02-21 02:20:43,1,DDOS attack-HOIC
566,615,624,625,2018-02-21 02:20:34,2018-02-21 02:20:43,2018-02-21 02:20:44,1,DDOS attack-HOIC
567,616,625,626,2018-02-21 02:20:35,2018-02-21 02:20:44,2018-02-21 02:20:45,1,DDOS attack-HOIC
568,617,626,627,2018-02-21 02:20:36,2018-02-21 02:20:45,2018-02-21 02:20:46,1,DDOS attack-HOIC
569,618,627,628,2018-02-21 02:20:37,2018-02-21 02:20:46,2018-02-21 02:20:47,1,DDOS attack-HOIC
570,619,628,629,2018-02-21 02:20:38,2018-02-21 02:20:47,2018-02-21 02:20:48,1,DDOS attack-HOIC
571,620,629,630,2018-02-21 02:20:39,2018-02-21 02:20:48,2018-02-21 02:20:49,1,DDOS attack-HOIC
572,621,630,631,2018-02-21 02:20:40,2018-02-21 02:20:49,2018-02-21 02:20:50,1,DDOS attack-HOIC
573,622,631,632,2018-02-21 02:20:41,2018-02-21 02:20:50,2018-02-21 02:20:51,1,DDOS attack-HOIC
574,623,632,633,2018-02-21 02:20:42,2018-02-21 02:20:51,2018-02-21 02:20:52,1,DDOS attack-HOIC
575,624,633,634,2018-02-21 02:20:43,2018-02-21 02:20:52,2018-02-21 02:20:53,1,DDOS attack-HOIC
576,625,634,635,2018-02-21 02:20:44,2018-02-21 02:20:53,2018-02-21 02:20:54,1,DDOS attack-HOIC
577,626,635,636,2018-02-21 02:20:45,2018-02-21 02:20:54,2018-02-21 02:20:55,1,DDOS attack-HOIC
578,627,636,637,2018-02-21 02:20:46,2018-02-21 02:20:55,2018-02-21 02:20:56,1,DDOS attack-HOIC
579,628,637,638,2018-02-21 02:20:47,2018-02-21 02:20:56,2018-02-21 02:20:57,1,DDOS attack-HOIC
580,629,638,639,2018-02-21 02:20:48,2018-02-21 02:20:57,2018-02-21 02:20:58,1,DDOS attack-HOIC
581,630,639,640,2018-02-21 02:20:49,2018-02-21 02:20:58,2018-02-21 02:20:59,1,DDOS attack-HOIC
582,631,640,641,2018-02-21 02:20:50,2018-02-21 02:20:59,2018-02-21 02:21:00,1,DDOS attack-HOIC
583,632,641,642,2018-02-21 02:20:51,2018-02-21 02:21:00,2018-02-21 02:21:01,1,DDOS attack-HOIC
584,633,642,643,2018-02-21 02:20:52,2018-02-21 02:21:01,2018-02-21 02:21:02,1,DDOS attack-HOIC
585,634,643,644,2018-02-21 02:20:53,2018-02-21 02:21:02,2018-02-21 02:21:03,1,DDOS attack-HOIC
586,635,644,645,2018-02-21 02:20:54,2018-02-21 02:21:03,2018-02-21 02:21:04,1,DDOS attack-HOIC
587,636,645,646,2018-02-21 02:20:55,2018-02-21 02:21:04,2018-02-21 02:21:05,1,DDOS attack-HOIC
588,637,646,647,2018-02-21 02:20:56,2018-02-21 02:21:05,2018-02-21 02:21:06,1,DDOS attack-HOIC
589,638,647,648,2018-02-21 02:20:57,2018-02-21 02:21:06,2018-02-21 02:21:07,1,DDOS attack-HOIC
590,639,648,649,2018-02-21 02:20:58,2018-02-21 02:21:07,2018-02-21 02:21:08,1,DDOS attack-HOIC
591,640,649,650,2018-02-21 02:20:59,2018-02-21 02:21:08,2018-02-21 02:21:09,1,DDOS attack-HOIC
592,641,650,651,2018-02-21 02:21:00,2018-02-21 02:21:09,2018-02-21 02:21:10,1,DDOS attack-HOIC
593,642,651,652,2018-02-21 02:21:01,2018-02-21 02:21:10,2018-02-21 02:21:11,1,DDOS attack-HOIC
594,643,652,653,2018-02-21 02:21:02,2018-02-21 02:21:11,2018-02-21 02:21:12,1,DDOS attack-HOIC
595,644,653,654,2018-02-21 02:21:03,2018-02-21 02:21:12,2018-02-21 02:21:13,1,DDOS attack-HOIC
596,645,654,655,2018-02-21 02:21:04,2018-02-21 02:21:13,2018-02-21 02:21:14,1,DDOS attack-HOIC
597,646,655,656,2018-02-21 02:21:05,2018-02-21 02:21:14,2018-02-21 02:21:15,1,DDOS attack-HOIC
598,647,656,657,2018-02-21 02:21:06,2018-02-21 02:21:15,2018-02-21 02:21:16,1,DDOS attack-HOIC
599,648,657,658,2018-02-21 02:21:07,2018-02-21 02:21:16,2018-02-21 02:21:17,1,DDOS attack-HOIC
600,649,658,659,2018-02-21 02:21:08,2018-02-21 02:21:17,2018-02-21 02:21:18,1,DDOS attack-HOIC
601,650,659,660,2018-02-21 02:21:09,2018-02-21 02:21:18,2018-02-21 02:21:19,1,DDOS attack-HOIC
602,651,660,661,2018-02-21 02:21:10,2018-02-21 02:21:19,2018-02-21 02:21:20,1,DDOS attack-HOIC
603,652,661,662,2018-02-21 02:21:11,2018-02-21 02:21:20,2018-02-21 02:21:21,1,DDOS attack-HOIC
604,653,662,663,2018-02-21 02:21:12,2018-02-21 02:21:21,2018-02-21 02:21:22,1,DDOS attack-HOIC
605,654,663,664,2018-02-21 02:21:13,2018-02-21 02:21:22,2018-02-21 02:21:23,1,DDOS attack-HOIC
606,655,664,665,2018-02-21 02:21:14,2018-02-21 02:21:23,2018-02-21 02:21:24,1,DDOS attack-HOIC
607,656,665,666,2018-02-21 02:21:15,2018-02-21 02:21:24,2018-02-21 02:21:25,1,DDOS attack-HOIC
608,657,666,667,2018-02-21 02:21:16,2018-02-21 02:21:25,2018-02-21 02:21:26,1,DDOS attack-HOIC
609,658,667,668,2018-02-21 02:21:17,2018-02-21 02:21:26,2018-02-21 02:21:27,1,DDOS attack-HOIC
610,659,668,669,2018-02-21 02:21:18,2018-02-21 02:21:27,2018-02-21 02:21:28,1,DDOS attack-HOIC
611,660,669,670,2018-02-21 02:21:19,2018-02-21 02:21:28,2018-02-21 02:21:29,1,DDOS attack-HOIC
612,661,670,671,2018-02-21 02:21:20,2018-02-21 02:21:29,2018-02-21 02:21:30,1,DDOS attack-HOIC
613,662,671,672,2018-02-21 02:21:21,2018-02-21 02:21:30,2018-02-21 02:21:31,1,DDOS attack-HOIC
614,663,672,673,2018-02-21 02:21:22,2018-02-21 02:21:31,2018-02-21 02:21:32,1,DDOS attack-HOIC
615,664,673,674,2018-02-21 02:21:23,2018-02-21 02:21:32,2018-02-21 02:21:33,1,DDOS attack-HOIC
616,665,674,675,2018-02-21 02:21:24,2018-02-21 02:21:33,2018-02-21 02:21:34,1,DDOS attack-HOIC
617,666,675,676,2018-02-21 02:21:25,2018-02-21 02:21:34,2018-02-21 02:21:35,1,DDOS attack-HOIC
618,667,676,677,2018-02-21 02:21:26,2018-02-21 02:21:35,2018-02-21 02:21:36,1,DDOS attack-HOIC
619,668,677,678,2018-02-21 02:21:27,2018-02-21 02:21:36,2018-02-21 02:21:37,1,DDOS attack-HOIC
620,669,678,679,2018-02-21 02:21:28,2018-02-21 02:21:37,2018-02-21 02:21:38,1,DDOS attack-HOIC
621,670,679,680,2018-02-21 02:21:29,2018-02-21 02:21:38,2018-02-21 02:21:39,1,DDOS attack-HOIC
622,671,680,681,2018-02-21 02:21:30,2018-02-21 02:21:39,2018-02-21 02:21:40,1,DDOS attack-HOIC
623,672,681,682,2018-02-21 02:21:31,2018-02-21 02:21:40,2018-02-21 02:21:41,1,DDOS attack-HOIC
624,673,682,683,2018-02-21 02:21:32,2018-02-21 02:21:41,2018-02-21 02:21:42,1,DDOS attack-HOIC
625,674,683,684,2018-02-21 02:21:33,2018-02-21 02:21:42,2018-02-21 02:21:43,1,DDOS attack-HOIC
626,675,684,685,2018-02-21 02:21:34,2018-02-21 02:21:43,2018-02-21 02:21:44,1,DDOS attack-HOIC
627,676,685,686,2018-02-21 02:21:35,2018-02-21 02:21:44,2018-02-21 02:21:45,1,DDOS attack-HOIC
628,677,686,687,2018-02-21 02:21:36,2018-02-21 02:21:45,2018-02-21 02:21:46,1,DDOS attack-HOIC
629,678,687,688,2018-02-21 02:21:37,2018-02-21 02:21:46,2018-02-21 02:21:47,1,DDOS attack-HOIC
630,679,688,689,2018-02-21 02:21:38,2018-02-21 02:21:47,2018-02-21 02:21:48,1,DDOS attack-HOIC
631,680,689,690,2018-02-21 02:21:39,2018-02-21 02:21:48,2018-02-21 02:21:49,1,DDOS attack-HOIC
632,681,690,691,2018-02-21 02:21:40,2018-02-21 02:21:49,2018-02-21 02:21:50,1,DDOS attack-HOIC
633,682,691,692,2018-02-21 02:21:41,2018-02-21 02:21:50,2018-02-21 02:21:51,1,DDOS attack-HOIC
634,683,692,693,2018-02-21 02:21:42,2018-02-21 02:21:51,2018-02-21 02:21:52,1,DDOS attack-HOIC
635,684,693,694,2018-02-21 02:21:43,2018-02-21 02:21:52,2018-02-21 02:21:53,1,DDOS attack-HOIC
636,685,694,695,2018-02-21 02:21:44,2018-02-21 02:21:53,2018-02-21 02:21:54,1,DDOS attack-HOIC
637,686,695,696,2018-02-21 02:21:45,2018-02-21 02:21:54,2018-02-21 02:21:55,1,DDOS attack-HOIC
638,687,696,697,2018-02-21 02:21:46,2018-02-21 02:21:55,2018-02-21 02:21:56,1,DDOS attack-HOIC
639,688,697,698,2018-02-21 02:21:47,2018-02-21 02:21:56,2018-02-21 02:21:57,1,DDOS attack-HOIC
640,689,698,699,2018-02-21 02:21:48,2018-02-21 02:21:57,2018-02-21 02:21:58,1,DDOS attack-HOIC
641,690,699,700,2018-02-21 02:21:49,2018-02-21 02:21:58,2018-02-21 02:21:59,1,DDOS attack-HOIC
642,691,700,701,2018-02-21 02:21:50,2018-02-21 02:21:59,2018-02-21 02:22:00,1,DDOS attack-HOIC
643,692,701,702,2018-02-21 02:21:51,2018-02-21 02:22:00,2018-02-21 02:22:01,1,DDOS attack-HOIC
644,693,702,703,2018-02-21 02:21:52,2018-02-21 02:22:01,2018-02-21 02:22:02,1,DDOS attack-HOIC
645,694,703,704,2018-02-21 02:21:53,2018-02-21 02:22:02,2018-02-21 02:22:03,1,DDOS attack-HOIC
646,695,704,705,2018-02-21 02:21:54,2018-02-21 02:22:03,2018-02-21 02:22:04,1,DDOS attack-HOIC
647,696,705,706,2018-02-21 02:21:55,2018-02-21 02:22:04,2018-02-21 02:22:05,1,DDOS attack-HOIC
648,697,706,707,2018-02-21 02:21:56,2018-02-21 02:22:05,2018-02-21 02:22:06,1,DDOS attack-HOIC
649,698,707,708,2018-02-21 02:21:57,2018-02-21 02:22:06,2018-02-21 02:22:07,1,DDOS attack-HOIC
650,699,708,709,2018-02-21 02:21:58,2018-02-21 02:22:07,2018-02-21 02:22:08,1,DDOS attack-HOIC
651,700,709,710,2018-02-21 02:21:59,2018-02-21 02:22:08,2018-02-21 02:22:09,1,DDOS attack-HOIC
652,701,710,711,2018-02-21 02:22:00,2018-02-21 02:22:09,2018-02-21 02:22:10,1,DDOS attack-HOIC
653,702,711,712,2018-02-21 02:22:01,2018-02-21 02:22:10,2018-02-21 02:22:11,1,DDOS attack-HOIC
654,703,712,713,2018-02-21 02:22:02,2018-02-21 02:22:11,2018-02-21 02:22:12,1,DDOS attack-HOIC
655,704,713,714,2018-02-21 02:22:03,2018-02-21 02:22:12,2018-02-21 02:22:13,1,DDOS attack-HOIC
656,705,714,715,2018-02-21 02:22:04,2018-02-21 02:22:13,2018-02-21 02:22:14,1,DDOS attack-HOIC
657,706,715,716,2018-02-21 02:22:05,2018-02-21 02:22:14,2018-02-21 02:22:15,1,DDOS attack-HOIC
658,707,716,717,2018-02-21 02:22:06,2018-02-21 02:22:15,2018-02-21 02:22:16,1,DDOS attack-HOIC
659,708,717,718,2018-02-21 02:22:07,2018-02-21 02:22:16,2018-02-21 02:22:17,1,DDOS attack-HOIC
660,709,718,719,2018-02-21 02:22:08,2018-02-21 02:22:17,2018-02-21 02:22:18,1,DDOS attack-HOIC
661,710,719,720,2018-02-21 02:22:09,2018-02-21 02:22:18,2018-02-21 02:22:19,1,DDOS attack-HOIC
662,711,720,721,2018-02-21 02:22:10,2018-02-21 02:22:19,2018-02-21 02:22:20,1,DDOS attack-HOIC
663,712,721,722,2018-02-21 02:22:11,2018-02-21 02:22:20,2018-02-21 02:22:21,1,DDOS attack-HOIC
664,713,722,723,2018-02-21 02:22:12,2018-02-21 02:22:21,2018-02-21 02:22:22,1,DDOS attack-HOIC
665,714,723,724,2018-02-21 02:22:13,2018-02-21 02:22:22,2018-02-21 02:22:23,1,DDOS attack-HOIC
666,715,724,725,2018-02-21 02:22:14,2018-02-21 02:22:23,2018-02-21 02:22:24,1,DDOS attack-HOIC
667,716,725,726,2018-02-21 02:22:15,2018-02-21 02:22:24,2018-02-21 02:22:25,1,DDOS attack-HOIC
668,717,726,727,2018-02-21 02:22:16,2018-02-21 02:22:25,2018-02-21 02:22:26,1,DDOS attack-HOIC
669,718,727,728,2018-02-21 02:22:17,2018-02-21 02:22:26,2018-02-21 02:22:27,1,DDOS attack-HOIC
670,719,728,729,2018-02-21 02:22:18,2018-02-21 02:22:27,2018-02-21 02:22:28,1,DDOS attack-HOIC
671,720,729,730,2018-02-21 02:22:19,2018-02-21 02:22:28,2018-02-21 02:22:29,1,DDOS attack-HOIC
672,721,730,731,2018-02-21 02:22:20,2018-02-21 02:22:29,2018-02-21 02:22:30,1,DDOS attack-HOIC
673,722,731,732,2018-02-21 02:22:21,2018-02-21 02:22:30,2018-02-21 02:22:31,1,DDOS attack-HOIC
674,723,732,733,2018-02-21 02:22:22,2018-02-21 02:22:31,2018-02-21 02:22:32,1,DDOS attack-HOIC
675,724,733,734,2018-02-21 02:22:23,2018-02-21 02:22:32,2018-02-21 02:22:33,1,DDOS attack-HOIC
676,725,734,735,2018-02-21 02:22:24,2018-02-21 02:22:33,2018-02-21 02:22:34,1,DDOS attack-HOIC
677,726,735,736,2018-02-21 02:22:25,2018-02-21 02:22:34,2018-02-21 02:22:35,1,DDOS attack-HOIC
678,727,736,737,2018-02-21 02:22:26,2018-02-21 02:22:35,2018-02-21 02:22:36,1,DDOS attack-HOIC
679,728,737,738,2018-02-21 02:22:27,2018-02-21 02:22:36,2018-02-21 02:22:37,1,DDOS attack-HOIC
680,729,738,739,2018-02-21 02:22:28,2018-02-21 02:22:37,2018-02-21 02:22:38,1,DDOS attack-HOIC
681,730,739,740,2018-02-21 02:22:29,2018-02-21 02:22:38,2018-02-21 02:22:39,1,DDOS attack-HOIC
682,731,740,741,2018-02-21 02:22:30,2018-02-21 02:22:39,2018-02-21 02:22:40,1,DDOS attack-HOIC
683,732,741,742,2018-02-21 02:22:31,2018-02-21 02:22:40,2018-02-21 02:22:41,1,DDOS attack-HOIC
684,733,742,743,2018-02-21 02:22:32,2018-02-21 02:22:41,2018-02-21 02:22:42,1,DDOS attack-HOIC
685,734,743,744,2018-02-21 02:22:33,2018-02-21 02:22:42,2018-02-21 02:22:43,1,DDOS attack-HOIC
686,735,744,745,2018-02-21 02:22:34,2018-02-21 02:22:43,2018-02-21 02:22:44,1,DDOS attack-HOIC
687,736,745,746,2018-02-21 02:22:35,2018-02-21 02:22:44,2018-02-21 02:22:45,1,DDOS attack-HOIC
688,737,746,747,2018-02-21 02:22:36,2018-02-21 02:22:45,2018-02-21 02:22:46,1,DDOS attack-HOIC
689,738,747,748,2018-02-21 02:22:37,2018-02-21 02:22:46,2018-02-21 02:22:47,1,DDOS attack-HOIC
690,739,748,749,2018-02-21 02:22:38,2018-02-21 02:22:47,2018-02-21 02:22:48,1,DDOS attack-HOIC
691,740,749,750,2018-02-21 02:22:39,2018-02-21 02:22:48,2018-02-21 02:22:49,1,DDOS attack-HOIC
692,741,750,751,2018-02-21 02:22:40,2018-02-21 02:22:49,2018-02-21 02:22:50,1,DDOS attack-HOIC
693,742,751,752,2018-02-21 02:22:41,2018-02-21 02:22:50,2018-02-21 02:22:51,1,DDOS attack-HOIC
694,743,752,753,2018-02-21 02:22:42,2018-02-21 02:22:51,2018-02-21 02:22:52,1,DDOS attack-HOIC
695,744,753,754,2018-02-21 02:22:43,2018-02-21 02:22:52,2018-02-21 02:22:53,1,DDOS attack-HOIC
696,745,754,755,2018-02-21 02:22:44,2018-02-21 02:22:53,2018-02-21 02:22:54,1,DDOS attack-HOIC
697,746,755,756,2018-02-21 02:22:45,2018-02-21 02:22:54,2018-02-21 02:22:55,1,DDOS attack-HOIC
698,747,756,757,2018-02-21 02:22:46,2018-02-21 02:22:55,2018-02-21 02:22:56,1,DDOS attack-HOIC
699,748,757,758,2018-02-21 02:22:47,2018-02-21 02:22:56,2018-02-21 02:22:57,1,DDOS attack-HOIC
700,749,758,759,2018-02-21 02:22:48,2018-02-21 02:22:57,2018-02-21 02:22:58,1,DDOS attack-HOIC
701,750,759,760,2018-02-21 02:22:49,2018-02-21 02:22:58,2018-02-21 02:22:59,1,DDOS attack-HOIC
702,751,760,761,2018-02-21 02:22:50,2018-02-21 02:22:59,2018-02-21 02:23:00,1,DDOS attack-HOIC
703,752,761,762,2018-02-21 02:22:51,2018-02-21 02:23:00,2018-02-21 02:23:01,1,DDOS attack-HOIC
704,753,762,763,2018-02-21 02:22:52,2018-02-21 02:23:01,2018-02-21 02:23:02,1,DDOS attack-HOIC
705,754,763,764,2018-02-21 02:22:53,2018-02-21 02:23:02,2018-02-21 02:23:03,1,DDOS attack-HOIC
706,755,764,765,2018-02-21 02:22:54,2018-02-21 02:23:03,2018-02-21 02:23:04,1,DDOS attack-HOIC
707,756,765,766,2018-02-21 02:22:55,2018-02-21 02:23:04,2018-02-21 02:23:05,1,DDOS attack-HOIC
708,757,766,767,2018-02-21 02:22:56,2018-02-21 02:23:05,2018-02-21 02:23:06,1,DDOS attack-HOIC
709,758,767,768,2018-02-21 02:22:57,2018-02-21 02:23:06,2018-02-21 02:23:07,1,DDOS attack-HOIC
710,759,768,769,2018-02-21 02:22:58,2018-02-21 02:23:07,2018-02-21 02:23:08,1,DDOS attack-HOIC
711,760,769,770,2018-02-21 02:22:59,2018-02-21 02:23:08,2018-02-21 02:23:09,1,DDOS attack-HOIC
712,761,770,771,2018-02-21 02:23:00,2018-02-21 02:23:09,2018-02-21 02:23:10,1,DDOS attack-HOIC
713,762,771,772,2018-02-21 02:23:01,2018-02-21 02:23:10,2018-02-21 02:23:11,1,DDOS attack-HOIC
714,763,772,773,2018-02-21 02:23:02,2018-02-21 02:23:11,2018-02-21 02:23:12,1,DDOS attack-HOIC
715,764,773,774,2018-02-21 02:23:03,2018-02-21 02:23:12,2018-02-21 02:23:13,1,DDOS attack-HOIC
716,765,774,775,2018-02-21 02:23:04,2018-02-21 02:23:13,2018-02-21 02:23:14,1,DDOS attack-HOIC
717,766,775,776,2018-02-21 02:23:05,2018-02-21 02:23:14,2018-02-21 02:23:15,1,DDOS attack-HOIC
718,767,776,777,2018-02-21 02:23:06,2018-02-21 02:23:15,2018-02-21 02:23:16,1,DDOS attack-HOIC
719,768,777,778,2018-02-21 02:23:07,2018-02-21 02:23:16,2018-02-21 02:23:17,1,DDOS attack-HOIC
720,769,778,779,2018-02-21 02:23:08,2018-02-21 02:23:17,2018-02-21 02:23:18,1,DDOS attack-HOIC
721,770,779,780,2018-02-21 02:23:09,2018-02-21 02:23:18,2018-02-21 02:23:19,1,DDOS attack-HOIC
722,771,780,781,2018-02-21 02:23:10,2018-02-21 02:23:19,2018-02-21 02:23:20,1,DDOS attack-HOIC
723,772,781,782,2018-02-21 02:23:11,2018-02-21 02:23:20,2018-02-21 02:23:21,1,DDOS attack-HOIC
724,773,782,783,2018-02-21 02:23:12,2018-02-21 02:23:21,2018-02-21 02:23:22,1,DDOS attack-HOIC
725,774,783,784,2018-02-21 02:23:13,2018-02-21 02:23:22,2018-02-21 02:23:23,1,DDOS attack-HOIC
726,775,784,785,2018-02-21 02:23:14,2018-02-21 02:23:23,2018-02-21 02:23:24,1,DDOS attack-HOIC
727,776,785,786,2018-02-21 02:23:15,2018-02-21 02:23:24,2018-02-21 02:23:25,1,DDOS attack-HOIC
728,777,786,787,2018-02-21 02:23:16,2018-02-21 02:23:25,2018-02-21 02:23:26,1,DDOS attack-HOIC
729,778,787,788,2018-02-21 02:23:17,2018-02-21 02:23:26,2018-02-21 02:23:27,1,DDOS attack-HOIC
730,779,788,789,2018-02-21 02:23:18,2018-02-21 02:23:27,2018-02-21 02:23:28,1,DDOS attack-HOIC
731,780,789,790,2018-02-21 02:23:19,2018-02-21 02:23:28,2018-02-21 02:23:29,1,DDOS attack-HOIC
732,781,790,791,2018-02-21 02:23:20,2018-02-21 02:23:29,2018-02-21 02:23:30,1,DDOS attack-HOIC
733,782,791,792,2018-02-21 02:23:21,2018-02-21 02:23:30,2018-02-21 02:23:31,1,DDOS attack-HOIC
734,783,792,793,2018-02-21 02:23:22,2018-02-21 02:23:31,2018-02-21 02:23:32,1,DDOS attack-HOIC
735,784,793,794,2018-02-21 02:23:23,2018-02-21 02:23:32,2018-02-21 02:23:33,1,DDOS attack-HOIC
736,785,794,795,2018-02-21 02:23:24,2018-02-21 02:23:33,2018-02-21 02:23:34,1,DDOS attack-HOIC
737,786,795,796,2018-02-21 02:23:25,2018-02-21 02:23:34,2018-02-21 02:23:35,1,DDOS attack-HOIC
738,787,796,797,2018-02-21 02:23:26,2018-02-21 02:23:35,2018-02-21 02:23:36,1,DDOS attack-HOIC
739,788,797,798,2018-02-21 02:23:27,2018-02-21 02:23:36,2018-02-21 02:23:37,1,DDOS attack-HOIC
740,789,798,799,2018-02-21 02:23:28,2018-02-21 02:23:37,2018-02-21 02:23:38,1,DDOS attack-HOIC
741,790,799,800,2018-02-21 02:23:29,2018-02-21 02:23:38,2018-02-21 02:23:39,1,DDOS attack-HOIC
742,791,800,801,2018-02-21 02:23:30,2018-02-21 02:23:39,2018-02-21 02:23:40,1,DDOS attack-HOIC
743,792,801,802,2018-02-21 02:23:31,2018-02-21 02:23:40,2018-02-21 02:23:41,1,DDOS attack-HOIC
744,793,802,803,2018-02-21 02:23:32,2018-02-21 02:23:41,2018-02-21 02:23:42,1,DDOS attack-HOIC
745,794,803,804,2018-02-21 02:23:33,2018-02-21 02:23:42,2018-02-21 02:23:43,1,DDOS attack-HOIC
746,795,804,805,2018-02-21 02:23:34,2018-02-21 02:23:43,2018-02-21 02:23:44,1,DDOS attack-HOIC
747,796,805,806,2018-02-21 02:23:35,2018-02-21 02:23:44,2018-02-21 02:23:45,1,DDOS attack-HOIC
748,797,806,807,2018-02-21 02:23:36,2018-02-21 02:23:45,2018-02-21 02:23:46,1,DDOS attack-HOIC
749,798,807,808,2018-02-21 02:23:37,2018-02-21 02:23:46,2018-02-21 02:23:47,1,DDOS attack-HOIC
750,799,808,809,2018-02-21 02:23:38,2018-02-21 02:23:47,2018-02-21 02:23:48,1,DDOS attack-HOIC
751,800,809,810,2018-02-21 02:23:39,2018-02-21 02:23:48,2018-02-21 02:23:49,1,DDOS attack-HOIC
752,801,810,811,2018-02-21 02:23:40,2018-02-21 02:23:49,2018-02-21 02:23:50,1,DDOS attack-HOIC
753,802,811,812,2018-02-21 02:23:41,2018-02-21 02:23:50,2018-02-21 02:23:51,1,DDOS attack-HOIC
754,803,812,813,2018-02-21 02:23:42,2018-02-21 02:23:51,2018-02-21 02:23:52,1,DDOS attack-HOIC
755,804,813,814,2018-02-21 02:23:43,2018-02-21 02:23:52,2018-02-21 02:23:53,1,DDOS attack-HOIC
756,805,814,815,2018-02-21 02:23:44,2018-02-21 02:23:53,2018-02-21 02:23:54,1,DDOS attack-HOIC
757,806,815,816,2018-02-21 02:23:45,2018-02-21 02:23:54,2018-02-21 02:23:55,1,DDOS attack-HOIC
758,807,816,817,2018-02-21 02:23:46,2018-02-21 02:23:55,2018-02-21 02:23:56,1,DDOS attack-HOIC
759,808,817,818,2018-02-21 02:23:47,2018-02-21 02:23:56,2018-02-21 02:23:57,1,DDOS attack-HOIC
760,809,818,819,2018-02-21 02:23:48,2018-02-21 02:23:57,2018-02-21 02:23:58,1,DDOS attack-HOIC
761,810,819,820,2018-02-21 02:23:49,2018-02-21 02:23:58,2018-02-21 02:23:59,1,DDOS attack-HOIC
762,811,820,821,2018-02-21 02:23:50,2018-02-21 02:23:59,2018-02-21 02:24:00,1,DDOS attack-HOIC
763,812,821,822,2018-02-21 02:23:51,2018-02-21 02:24:00,2018-02-21 02:24:01,1,DDOS attack-HOIC
764,813,822,823,2018-02-21 02:23:52,2018-02-21 02:24:01,2018-02-21 02:24:02,1,DDOS attack-HOIC
765,814,823,824,2018-02-21 02:23:53,2018-02-21 02:24:02,2018-02-21 02:24:03,1,DDOS attack-HOIC
766,815,824,825,2018-02-21 02:23:54,2018-02-21 02:24:03,2018-02-21 02:24:04,1,DDOS attack-HOIC
767,816,825,826,2018-02-21 02:23:55,2018-02-21 02:24:04,2018-02-21 02:24:05,1,DDOS attack-HOIC
768,817,826,827,2018-02-21 02:23:56,2018-02-21 02:24:05,2018-02-21 02:24:06,1,DDOS attack-HOIC
769,818,827,828,2018-02-21 02:23:57,2018-02-21 02:24:06,2018-02-21 02:24:07,1,DDOS attack-HOIC
770,819,828,829,2018-02-21 02:23:58,2018-02-21 02:24:07,2018-02-21 02:24:08,1,DDOS attack-HOIC
771,820,829,830,2018-02-21 02:23:59,2018-02-21 02:24:08,2018-02-21 02:24:09,1,DDOS attack-HOIC
772,821,830,831,2018-02-21 02:24:00,2018-02-21 02:24:09,2018-02-21 02:24:10,1,DDOS attack-HOIC
773,822,831,832,2018-02-21 02:24:01,2018-02-21 02:24:10,2018-02-21 02:24:11,1,DDOS attack-HOIC
774,823,832,833,2018-02-21 02:24:02,2018-02-21 02:24:11,2018-02-21 02:24:12,1,DDOS attack-HOIC
775,824,833,834,2018-02-21 02:24:03,2018-02-21 02:24:12,2018-02-21 02:24:13,1,DDOS attack-HOIC
776,825,834,835,2018-02-21 02:24:04,2018-02-21 02:24:13,2018-02-21 02:24:14,1,DDOS attack-HOIC
777,826,835,836,2018-02-21 02:24:05,2018-02-21 02:24:14,2018-02-21 02:24:15,1,DDOS attack-HOIC
778,827,836,837,2018-02-21 02:24:06,2018-02-21 02:24:15,2018-02-21 02:24:16,1,DDOS attack-HOIC
779,828,837,838,2018-02-21 02:24:07,2018-02-21 02:24:16,2018-02-21 02:24:17,1,DDOS attack-HOIC
780,829,838,839,2018-02-21 02:24:08,2018-02-21 02:24:17,2018-02-21 02:24:18,1,DDOS attack-HOIC
781,830,839,840,2018-02-21 02:24:09,2018-02-21 02:24:18,2018-02-21 02:24:19,1,DDOS attack-HOIC
782,831,840,841,2018-02-21 02:24:10,2018-02-21 02:24:19,2018-02-21 02:24:20,1,DDOS attack-HOIC
783,832,841,842,2018-02-21 02:24:11,2018-02-21 02:24:20,2018-02-21 02:24:21,1,DDOS attack-HOIC
784,833,842,843,2018-02-21 02:24:12,2018-02-21 02:24:21,2018-02-21 02:24:22,1,DDOS attack-HOIC
785,834,843,844,2018-02-21 02:24:13,2018-02-21 02:24:22,2018-02-21 02:24:23,1,DDOS attack-HOIC
786,835,844,845,2018-02-21 02:24:14,2018-02-21 02:24:23,2018-02-21 02:24:24,1,DDOS attack-HOIC
787,836,845,846,2018-02-21 02:24:15,2018-02-21 02:24:24,2018-02-21 02:24:25,1,DDOS attack-HOIC
788,837,846,847,2018-02-21 02:24:16,2018-02-21 02:24:25,2018-02-21 02:24:26,1,DDOS attack-HOIC
789,838,847,848,2018-02-21 02:24:17,2018-02-21 02:24:26,2018-02-21 02:24:27,1,DDOS attack-HOIC
790,839,848,849,2018-02-21 02:24:18,2018-02-21 02:24:27,2018-02-21 02:24:28,1,DDOS attack-HOIC
791,840,849,850,2018-02-21 02:24:19,2018-02-21 02:24:28,2018-02-21 02:24:29,1,DDOS attack-HOIC
792,841,850,851,2018-02-21 02:24:20,2018-02-21 02:24:29,2018-02-21 02:24:30,1,DDOS attack-HOIC
793,842,851,852,2018-02-21 02:24:21,2018-02-21 02:24:30,2018-02-21 02:24:31,1,DDOS attack-HOIC
794,843,852,853,2018-02-21 02:24:22,2018-02-21 02:24:31,2018-02-21 02:24:32,1,DDOS attack-HOIC
795,844,853,854,2018-02-21 02:24:23,2018-02-21 02:24:32,2018-02-21 02:24:33,1,DDOS attack-HOIC
796,845,854,855,2018-02-21 02:24:24,2018-02-21 02:24:33,2018-02-21 02:24:34,1,DDOS attack-HOIC
797,846,855,856,2018-02-21 02:24:25,2018-02-21 02:24:34,2018-02-21 02:24:35,1,DDOS attack-HOIC
798,847,856,857,2018-02-21 02:24:26,2018-02-21 02:24:35,2018-02-21 02:24:36,1,DDOS attack-HOIC
799,848,857,858,2018-02-21 02:24:27,2018-02-21 02:24:36,2018-02-21 02:24:37,1,DDOS attack-HOIC
800,849,858,859,2018-02-21 02:24:28,2018-02-21 02:24:37,2018-02-21 02:24:38,1,DDOS attack-HOIC
801,850,859,860,2018-02-21 02:24:29,2018-02-21 02:24:38,2018-02-21 02:24:39,1,DDOS attack-HOIC
802,851,860,861,2018-02-21 02:24:30,2018-02-21 02:24:39,2018-02-21 02:24:40,1,DDOS attack-HOIC
803,852,861,862,2018-02-21 02:24:31,2018-02-21 02:24:40,2018-02-21 02:24:41,1,DDOS attack-HOIC
804,853,862,863,2018-02-21 02:24:32,2018-02-21 02:24:41,2018-02-21 02:24:42,1,DDOS attack-HOIC
805,854,863,864,2018-02-21 02:24:33,2018-02-21 02:24:42,2018-02-21 02:24:43,1,DDOS attack-HOIC
806,855,864,865,2018-02-21 02:24:34,2018-02-21 02:24:43,2018-02-21 02:24:44,1,DDOS attack-HOIC
807,856,865,866,2018-02-21 02:24:35,2018-02-21 02:24:44,2018-02-21 02:24:45,1,DDOS attack-HOIC
808,857,866,867,2018-02-21 02:24:36,2018-02-21 02:24:45,2018-02-21 02:24:46,1,DDOS attack-HOIC
809,858,867,868,2018-02-21 02:24:37,2018-02-21 02:24:46,2018-02-21 02:24:47,1,DDOS attack-HOIC
810,859,868,869,2018-02-21 02:24:38,2018-02-21 02:24:47,2018-02-21 02:24:48,1,DDOS attack-HOIC
811,860,869,870,2018-02-21 02:24:39,2018-02-21 02:24:48,2018-02-21 02:24:49,1,DDOS attack-HOIC
812,861,870,871,2018-02-21 02:24:40,2018-02-21 02:24:49,2018-02-21 02:24:50,1,DDOS attack-HOIC
813,862,871,872,2018-02-21 02:24:41,2018-02-21 02:24:50,2018-02-21 02:24:51,1,DDOS attack-HOIC
814,863,872,873,2018-02-21 02:24:42,2018-02-21 02:24:51,2018-02-21 02:24:52,1,DDOS attack-HOIC
815,864,873,874,2018-02-21 02:24:43,2018-02-21 02:24:52,2018-02-21 02:24:53,1,DDOS attack-HOIC
816,865,874,875,2018-02-21 02:24:44,2018-02-21 02:24:53,2018-02-21 02:24:54,1,DDOS attack-HOIC
817,866,875,876,2018-02-21 02:24:45,2018-02-21 02:24:54,2018-02-21 02:24:55,1,DDOS attack-HOIC
818,867,876,877,2018-02-21 02:24:46,2018-02-21 02:24:55,2018-02-21 02:24:56,1,DDOS attack-HOIC
819,868,877,878,2018-02-21 02:24:47,2018-02-21 02:24:56,2018-02-21 02:24:57,1,DDOS attack-HOIC
820,869,878,879,2018-02-21 02:24:48,2018-02-21 02:24:57,2018-02-21 02:24:58,1,DDOS attack-HOIC
821,870,879,880,2018-02-21 02:24:49,2018-02-21 02:24:58,2018-02-21 02:24:59,1,DDOS attack-HOIC
822,871,880,881,2018-02-21 02:24:50,2018-02-21 02:24:59,2018-02-21 02:25:00,1,DDOS attack-HOIC
823,872,881,882,2018-02-21 02:24:51,2018-02-21 02:25:00,2018-02-21 02:25:01,1,DDOS attack-HOIC
824,873,882,883,2018-02-21 02:24:52,2018-02-21 02:25:01,2018-02-21 02:25:02,1,DDOS attack-HOIC
825,874,883,884,2018-02-21 02:24:53,2018-02-21 02:25:02,2018-02-21 02:25:03,1,DDOS attack-HOIC
826,875,884,885,2018-02-21 02:24:54,2018-02-21 02:25:03,2018-02-21 02:25:04,1,DDOS attack-HOIC
827,876,885,886,2018-02-21 02:24:55,2018-02-21 02:25:04,2018-02-21 02:25:05,1,DDOS attack-HOIC
828,877,886,887,2018-02-21 02:24:56,2018-02-21 02:25:05,2018-02-21 02:25:06,1,DDOS attack-HOIC
829,878,887,888,2018-02-21 02:24:57,2018-02-21 02:25:06,2018-02-21 02:25:07,1,DDOS attack-HOIC
830,879,888,889,2018-02-21 02:24:58,2018-02-21 02:25:07,2018-02-21 02:25:08,1,DDOS attack-HOIC
831,880,889,890,2018-02-21 02:24:59,2018-02-21 02:25:08,2018-02-21 02:25:09,1,DDOS attack-HOIC
832,881,890,891,2018-02-21 02:25:00,2018-02-21 02:25:09,2018-02-21 02:25:10,1,DDOS attack-HOIC
833,882,891,892,2018-02-21 02:25:01,2018-02-21 02:25:10,2018-02-21 02:25:11,1,DDOS attack-HOIC
834,883,892,893,2018-02-21 02:25:02,2018-02-21 02:25:11,2018-02-21 02:25:12,1,DDOS attack-HOIC
835,884,893,894,2018-02-21 02:25:03,2018-02-21 02:25:12,2018-02-21 02:25:13,1,DDOS attack-HOIC
836,885,894,895,2018-02-21 02:25:04,2018-02-21 02:25:13,2018-02-21 02:25:14,1,DDOS attack-HOIC
837,886,895,896,2018-02-21 02:25:05,2018-02-21 02:25:14,2018-02-21 02:25:15,1,DDOS attack-HOIC
838,887,896,897,2018-02-21 02:25:06,2018-02-21 02:25:15,2018-02-21 02:25:16,1,DDOS attack-HOIC
839,888,897,898,2018-02-21 02:25:07,2018-02-21 02:25:16,2018-02-21 02:25:17,1,DDOS attack-HOIC
840,889,898,899,2018-02-21 02:25:08,2018-02-21 02:25:17,2018-02-21 02:25:18,1,DDOS attack-HOIC
841,890,899,900,2018-02-21 02:25:09,2018-02-21 02:25:18,2018-02-21 02:25:19,1,DDOS attack-HOIC
842,891,900,901,2018-02-21 02:25:10,2018-02-21 02:25:19,2018-02-21 02:25:20,1,DDOS attack-HOIC
843,892,901,902,2018-02-21 02:25:11,2018-02-21 02:25:20,2018-02-21 02:25:21,1,DDOS attack-HOIC
844,893,902,903,2018-02-21 02:25:12,2018-02-21 02:25:21,2018-02-21 02:25:22,1,DDOS attack-HOIC
845,894,903,904,2018-02-21 02:25:13,2018-02-21 02:25:22,2018-02-21 02:25:23,1,DDOS attack-HOIC
846,895,904,905,2018-02-21 02:25:14,2018-02-21 02:25:23,2018-02-21 02:25:24,1,DDOS attack-HOIC
847,896,905,906,2018-02-21 02:25:15,2018-02-21 02:25:24,2018-02-21 02:25:25,1,DDOS attack-HOIC
848,897,906,907,2018-02-21 02:25:16,2018-02-21 02:25:25,2018-02-21 02:25:26,1,DDOS attack-HOIC
849,898,907,908,2018-02-21 02:25:17,2018-02-21 02:25:26,2018-02-21 02:25:27,1,DDOS attack-HOIC
850,899,908,909,2018-02-21 02:25:18,2018-02-21 02:25:27,2018-02-21 02:25:28,1,DDOS attack-HOIC
851,900,909,910,2018-02-21 02:25:19,2018-02-21 02:25:28,2018-02-21 02:25:29,1,DDOS attack-HOIC
852,901,910,911,2018-02-21 02:25:20,2018-02-21 02:25:29,2018-02-21 02:25:30,1,DDOS attack-HOIC
853,902,911,912,2018-02-21 02:25:21,2018-02-21 02:25:30,2018-02-21 02:25:31,1,DDOS attack-HOIC
854,903,912,913,2018-02-21 02:25:22,2018-02-21 02:25:31,2018-02-21 02:25:32,1,DDOS attack-HOIC
855,904,913,914,2018-02-21 02:25:23,2018-02-21 02:25:32,2018-02-21 02:25:33,1,DDOS attack-HOIC
856,905,914,915,2018-02-21 02:25:24,2018-02-21 02:25:33,2018-02-21 02:25:34,1,DDOS attack-HOIC
857,906,915,916,2018-02-21 02:25:25,2018-02-21 02:25:34,2018-02-21 02:25:35,1,DDOS attack-HOIC
858,907,916,917,2018-02-21 02:25:26,2018-02-21 02:25:35,2018-02-21 02:25:36,1,DDOS attack-HOIC
859,908,917,918,2018-02-21 02:25:27,2018-02-21 02:25:36,2018-02-21 02:25:37,1,DDOS attack-HOIC
860,909,918,919,2018-02-21 02:25:28,2018-02-21 02:25:37,2018-02-21 02:25:38,1,DDOS attack-HOIC
861,910,919,920,2018-02-21 02:25:29,2018-02-21 02:25:38,2018-02-21 02:25:39,1,DDOS attack-HOIC
862,911,920,921,2018-02-21 02:25:30,2018-02-21 02:25:39,2018-02-21 02:25:40,1,DDOS attack-HOIC
863,912,921,922,2018-02-21 02:25:31,2018-02-21 02:25:40,2018-02-21 02:25:41,1,DDOS attack-HOIC
864,913,922,923,2018-02-21 02:25:32,2018-02-21 02:25:41,2018-02-21 02:25:42,1,DDOS attack-HOIC
865,914,923,924,2018-02-21 02:25:33,2018-02-21 02:25:42,2018-02-21 02:25:43,1,DDOS attack-HOIC
866,915,924,925,2018-02-21 02:25:34,2018-02-21 02:25:43,2018-02-21 02:25:44,1,DDOS attack-HOIC
867,916,925,926,2018-02-21 02:25:35,2018-02-21 02:25:44,2018-02-21 02:25:45,1,DDOS attack-HOIC
868,917,926,927,2018-02-21 02:25:36,2018-02-21 02:25:45,2018-02-21 02:25:46,1,DDOS attack-HOIC
869,918,927,928,2018-02-21 02:25:37,2018-02-21 02:25:46,2018-02-21 02:25:47,1,DDOS attack-HOIC
870,919,928,929,2018-02-21 02:25:38,2018-02-21 02:25:47,2018-02-21 02:25:48,1,DDOS attack-HOIC
871,920,929,930,2018-02-21 02:25:39,2018-02-21 02:25:48,2018-02-21 02:25:49,1,DDOS attack-HOIC
872,921,930,931,2018-02-21 02:25:40,2018-02-21 02:25:49,2018-02-21 02:25:50,1,DDOS attack-HOIC
873,922,931,932,2018-02-21 02:25:41,2018-02-21 02:25:50,2018-02-21 02:25:51,1,DDOS attack-HOIC
874,923,932,933,2018-02-21 02:25:42,2018-02-21 02:25:51,2018-02-21 02:25:52,1,DDOS attack-HOIC
875,924,933,934,2018-02-21 02:25:43,2018-02-21 02:25:52,2018-02-21 02:25:53,1,DDOS attack-HOIC
876,925,934,935,2018-02-21 02:25:44,2018-02-21 02:25:53,2018-02-21 02:25:54,1,DDOS attack-HOIC
877,926,935,936,2018-02-21 02:25:45,2018-02-21 02:25:54,2018-02-21 02:25:55,1,DDOS attack-HOIC
878,927,936,937,2018-02-21 02:25:46,2018-02-21 02:25:55,2018-02-21 02:25:56,1,DDOS attack-HOIC
879,928,937,938,2018-02-21 02:25:47,2018-02-21 02:25:56,2018-02-21 02:25:57,1,DDOS attack-HOIC
880,929,938,939,2018-02-21 02:25:48,2018-02-21 02:25:57,2018-02-21 02:25:58,1,DDOS attack-HOIC
881,930,939,940,2018-02-21 02:25:49,2018-02-21 02:25:58,2018-02-21 02:25:59,1,DDOS attack-HOIC
882,931,940,941,2018-02-21 02:25:50,2018-02-21 02:25:59,2018-02-21 02:26:00,1,DDOS attack-HOIC
883,932,941,942,2018-02-21 02:25:51,2018-02-21 02:26:00,2018-02-21 02:26:01,1,DDOS attack-HOIC
884,933,942,943,2018-02-21 02:25:52,2018-02-21 02:26:01,2018-02-21 02:26:02,1,DDOS attack-HOIC
885,934,943,944,2018-02-21 02:25:53,2018-02-21 02:26:02,2018-02-21 02:26:03,1,DDOS attack-HOIC
886,935,944,945,2018-02-21 02:25:54,2018-02-21 02:26:03,2018-02-21 02:26:04,1,DDOS attack-HOIC
887,936,945,946,2018-02-21 02:25:55,2018-02-21 02:26:04,2018-02-21 02:26:05,1,DDOS attack-HOIC
888,937,946,947,2018-02-21 02:25:56,2018-02-21 02:26:05,2018-02-21 02:26:06,1,DDOS attack-HOIC
889,938,947,948,2018-02-21 02:25:57,2018-02-21 02:26:06,2018-02-21 02:26:07,1,DDOS attack-HOIC
890,939,948,949,2018-02-21 02:25:58,2018-02-21 02:26:07,2018-02-21 02:26:08,1,DDOS attack-HOIC
891,940,949,950,2018-02-21 02:25:59,2018-02-21 02:26:08,2018-02-21 02:26:09,1,DDOS attack-HOIC
892,941,950,951,2018-02-21 02:26:00,2018-02-21 02:26:09,2018-02-21 02:26:10,1,DDOS attack-HOIC
893,942,951,952,2018-02-21 02:26:01,2018-02-21 02:26:10,2018-02-21 02:26:11,1,DDOS attack-HOIC
894,943,952,953,2018-02-21 02:26:02,2018-02-21 02:26:11,2018-02-21 02:26:12,1,DDOS attack-HOIC
895,944,953,954,2018-02-21 02:26:03,2018-02-21 02:26:12,2018-02-21 02:26:13,1,DDOS attack-HOIC
896,945,954,955,2018-02-21 02:26:04,2018-02-21 02:26:13,2018-02-21 02:26:14,1,DDOS attack-HOIC
897,946,955,956,2018-02-21 02:26:05,2018-02-21 02:26:14,2018-02-21 02:26:15,1,DDOS attack-HOIC
898,947,956,957,2018-02-21 02:26:06,2018-02-21 02:26:15,2018-02-21 02:26:16,1,DDOS attack-HOIC
899,948,957,958,2018-02-21 02:26:07,2018-02-21 02:26:16,2018-02-21 02:26:17,1,DDOS attack-HOIC
900,949,958,959,2018-02-21 02:26:08,2018-02-21 02:26:17,2018-02-21 02:26:18,1,DDOS attack-HOIC
901,950,959,960,2018-02-21 02:26:09,2018-02-21 02:26:18,2018-02-21 02:26:19,1,DDOS attack-HOIC
902,951,960,961,2018-02-21 02:26:10,2018-02-21 02:26:19,2018-02-21 02:26:20,1,DDOS attack-HOIC
903,952,961,962,2018-02-21 02:26:11,2018-02-21 02:26:20,2018-02-21 02:26:21,1,DDOS attack-HOIC
904,953,962,963,2018-02-21 02:26:12,2018-02-21 02:26:21,2018-02-21 02:26:22,1,DDOS attack-HOIC
905,954,963,964,2018-02-21 02:26:13,2018-02-21 02:26:22,2018-02-21 02:26:23,1,DDOS attack-HOIC
906,955,964,965,2018-02-21 02:26:14,2018-02-21 02:26:23,2018-02-21 02:26:24,1,DDOS attack-HOIC
907,956,965,966,2018-02-21 02:26:15,2018-02-21 02:26:24,2018-02-21 02:26:25,1,DDOS attack-HOIC
908,957,966,967,2018-02-21 02:26:16,2018-02-21 02:26:25,2018-02-21 02:26:26,1,DDOS attack-HOIC
909,958,967,968,2018-02-21 02:26:17,2018-02-21 02:26:26,2018-02-21 02:26:27,1,DDOS attack-HOIC
910,959,968,969,2018-02-21 02:26:18,2018-02-21 02:26:27,2018-02-21 02:26:28,1,DDOS attack-HOIC
911,960,969,970,2018-02-21 02:26:19,2018-02-21 02:26:28,2018-02-21 02:26:29,1,DDOS attack-HOIC
912,961,970,971,2018-02-21 02:26:20,2018-02-21 02:26:29,2018-02-21 02:26:30,1,DDOS attack-HOIC
913,962,971,972,2018-02-21 02:26:21,2018-02-21 02:26:30,2018-02-21 02:26:31,1,DDOS attack-HOIC
914,963,972,973,2018-02-21 02:26:22,2018-02-21 02:26:31,2018-02-21 02:26:32,1,DDOS attack-HOIC
915,964,973,974,2018-02-21 02:26:23,2018-02-21 02:26:32,2018-02-21 02:26:33,1,DDOS attack-HOIC
916,965,974,975,2018-02-21 02:26:24,2018-02-21 02:26:33,2018-02-21 02:26:34,1,DDOS attack-HOIC
917,966,975,976,2018-02-21 02:26:25,2018-02-21 02:26:34,2018-02-21 02:26:35,1,DDOS attack-HOIC
918,967,976,977,2018-02-21 02:26:26,2018-02-21 02:26:35,2018-02-21 02:26:36,1,DDOS attack-HOIC
919,968,977,978,2018-02-21 02:26:27,2018-02-21 02:26:36,2018-02-21 02:26:37,1,DDOS attack-HOIC
920,969,978,979,2018-02-21 02:26:28,2018-02-21 02:26:37,2018-02-21 02:26:38,1,DDOS attack-HOIC
921,970,979,980,2018-02-21 02:26:29,2018-02-21 02:26:38,2018-02-21 02:26:39,1,DDOS attack-HOIC
922,971,980,981,2018-02-21 02:26:30,2018-02-21 02:26:39,2018-02-21 02:26:40,1,DDOS attack-HOIC
923,972,981,982,2018-02-21 02:26:31,2018-02-21 02:26:40,2018-02-21 02:26:41,1,DDOS attack-HOIC
924,973,982,983,2018-02-21 02:26:32,2018-02-21 02:26:41,2018-02-21 02:26:42,1,DDOS attack-HOIC
925,974,983,984,2018-02-21 02:26:33,2018-02-21 02:26:42,2018-02-21 02:26:43,1,DDOS attack-HOIC
926,975,984,985,2018-02-21 02:26:34,2018-02-21 02:26:43,2018-02-21 02:26:44,1,DDOS attack-HOIC
927,976,985,986,2018-02-21 02:26:35,2018-02-21 02:26:44,2018-02-21 02:26:45,1,DDOS attack-HOIC
928,977,986,987,2018-02-21 02:26:36,2018-02-21 02:26:45,2018-02-21 02:26:46,1,DDOS attack-HOIC
929,978,987,988,2018-02-21 02:26:37,2018-02-21 02:26:46,2018-02-21 02:26:47,1,DDOS attack-HOIC
930,979,988,989,2018-02-21 02:26:38,2018-02-21 02:26:47,2018-02-21 02:26:48,1,DDOS attack-HOIC
931,980,989,990,2018-02-21 02:26:39,2018-02-21 02:26:48,2018-02-21 02:26:49,1,DDOS attack-HOIC
932,981,990,991,2018-02-21 02:26:40,2018-02-21 02:26:49,2018-02-21 02:26:50,1,DDOS attack-HOIC
933,982,991,992,2018-02-21 02:26:41,2018-02-21 02:26:50,2018-02-21 02:26:51,1,DDOS attack-HOIC
934,983,992,993,2018-02-21 02:26:42,2018-02-21 02:26:51,2018-02-21 02:26:52,1,DDOS attack-HOIC
935,984,993,994,2018-02-21 02:26:43,2018-02-21 02:26:52,2018-02-21 02:26:53,1,DDOS attack-HOIC
936,985,994,995,2018-02-21 02:26:44,2018-02-21 02:26:53,2018-02-21 02:26:54,1,DDOS attack-HOIC
937,986,995,996,2018-02-21 02:26:45,2018-02-21 02:26:54,2018-02-21 02:26:55,1,DDOS attack-HOIC
938,987,996,997,2018-02-21 02:26:46,2018-02-21 02:26:55,2018-02-21 02:26:56,1,DDOS attack-HOIC
939,988,997,998,2018-02-21 02:26:47,2018-02-21 02:26:56,2018-02-21 02:26:57,1,DDOS attack-HOIC
940,989,998,999,2018-02-21 02:26:48,2018-02-21 02:26:57,2018-02-21 02:26:58,1,DDOS attack-HOIC
941,990,999,1000,2018-02-21 02:26:49,2018-02-21 02:26:58,2018-02-21 02:26:59,1,DDOS attack-HOIC
942,991,1000,1001,2018-02-21 02:26:50,2018-02-21 02:26:59,2018-02-21 02:27:00,1,DDOS attack-HOIC
943,992,1001,1002,2018-02-21 02:26:51,2018-02-21 02:27:00,2018-02-21 02:27:01,1,DDOS attack-HOIC
944,993,1002,1003,2018-02-21 02:26:52,2018-02-21 02:27:01,2018-02-21 02:27:02,1,DDOS attack-HOIC
945,994,1003,1004,2018-02-21 02:26:53,2018-02-21 02:27:02,2018-02-21 02:27:03,1,DDOS attack-HOIC
946,995,1004,1005,2018-02-21 02:26:54,2018-02-21 02:27:03,2018-02-21 02:27:04,1,DDOS attack-HOIC
947,996,1005,1006,2018-02-21 02:26:55,2018-02-21 02:27:04,2018-02-21 02:27:05,1,DDOS attack-HOIC
948,997,1006,1007,2018-02-21 02:26:56,2018-02-21 02:27:05,2018-02-21 02:27:06,1,DDOS attack-HOIC
949,998,1007,1008,2018-02-21 02:26:57,2018-02-21 02:27:06,2018-02-21 02:27:07,1,DDOS attack-HOIC
950,999,1008,1009,2018-02-21 02:26:58,2018-02-21 02:27:07,2018-02-21 02:27:08,1,DDOS attack-HOIC
951,1000,1009,1010,2018-02-21 02:26:59,2018-02-21 02:27:08,2018-02-21 02:27:09,1,DDOS attack-HOIC
952,1001,1010,1011,2018-02-21 02:27:00,2018-02-21 02:27:09,2018-02-21 02:27:10,1,DDOS attack-HOIC
953,1002,1011,1012,2018-02-21 02:27:01,2018-02-21 02:27:10,2018-02-21 02:27:11,1,DDOS attack-HOIC
954,1003,1012,1013,2018-02-21 02:27:02,2018-02-21 02:27:11,2018-02-21 02:27:12,1,DDOS attack-HOIC
955,1004,1013,1014,2018-02-21 02:27:03,2018-02-21 02:27:12,2018-02-21 02:27:13,1,DDOS attack-HOIC
956,1005,1014,1015,2018-02-21 02:27:04,2018-02-21 02:27:13,2018-02-21 02:27:14,1,DDOS attack-HOIC
957,1006,1015,1016,2018-02-21 02:27:05,2018-02-21 02:27:14,2018-02-21 02:27:15,1,DDOS attack-HOIC
958,1007,1016,1017,2018-02-21 02:27:06,2018-02-21 02:27:15,2018-02-21 02:27:16,1,DDOS attack-HOIC
959,1008,1017,1018,2018-02-21 02:27:07,2018-02-21 02:27:16,2018-02-21 02:27:17,1,DDOS attack-HOIC
960,1009,1018,1019,2018-02-21 02:27:08,2018-02-21 02:27:17,2018-02-21 02:27:18,1,DDOS attack-HOIC
961,1010,1019,1020,2018-02-21 02:27:09,2018-02-21 02:27:18,2018-02-21 02:27:19,1,DDOS attack-HOIC
962,1011,1020,1021,2018-02-21 02:27:10,2018-02-21 02:27:19,2018-02-21 02:27:20,1,DDOS attack-HOIC
963,1012,1021,1022,2018-02-21 02:27:11,2018-02-21 02:27:20,2018-02-21 02:27:21,1,DDOS attack-HOIC
964,1013,1022,1023,2018-02-21 02:27:12,2018-02-21 02:27:21,2018-02-21 02:27:22,1,DDOS attack-HOIC
965,1014,1023,1024,2018-02-21 02:27:13,2018-02-21 02:27:22,2018-02-21 02:27:23,1,DDOS attack-HOIC
966,1015,1024,1025,2018-02-21 02:27:14,2018-02-21 02:27:23,2018-02-21 02:27:24,1,DDOS attack-HOIC
967,1016,1025,1026,2018-02-21 02:27:15,2018-02-21 02:27:24,2018-02-21 02:27:25,1,DDOS attack-HOIC
968,1017,1026,1027,2018-02-21 02:27:16,2018-02-21 02:27:25,2018-02-21 02:27:26,1,DDOS attack-HOIC
969,1018,1027,1028,2018-02-21 02:27:17,2018-02-21 02:27:26,2018-02-21 02:27:27,1,DDOS attack-HOIC
970,1019,1028,1029,2018-02-21 02:27:18,2018-02-21 02:27:27,2018-02-21 02:27:28,1,DDOS attack-HOIC
971,1020,1029,1030,2018-02-21 02:27:19,2018-02-21 02:27:28,2018-02-21 02:27:29,1,DDOS attack-HOIC
972,1021,1030,1031,2018-02-21 02:27:20,2018-02-21 02:27:29,2018-02-21 02:27:30,1,DDOS attack-HOIC
973,1022,1031,1032,2018-02-21 02:27:21,2018-02-21 02:27:30,2018-02-21 02:27:31,1,DDOS attack-HOIC
974,1023,1032,1033,2018-02-21 02:27:22,2018-02-21 02:27:31,2018-02-21 02:27:32,1,DDOS attack-HOIC
975,1024,1033,1034,2018-02-21 02:27:23,2018-02-21 02:27:32,2018-02-21 02:27:33,1,DDOS attack-HOIC
976,1025,1034,1035,2018-02-21 02:27:24,2018-02-21 02:27:33,2018-02-21 02:27:34,1,DDOS attack-HOIC
977,1026,1035,1036,2018-02-21 02:27:25,2018-02-21 02:27:34,2018-02-21 02:27:35,1,DDOS attack-HOIC
978,1027,1036,1037,2018-02-21 02:27:26,2018-02-21 02:27:35,2018-02-21 02:27:36,1,DDOS attack-HOIC
979,1028,1037,1038,2018-02-21 02:27:27,2018-02-21 02:27:36,2018-02-21 02:27:37,1,DDOS attack-HOIC
980,1029,1038,1039,2018-02-21 02:27:28,2018-02-21 02:27:37,2018-02-21 02:27:38,1,DDOS attack-HOIC
981,1030,1039,1040,2018-02-21 02:27:29,2018-02-21 02:27:38,2018-02-21 02:27:39,1,DDOS attack-HOIC
982,1031,1040,1041,2018-02-21 02:27:30,2018-02-21 02:27:39,2018-02-21 02:27:40,1,DDOS attack-HOIC
983,1032,1041,1042,2018-02-21 02:27:31,2018-02-21 02:27:40,2018-02-21 02:27:41,1,DDOS attack-HOIC
984,1033,1042,1043,2018-02-21 02:27:32,2018-02-21 02:27:41,2018-02-21 02:27:42,1,DDOS attack-HOIC
985,1034,1043,1044,2018-02-21 02:27:33,2018-02-21 02:27:42,2018-02-21 02:27:43,1,DDOS attack-HOIC
986,1035,1044,1045,2018-02-21 02:27:34,2018-02-21 02:27:43,2018-02-21 02:27:44,1,DDOS attack-HOIC
987,1036,1045,1046,2018-02-21 02:27:35,2018-02-21 02:27:44,2018-02-21 02:27:45,1,DDOS attack-HOIC
988,1037,1046,1047,2018-02-21 02:27:36,2018-02-21 02:27:45,2018-02-21 02:27:46,1,DDOS attack-HOIC
989,1038,1047,1048,2018-02-21 02:27:37,2018-02-21 02:27:46,2018-02-21 02:27:47,1,DDOS attack-HOIC
990,1039,1048,1049,2018-02-21 02:27:38,2018-02-21 02:27:47,2018-02-21 02:27:48,1,DDOS attack-HOIC
991,1040,1049,1050,2018-02-21 02:27:39,2018-02-21 02:27:48,2018-02-21 02:27:49,1,DDOS attack-HOIC
992,1041,1050,1051,2018-02-21 02:27:40,2018-02-21 02:27:49,2018-02-21 02:27:50,1,DDOS attack-HOIC
993,1042,1051,1052,2018-02-21 02:27:41,2018-02-21 02:27:50,2018-02-21 02:27:51,1,DDOS attack-HOIC
994,1043,1052,1053,2018-02-21 02:27:42,2018-02-21 02:27:51,2018-02-21 02:27:52,1,DDOS attack-HOIC
995,1044,1053,1054,2018-02-21 02:27:43,2018-02-21 02:27:52,2018-02-21 02:27:53,1,DDOS attack-HOIC
996,1045,1054,1055,2018-02-21 02:27:44,2018-02-21 02:27:53,2018-02-21 02:27:54,1,DDOS attack-HOIC
997,1046,1055,1056,2018-02-21 02:27:45,2018-02-21 02:27:54,2018-02-21 02:27:55,1,DDOS attack-HOIC
998,1047,1056,1057,2018-02-21 02:27:46,2018-02-21 02:27:55,2018-02-21 02:27:56,1,DDOS attack-HOIC
999,1048,1057,1058,2018-02-21 02:27:47,2018-02-21 02:27:56,2018-02-21 02:27:57,1,DDOS attack-HOIC
1000,1049,1058,1059,2018-02-21 02:27:48,2018-02-21 02:27:57,2018-02-21 02:27:58,1,DDOS attack-HOIC
1001,1050,1059,1060,2018-02-21 02:27:49,2018-02-21 02:27:58,2018-02-21 02:27:59,1,DDOS attack-HOIC
1002,1051,1060,1061,2018-02-21 02:27:50,2018-02-21 02:27:59,2018-02-21 02:28:00,1,DDOS attack-HOIC
1003,1052,1061,1062,2018-02-21 02:27:51,2018-02-21 02:28:00,2018-02-21 02:28:01,1,DDOS attack-HOIC
1004,1053,1062,1063,2018-02-21 02:27:52,2018-02-21 02:28:01,2018-02-21 02:28:02,1,DDOS attack-HOIC
1005,1054,1063,1064,2018-02-21 02:27:53,2018-02-21 02:28:02,2018-02-21 02:28:03,1,DDOS attack-HOIC
1006,1055,1064,1065,2018-02-21 02:27:54,2018-02-21 02:28:03,2018-02-21 02:28:04,1,DDOS attack-HOIC
1007,1056,1065,1066,2018-02-21 02:27:55,2018-02-21 02:28:04,2018-02-21 02:28:05,1,DDOS attack-HOIC
1008,1057,1066,1067,2018-02-21 02:27:56,2018-02-21 02:28:05,2018-02-21 02:28:06,1,DDOS attack-HOIC
1009,1058,1067,1068,2018-02-21 02:27:57,2018-02-21 02:28:06,2018-02-21 02:28:07,1,DDOS attack-HOIC
1010,1059,1068,1069,2018-02-21 02:27:58,2018-02-21 02:28:07,2018-02-21 02:28:08,1,DDOS attack-HOIC
1011,1060,1069,1070,2018-02-21 02:27:59,2018-02-21 02:28:08,2018-02-21 02:28:09,1,DDOS attack-HOIC
1012,1061,1070,1071,2018-02-21 02:28:00,2018-02-21 02:28:09,2018-02-21 02:28:10,1,DDOS attack-HOIC
1013,1062,1071,1072,2018-02-21 02:28:01,2018-02-21 02:28:10,2018-02-21 02:28:11,1,DDOS attack-HOIC
1014,1063,1072,1073,2018-02-21 02:28:02,2018-02-21 02:28:11,2018-02-21 02:28:12,1,DDOS attack-HOIC
1015,1064,1073,1074,2018-02-21 02:28:03,2018-02-21 02:28:12,2018-02-21 02:28:13,1,DDOS attack-HOIC
1016,1065,1074,1075,2018-02-21 02:28:04,2018-02-21 02:28:13,2018-02-21 02:28:14,1,DDOS attack-HOIC
1017,1066,1075,1076,2018-02-21 02:28:05,2018-02-21 02:28:14,2018-02-21 02:28:15,1,DDOS attack-HOIC
1018,1067,1076,1077,2018-02-21 02:28:06,2018-02-21 02:28:15,2018-02-21 02:28:16,1,DDOS attack-HOIC
1019,1068,1077,1078,2018-02-21 02:28:07,2018-02-21 02:28:16,2018-02-21 02:28:17,1,DDOS attack-HOIC
1020,1069,1078,1079,2018-02-21 02:28:08,2018-02-21 02:28:17,2018-02-21 02:28:18,1,DDOS attack-HOIC
1021,1070,1079,1080,2018-02-21 02:28:09,2018-02-21 02:28:18,2018-02-21 02:28:19,1,DDOS attack-HOIC
1022,1071,1080,1081,2018-02-21 02:28:10,2018-02-21 02:28:19,2018-02-21 02:28:20,1,DDOS attack-HOIC
1023,1072,1081,1082,2018-02-21 02:28:11,2018-02-21 02:28:20,2018-02-21 02:28:21,1,DDOS attack-HOIC
1024,1073,1082,1083,2018-02-21 02:28:12,2018-02-21 02:28:21,2018-02-21 02:28:22,1,DDOS attack-HOIC
1025,1074,1083,1084,2018-02-21 02:28:13,2018-02-21 02:28:22,2018-02-21 02:28:23,1,DDOS attack-HOIC
1026,1075,1084,1085,2018-02-21 02:28:14,2018-02-21 02:28:23,2018-02-21 02:28:24,1,DDOS attack-HOIC
1027,1076,1085,1086,2018-02-21 02:28:15,2018-02-21 02:28:24,2018-02-21 02:28:25,1,DDOS attack-HOIC
1028,1077,1086,1087,2018-02-21 02:28:16,2018-02-21 02:28:25,2018-02-21 02:28:26,1,DDOS attack-HOIC
1029,1078,1087,1088,2018-02-21 02:28:17,2018-02-21 02:28:26,2018-02-21 02:28:27,1,DDOS attack-HOIC
1030,1079,1088,1089,2018-02-21 02:28:18,2018-02-21 02:28:27,2018-02-21 02:28:28,1,DDOS attack-HOIC
1031,1080,1089,1090,2018-02-21 02:28:19,2018-02-21 02:28:28,2018-02-21 02:28:29,1,DDOS attack-HOIC
1032,1081,1090,1091,2018-02-21 02:28:20,2018-02-21 02:28:29,2018-02-21 02:28:30,1,DDOS attack-HOIC
1033,1082,1091,1092,2018-02-21 02:28:21,2018-02-21 02:28:30,2018-02-21 02:28:31,1,DDOS attack-HOIC
1034,1083,1092,1093,2018-02-21 02:28:22,2018-02-21 02:28:31,2018-02-21 02:28:32,1,DDOS attack-HOIC
1035,1084,1093,1094,2018-02-21 02:28:23,2018-02-21 02:28:32,2018-02-21 02:28:33,1,DDOS attack-HOIC
1036,1085,1094,1095,2018-02-21 02:28:24,2018-02-21 02:28:33,2018-02-21 02:28:34,1,DDOS attack-HOIC
1037,1086,1095,1096,2018-02-21 02:28:25,2018-02-21 02:28:34,2018-02-21 02:28:35,1,DDOS attack-HOIC
1038,1087,1096,1097,2018-02-21 02:28:26,2018-02-21 02:28:35,2018-02-21 02:28:36,1,DDOS attack-HOIC
1039,1088,1097,1098,2018-02-21 02:28:27,2018-02-21 02:28:36,2018-02-21 02:28:37,1,DDOS attack-HOIC
1040,1089,1098,1099,2018-02-21 02:28:28,2018-02-21 02:28:37,2018-02-21 02:28:38,1,DDOS attack-HOIC
1041,1090,1099,1100,2018-02-21 02:28:29,2018-02-21 02:28:38,2018-02-21 02:28:39,1,DDOS attack-HOIC
1042,1091,1100,1101,2018-02-21 02:28:30,2018-02-21 02:28:39,2018-02-21 02:28:40,1,DDOS attack-HOIC
1043,1092,1101,1102,2018-02-21 02:28:31,2018-02-21 02:28:40,2018-02-21 02:28:41,1,DDOS attack-HOIC
1044,1093,1102,1103,2018-02-21 02:28:32,2018-02-21 02:28:41,2018-02-21 02:28:42,1,DDOS attack-HOIC
1045,1094,1103,1104,2018-02-21 02:28:33,2018-02-21 02:28:42,2018-02-21 02:28:43,1,DDOS attack-HOIC
1046,1095,1104,1105,2018-02-21 02:28:34,2018-02-21 02:28:43,2018-02-21 02:28:44,1,DDOS attack-HOIC
1047,1096,1105,1106,2018-02-21 02:28:35,2018-02-21 02:28:44,2018-02-21 02:28:45,1,DDOS attack-HOIC
1048,1097,1106,1107,2018-02-21 02:28:36,2018-02-21 02:28:45,2018-02-21 02:28:46,1,DDOS attack-HOIC
1049,1098,1107,1108,2018-02-21 02:28:37,2018-02-21 02:28:46,2018-02-21 02:28:47,1,DDOS attack-HOIC
1050,1099,1108,1109,2018-02-21 02:28:38,2018-02-21 02:28:47,2018-02-21 02:28:48,1,DDOS attack-HOIC
1051,1100,1109,1110,2018-02-21 02:28:39,2018-02-21 02:28:48,2018-02-21 02:28:49,1,DDOS attack-HOIC
1052,1101,1110,1111,2018-02-21 02:28:40,2018-02-21 02:28:49,2018-02-21 02:28:50,1,DDOS attack-HOIC
1053,1102,1111,1112,2018-02-21 02:28:41,2018-02-21 02:28:50,2018-02-21 02:28:51,1,DDOS attack-HOIC
1054,1103,1112,1113,2018-02-21 02:28:42,2018-02-21 02:28:51,2018-02-21 02:28:52,1,DDOS attack-HOIC
1055,1104,1113,1114,2018-02-21 02:28:43,2018-02-21 02:28:52,2018-02-21 02:28:53,1,DDOS attack-HOIC
1056,1105,1114,1115,2018-02-21 02:28:44,2018-02-21 02:28:53,2018-02-21 02:28:54,1,DDOS attack-HOIC
1057,1106,1115,1116,2018-02-21 02:28:45,2018-02-21 02:28:54,2018-02-21 02:28:55,1,DDOS attack-HOIC
1058,1107,1116,1117,2018-02-21 02:28:46,2018-02-21 02:28:55,2018-02-21 02:28:56,1,DDOS attack-HOIC
1059,1108,1117,1118,2018-02-21 02:28:47,2018-02-21 02:28:56,2018-02-21 02:28:57,1,DDOS attack-HOIC
1060,1109,1118,1119,2018-02-21 02:28:48,2018-02-21 02:28:57,2018-02-21 02:28:58,1,DDOS attack-HOIC
1061,1110,1119,1120,2018-02-21 02:28:49,2018-02-21 02:28:58,2018-02-21 02:28:59,1,DDOS attack-HOIC
1062,1111,1120,1121,2018-02-21 02:28:50,2018-02-21 02:28:59,2018-02-21 02:29:00,1,DDOS attack-HOIC
1063,1112,1121,1122,2018-02-21 02:28:51,2018-02-21 02:29:00,2018-02-21 02:29:01,1,DDOS attack-HOIC
1064,1113,1122,1123,2018-02-21 02:28:52,2018-02-21 02:29:01,2018-02-21 02:29:02,1,DDOS attack-HOIC
1065,1114,1123,1124,2018-02-21 02:28:53,2018-02-21 02:29:02,2018-02-21 02:29:03,1,DDOS attack-HOIC
1066,1115,1124,1125,2018-02-21 02:28:54,2018-02-21 02:29:03,2018-02-21 02:29:04,1,DDOS attack-HOIC
1067,1116,1125,1126,2018-02-21 02:28:55,2018-02-21 02:29:04,2018-02-21 02:29:05,1,DDOS attack-HOIC
1068,1117,1126,1127,2018-02-21 02:28:56,2018-02-21 02:29:05,2018-02-21 02:29:06,1,DDOS attack-HOIC
1069,1118,1127,1128,2018-02-21 02:28:57,2018-02-21 02:29:06,2018-02-21 02:29:07,1,DDOS attack-HOIC
1070,1119,1128,1129,2018-02-21 02:28:58,2018-02-21 02:29:07,2018-02-21 02:29:08,1,DDOS attack-HOIC
1071,1120,1129,1130,2018-02-21 02:28:59,2018-02-21 02:29:08,2018-02-21 02:29:09,1,DDOS attack-HOIC
1072,1121,1130,1131,2018-02-21 02:29:00,2018-02-21 02:29:09,2018-02-21 02:29:10,1,DDOS attack-HOIC
1073,1122,1131,1132,2018-02-21 02:29:01,2018-02-21 02:29:10,2018-02-21 02:29:11,1,DDOS attack-HOIC
1074,1123,1132,1133,2018-02-21 02:29:02,2018-02-21 02:29:11,2018-02-21 02:29:12,1,DDOS attack-HOIC
1075,1124,1133,1134,2018-02-21 02:29:03,2018-02-21 02:29:12,2018-02-21 02:29:13,1,DDOS attack-HOIC
1076,1125,1134,1135,2018-02-21 02:29:04,2018-02-21 02:29:13,2018-02-21 02:29:14,1,DDOS attack-HOIC
1077,1126,1135,1136,2018-02-21 02:29:05,2018-02-21 02:29:14,2018-02-21 02:29:15,1,DDOS attack-HOIC
1078,1127,1136,1137,2018-02-21 02:29:06,2018-02-21 02:29:15,2018-02-21 02:29:16,1,DDOS attack-HOIC
1079,1128,1137,1138,2018-02-21 02:29:07,2018-02-21 02:29:16,2018-02-21 02:29:17,1,DDOS attack-HOIC
1080,1129,1138,1139,2018-02-21 02:29:08,2018-02-21 02:29:17,2018-02-21 02:29:18,1,DDOS attack-HOIC
1081,1130,1139,1140,2018-02-21 02:29:09,2018-02-21 02:29:18,2018-02-21 02:29:19,1,DDOS attack-HOIC
1082,1131,1140,1141,2018-02-21 02:29:10,2018-02-21 02:29:19,2018-02-21 02:29:20,1,DDOS attack-HOIC
1083,1132,1141,1142,2018-02-21 02:29:11,2018-02-21 02:29:20,2018-02-21 02:29:21,1,DDOS attack-HOIC
1084,1133,1142,1143,2018-02-21 02:29:12,2018-02-21 02:29:21,2018-02-21 02:29:22,1,DDOS attack-HOIC
1085,1134,1143,1144,2018-02-21 02:29:13,2018-02-21 02:29:22,2018-02-21 02:29:23,1,DDOS attack-HOIC
1086,1135,1144,1145,2018-02-21 02:29:14,2018-02-21 02:29:23,2018-02-21 02:29:24,1,DDOS attack-HOIC
1087,1136,1145,1146,2018-02-21 02:29:15,2018-02-21 02:29:24,2018-02-21 02:29:25,1,DDOS attack-HOIC
1088,1137,1146,1147,2018-02-21 02:29:16,2018-02-21 02:29:25,2018-02-21 02:29:26,1,DDOS attack-HOIC
1089,1138,1147,1148,2018-02-21 02:29:17,2018-02-21 02:29:26,2018-02-21 02:29:27,1,DDOS attack-HOIC
1090,1139,1148,1149,2018-02-21 02:29:18,2018-02-21 02:29:27,2018-02-21 02:29:28,1,DDOS attack-HOIC
1091,1140,1149,1150,2018-02-21 02:29:19,2018-02-21 02:29:28,2018-02-21 02:29:29,1,DDOS attack-HOIC
1092,1141,1150,1151,2018-02-21 02:29:20,2018-02-21 02:29:29,2018-02-21 02:29:30,1,DDOS attack-HOIC
1093,1142,1151,1152,2018-02-21 02:29:21,2018-02-21 02:29:30,2018-02-21 02:29:31,1,DDOS attack-HOIC
1094,1143,1152,1153,2018-02-21 02:29:22,2018-02-21 02:29:31,2018-02-21 02:29:32,1,DDOS attack-HOIC
1095,1144,1153,1154,2018-02-21 02:29:23,2018-02-21 02:29:32,2018-02-21 02:29:33,1,DDOS attack-HOIC
1096,1145,1154,1155,2018-02-21 02:29:24,2018-02-21 02:29:33,2018-02-21 02:29:34,1,DDOS attack-HOIC
1097,1146,1155,1156,2018-02-21 02:29:25,2018-02-21 02:29:34,2018-02-21 02:29:35,1,DDOS attack-HOIC
1098,1147,1156,1157,2018-02-21 02:29:26,2018-02-21 02:29:35,2018-02-21 02:29:36,1,DDOS attack-HOIC
1099,1148,1157,1158,2018-02-21 02:29:27,2018-02-21 02:29:36,2018-02-21 02:29:37,1,DDOS attack-HOIC
1100,1149,1158,1159,2018-02-21 02:29:28,2018-02-21 02:29:37,2018-02-21 02:29:38,1,DDOS attack-HOIC
1101,1150,1159,1160,2018-02-21 02:29:29,2018-02-21 02:29:38,2018-02-21 02:29:39,1,DDOS attack-HOIC
1102,1151,1160,1161,2018-02-21 02:29:30,2018-02-21 02:29:39,2018-02-21 02:29:40,1,DDOS attack-HOIC
1103,1152,1161,1162,2018-02-21 02:29:31,2018-02-21 02:29:40,2018-02-21 02:29:41,1,DDOS attack-HOIC
1104,1153,1162,1163,2018-02-21 02:29:32,2018-02-21 02:29:41,2018-02-21 02:29:42,1,DDOS attack-HOIC
1105,1154,1163,1164,2018-02-21 02:29:33,2018-02-21 02:29:42,2018-02-21 02:29:43,1,DDOS attack-HOIC
1106,1155,1164,1165,2018-02-21 02:29:34,2018-02-21 02:29:43,2018-02-21 02:29:44,1,DDOS attack-HOIC
1107,1156,1165,1166,2018-02-21 02:29:35,2018-02-21 02:29:44,2018-02-21 02:29:45,1,DDOS attack-HOIC
1108,1157,1166,1167,2018-02-21 02:29:36,2018-02-21 02:29:45,2018-02-21 02:29:46,1,DDOS attack-HOIC
1109,1158,1167,1168,2018-02-21 02:29:37,2018-02-21 02:29:46,2018-02-21 02:29:47,1,DDOS attack-HOIC
1110,1159,1168,1169,2018-02-21 02:29:38,2018-02-21 02:29:47,2018-02-21 02:29:48,1,DDOS attack-HOIC
1111,1160,1169,1170,2018-02-21 02:29:39,2018-02-21 02:29:48,2018-02-21 02:29:49,1,DDOS attack-HOIC
1112,1161,1170,1171,2018-02-21 02:29:40,2018-02-21 02:29:49,2018-02-21 02:29:50,1,DDOS attack-HOIC
1113,1162,1171,1172,2018-02-21 02:29:41,2018-02-21 02:29:50,2018-02-21 02:29:51,1,DDOS attack-HOIC
1114,1163,1172,1173,2018-02-21 02:29:42,2018-02-21 02:29:51,2018-02-21 02:29:52,1,DDOS attack-HOIC
1115,1164,1173,1174,2018-02-21 02:29:43,2018-02-21 02:29:52,2018-02-21 02:29:53,1,DDOS attack-HOIC
1116,1165,1174,1175,2018-02-21 02:29:44,2018-02-21 02:29:53,2018-02-21 02:29:54,1,DDOS attack-HOIC
1117,1166,1175,1176,2018-02-21 02:29:45,2018-02-21 02:29:54,2018-02-21 02:29:55,1,DDOS attack-HOIC
1118,1167,1176,1177,2018-02-21 02:29:46,2018-02-21 02:29:55,2018-02-21 02:29:56,1,DDOS attack-HOIC
1119,1168,1177,1178,2018-02-21 02:29:47,2018-02-21 02:29:56,2018-02-21 02:29:57,1,DDOS attack-HOIC
1120,1169,1178,1179,2018-02-21 02:29:48,2018-02-21 02:29:57,2018-02-21 02:29:58,1,DDOS attack-HOIC
1121,1170,1179,1180,2018-02-21 02:29:49,2018-02-21 02:29:58,2018-02-21 02:29:59,1,DDOS attack-HOIC
1122,1171,1180,1181,2018-02-21 02:29:50,2018-02-21 02:29:59,2018-02-21 02:30:00,1,DDOS attack-HOIC
1123,1172,1181,1182,2018-02-21 02:29:51,2018-02-21 02:30:00,2018-02-21 02:30:01,1,DDOS attack-HOIC
1124,1173,1182,1183,2018-02-21 02:29:52,2018-02-21 02:30:01,2018-02-21 02:30:02,1,DDOS attack-HOIC
1125,1174,1183,1184,2018-02-21 02:29:53,2018-02-21 02:30:02,2018-02-21 02:30:03,1,DDOS attack-HOIC
1126,1175,1184,1185,2018-02-21 02:29:54,2018-02-21 02:30:03,2018-02-21 02:30:04,1,DDOS attack-HOIC
1127,1176,1185,1186,2018-02-21 02:29:55,2018-02-21 02:30:04,2018-02-21 02:30:05,1,DDOS attack-HOIC
1128,1177,1186,1187,2018-02-21 02:29:56,2018-02-21 02:30:05,2018-02-21 02:30:06,1,DDOS attack-HOIC
1129,1178,1187,1188,2018-02-21 02:29:57,2018-02-21 02:30:06,2018-02-21 02:30:07,1,DDOS attack-HOIC
1130,1179,1188,1189,2018-02-21 02:29:58,2018-02-21 02:30:07,2018-02-21 02:30:08,1,DDOS attack-HOIC
1131,1180,1189,1190,2018-02-21 02:29:59,2018-02-21 02:30:08,2018-02-21 02:30:09,1,DDOS attack-HOIC
1132,1181,1190,1191,2018-02-21 02:30:00,2018-02-21 02:30:09,2018-02-21 02:30:10,1,DDOS attack-HOIC
1133,1182,1191,1192,2018-02-21 02:30:01,2018-02-21 02:30:10,2018-02-21 02:30:11,1,DDOS attack-HOIC
1134,1183,1192,1193,2018-02-21 02:30:02,2018-02-21 02:30:11,2018-02-21 02:30:12,1,DDOS attack-HOIC
1135,1184,1193,1194,2018-02-21 02:30:03,2018-02-21 02:30:12,2018-02-21 02:30:13,1,DDOS attack-HOIC
1136,1185,1194,1195,2018-02-21 02:30:04,2018-02-21 02:30:13,2018-02-21 02:30:14,1,DDOS attack-HOIC
1137,1186,1195,1196,2018-02-21 02:30:05,2018-02-21 02:30:14,2018-02-21 02:30:15,1,DDOS attack-HOIC
1138,1187,1196,1197,2018-02-21 02:30:06,2018-02-21 02:30:15,2018-02-21 02:30:16,1,DDOS attack-HOIC
1139,1188,1197,1198,2018-02-21 02:30:07,2018-02-21 02:30:16,2018-02-21 02:30:17,1,DDOS attack-HOIC
1140,1189,1198,1199,2018-02-21 02:30:08,2018-02-21 02:30:17,2018-02-21 02:30:18,1,DDOS attack-HOIC
1141,1190,1199,1200,2018-02-21 02:30:09,2018-02-21 02:30:18,2018-02-21 02:30:19,1,DDOS attack-HOIC
1142,1191,1200,1201,2018-02-21 02:30:10,2018-02-21 02:30:19,2018-02-21 02:30:20,1,DDOS attack-HOIC
1143,1192,1201,1202,2018-02-21 02:30:11,2018-02-21 02:30:20,2018-02-21 02:30:21,1,DDOS attack-HOIC
1144,1193,1202,1203,2018-02-21 02:30:12,2018-02-21 02:30:21,2018-02-21 02:30:22,1,DDOS attack-HOIC
1145,1194,1203,1204,2018-02-21 02:30:13,2018-02-21 02:30:22,2018-02-21 02:30:23,1,DDOS attack-HOIC
1146,1195,1204,1205,2018-02-21 02:30:14,2018-02-21 02:30:23,2018-02-21 02:30:24,1,DDOS attack-HOIC
1147,1196,1205,1206,2018-02-21 02:30:15,2018-02-21 02:30:24,2018-02-21 02:30:25,1,DDOS attack-HOIC
1148,1197,1206,1207,2018-02-21 02:30:16,2018-02-21 02:30:25,2018-02-21 02:30:26,1,DDOS attack-HOIC
1149,1198,1207,1208,2018-02-21 02:30:17,2018-02-21 02:30:26,2018-02-21 02:30:27,1,DDOS attack-HOIC
1150,1199,1208,1209,2018-02-21 02:30:18,2018-02-21 02:30:27,2018-02-21 02:30:28,1,DDOS attack-HOIC
1151,1200,1209,1210,2018-02-21 02:30:19,2018-02-21 02:30:28,2018-02-21 02:30:29,1,DDOS attack-HOIC
1152,1201,1210,1211,2018-02-21 02:30:20,2018-02-21 02:30:29,2018-02-21 02:30:30,1,DDOS attack-HOIC
1153,1202,1211,1212,2018-02-21 02:30:21,2018-02-21 02:30:30,2018-02-21 02:30:31,1,DDOS attack-HOIC
1154,1203,1212,1213,2018-02-21 02:30:22,2018-02-21 02:30:31,2018-02-21 02:30:32,1,DDOS attack-HOIC
1155,1204,1213,1214,2018-02-21 02:30:23,2018-02-21 02:30:32,2018-02-21 02:30:33,1,DDOS attack-HOIC
1156,1205,1214,1215,2018-02-21 02:30:24,2018-02-21 02:30:33,2018-02-21 02:30:34,1,DDOS attack-HOIC
1157,1206,1215,1216,2018-02-21 02:30:25,2018-02-21 02:30:34,2018-02-21 02:30:35,1,DDOS attack-HOIC
1158,1207,1216,1217,2018-02-21 02:30:26,2018-02-21 02:30:35,2018-02-21 02:30:36,1,DDOS attack-HOIC
1159,1208,1217,1218,2018-02-21 02:30:27,2018-02-21 02:30:36,2018-02-21 02:30:37,1,DDOS attack-HOIC
1160,1209,1218,1219,2018-02-21 02:30:28,2018-02-21 02:30:37,2018-02-21 02:30:38,1,DDOS attack-HOIC
1161,1210,1219,1220,2018-02-21 02:30:29,2018-02-21 02:30:38,2018-02-21 02:30:39,1,DDOS attack-HOIC
1162,1211,1220,1221,2018-02-21 02:30:30,2018-02-21 02:30:39,2018-02-21 02:30:40,1,DDOS attack-HOIC
1163,1212,1221,1222,2018-02-21 02:30:31,2018-02-21 02:30:40,2018-02-21 02:30:41,1,DDOS attack-HOIC
1164,1213,1222,1223,2018-02-21 02:30:32,2018-02-21 02:30:41,2018-02-21 02:30:42,1,DDOS attack-HOIC
1165,1214,1223,1224,2018-02-21 02:30:33,2018-02-21 02:30:42,2018-02-21 02:30:43,1,DDOS attack-HOIC
1166,1215,1224,1225,2018-02-21 02:30:34,2018-02-21 02:30:43,2018-02-21 02:30:44,1,DDOS attack-HOIC
1167,1216,1225,1226,2018-02-21 02:30:35,2018-02-21 02:30:44,2018-02-21 02:30:45,1,DDOS attack-HOIC
1168,1217,1226,1227,2018-02-21 02:30:36,2018-02-21 02:30:45,2018-02-21 02:30:46,1,DDOS attack-HOIC
1169,1218,1227,1228,2018-02-21 02:30:37,2018-02-21 02:30:46,2018-02-21 02:30:47,1,DDOS attack-HOIC
1170,1219,1228,1229,2018-02-21 02:30:38,2018-02-21 02:30:47,2018-02-21 02:30:48,1,DDOS attack-HOIC
1171,1220,1229,1230,2018-02-21 02:30:39,2018-02-21 02:30:48,2018-02-21 02:30:49,1,DDOS attack-HOIC
1172,1221,1230,1231,2018-02-21 02:30:40,2018-02-21 02:30:49,2018-02-21 02:30:50,1,DDOS attack-HOIC
1173,1222,1231,1232,2018-02-21 02:30:41,2018-02-21 02:30:50,2018-02-21 02:30:51,1,DDOS attack-HOIC
1174,1223,1232,1233,2018-02-21 02:30:42,2018-02-21 02:30:51,2018-02-21 02:30:52,1,DDOS attack-HOIC
1175,1224,1233,1234,2018-02-21 02:30:43,2018-02-21 02:30:52,2018-02-21 02:30:53,1,DDOS attack-HOIC
1176,1225,1234,1235,2018-02-21 02:30:44,2018-02-21 02:30:53,2018-02-21 02:30:54,1,DDOS attack-HOIC
1177,1226,1235,1236,2018-02-21 02:30:45,2018-02-21 02:30:54,2018-02-21 02:30:55,1,DDOS attack-HOIC
1178,1227,1236,1237,2018-02-21 02:30:46,2018-02-21 02:30:55,2018-02-21 02:30:56,1,DDOS attack-HOIC
1179,1228,1237,1238,2018-02-21 02:30:47,2018-02-21 02:30:56,2018-02-21 02:30:57,1,DDOS attack-HOIC
1180,1229,1238,1239,2018-02-21 02:30:48,2018-02-21 02:30:57,2018-02-21 02:30:58,1,DDOS attack-HOIC
1181,1230,1239,1240,2018-02-21 02:30:49,2018-02-21 02:30:58,2018-02-21 02:30:59,1,DDOS attack-HOIC
1182,1231,1240,1241,2018-02-21 02:30:50,2018-02-21 02:30:59,2018-02-21 02:31:00,1,DDOS attack-HOIC
1183,1232,1241,1242,2018-02-21 02:30:51,2018-02-21 02:31:00,2018-02-21 02:31:01,1,DDOS attack-HOIC
1184,1233,1242,1243,2018-02-21 02:30:52,2018-02-21 02:31:01,2018-02-21 02:31:02,1,DDOS attack-HOIC
1185,1234,1243,1244,2018-02-21 02:30:53,2018-02-21 02:31:02,2018-02-21 02:31:03,1,DDOS attack-HOIC
1186,1235,1244,1245,2018-02-21 02:30:54,2018-02-21 02:31:03,2018-02-21 02:31:04,1,DDOS attack-HOIC
1187,1236,1245,1246,2018-02-21 02:30:55,2018-02-21 02:31:04,2018-02-21 02:31:05,1,DDOS attack-HOIC
1188,1237,1246,1247,2018-02-21 02:30:56,2018-02-21 02:31:05,2018-02-21 02:31:06,1,DDOS attack-HOIC
1189,1238,1247,1248,2018-02-21 02:30:57,2018-02-21 02:31:06,2018-02-21 02:31:07,1,DDOS attack-HOIC
1190,1239,1248,1249,2018-02-21 02:30:58,2018-02-21 02:31:07,2018-02-21 02:31:08,1,DDOS attack-HOIC
1191,1240,1249,1250,2018-02-21 02:30:59,2018-02-21 02:31:08,2018-02-21 02:31:09,1,DDOS attack-HOIC
1192,1241,1250,1251,2018-02-21 02:31:00,2018-02-21 02:31:09,2018-02-21 02:31:10,1,DDOS attack-HOIC
1193,1242,1251,1252,2018-02-21 02:31:01,2018-02-21 02:31:10,2018-02-21 02:31:11,1,DDOS attack-HOIC
1194,1243,1252,1253,2018-02-21 02:31:02,2018-02-21 02:31:11,2018-02-21 02:31:12,1,DDOS attack-HOIC
1195,1244,1253,1254,2018-02-21 02:31:03,2018-02-21 02:31:12,2018-02-21 02:31:13,1,DDOS attack-HOIC
1196,1245,1254,1255,2018-02-21 02:31:04,2018-02-21 02:31:13,2018-02-21 02:31:14,1,DDOS attack-HOIC
1197,1246,1255,1256,2018-02-21 02:31:05,2018-02-21 02:31:14,2018-02-21 02:31:15,1,DDOS attack-HOIC
1198,1247,1256,1257,2018-02-21 02:31:06,2018-02-21 02:31:15,2018-02-21 02:31:16,1,DDOS attack-HOIC
1199,1248,1257,1258,2018-02-21 02:31:07,2018-02-21 02:31:16,2018-02-21 02:31:17,1,DDOS attack-HOIC
1200,1249,1258,1259,2018-02-21 02:31:08,2018-02-21 02:31:17,2018-02-21 02:31:18,1,DDOS attack-HOIC
1201,1250,1259,1260,2018-02-21 02:31:09,2018-02-21 02:31:18,2018-02-21 02:31:19,1,DDOS attack-HOIC
1202,1251,1260,1261,2018-02-21 02:31:10,2018-02-21 02:31:19,2018-02-21 02:31:20,1,DDOS attack-HOIC
1203,1252,1261,1262,2018-02-21 02:31:11,2018-02-21 02:31:20,2018-02-21 02:31:21,1,DDOS attack-HOIC
1204,1253,1262,1263,2018-02-21 02:31:12,2018-02-21 02:31:21,2018-02-21 02:31:22,1,DDOS attack-HOIC
1205,1254,1263,1264,2018-02-21 02:31:13,2018-02-21 02:31:22,2018-02-21 02:31:23,1,DDOS attack-HOIC
1206,1255,1264,1265,2018-02-21 02:31:14,2018-02-21 02:31:23,2018-02-21 02:31:24,1,DDOS attack-HOIC
1207,1256,1265,1266,2018-02-21 02:31:15,2018-02-21 02:31:24,2018-02-21 02:31:25,1,DDOS attack-HOIC
1208,1257,1266,1267,2018-02-21 02:31:16,2018-02-21 02:31:25,2018-02-21 02:31:26,1,DDOS attack-HOIC
1209,1258,1267,1268,2018-02-21 02:31:17,2018-02-21 02:31:26,2018-02-21 02:31:27,1,DDOS attack-HOIC
1210,1259,1268,1269,2018-02-21 02:31:18,2018-02-21 02:31:27,2018-02-21 02:31:28,1,DDOS attack-HOIC
1211,1260,1269,1270,2018-02-21 02:31:19,2018-02-21 02:31:28,2018-02-21 02:31:29,1,DDOS attack-HOIC
1212,1261,1270,1271,2018-02-21 02:31:20,2018-02-21 02:31:29,2018-02-21 02:31:30,1,DDOS attack-HOIC
1213,1262,1271,1272,2018-02-21 02:31:21,2018-02-21 02:31:30,2018-02-21 02:31:31,1,DDOS attack-HOIC
1214,1263,1272,1273,2018-02-21 02:31:22,2018-02-21 02:31:31,2018-02-21 02:31:32,1,DDOS attack-HOIC
1215,1264,1273,1274,2018-02-21 02:31:23,2018-02-21 02:31:32,2018-02-21 02:31:33,1,DDOS attack-HOIC
1216,1265,1274,1275,2018-02-21 02:31:24,2018-02-21 02:31:33,2018-02-21 02:31:34,1,DDOS attack-HOIC
1217,1266,1275,1276,2018-02-21 02:31:25,2018-02-21 02:31:34,2018-02-21 02:31:35,1,DDOS attack-HOIC
1218,1267,1276,1277,2018-02-21 02:31:26,2018-02-21 02:31:35,2018-02-21 02:31:36,1,DDOS attack-HOIC
1219,1268,1277,1278,2018-02-21 02:31:27,2018-02-21 02:31:36,2018-02-21 02:31:37,1,DDOS attack-HOIC
1220,1269,1278,1279,2018-02-21 02:31:28,2018-02-21 02:31:37,2018-02-21 02:31:38,1,DDOS attack-HOIC
1221,1270,1279,1280,2018-02-21 02:31:29,2018-02-21 02:31:38,2018-02-21 02:31:39,1,DDOS attack-HOIC
1222,1271,1280,1281,2018-02-21 02:31:30,2018-02-21 02:31:39,2018-02-21 02:31:40,1,DDOS attack-HOIC
1223,1272,1281,1282,2018-02-21 02:31:31,2018-02-21 02:31:40,2018-02-21 02:31:41,1,DDOS attack-HOIC
1224,1273,1282,1283,2018-02-21 02:31:32,2018-02-21 02:31:41,2018-02-21 02:31:42,1,DDOS attack-HOIC
1225,1274,1283,1284,2018-02-21 02:31:33,2018-02-21 02:31:42,2018-02-21 02:31:43,1,DDOS attack-HOIC
1226,1275,1284,1285,2018-02-21 02:31:34,2018-02-21 02:31:43,2018-02-21 02:31:44,1,DDOS attack-HOIC
1227,1276,1285,1286,2018-02-21 02:31:35,2018-02-21 02:31:44,2018-02-21 02:31:45,1,DDOS attack-HOIC
1228,1277,1286,1287,2018-02-21 02:31:36,2018-02-21 02:31:45,2018-02-21 02:31:46,1,DDOS attack-HOIC
1229,1278,1287,1288,2018-02-21 02:31:37,2018-02-21 02:31:46,2018-02-21 02:31:47,1,DDOS attack-HOIC
1230,1279,1288,1289,2018-02-21 02:31:38,2018-02-21 02:31:47,2018-02-21 02:31:48,1,DDOS attack-HOIC
1231,1280,1289,1290,2018-02-21 02:31:39,2018-02-21 02:31:48,2018-02-21 02:31:49,1,DDOS attack-HOIC
1232,1281,1290,1291,2018-02-21 02:31:40,2018-02-21 02:31:49,2018-02-21 02:31:50,1,DDOS attack-HOIC
1233,1282,1291,1292,2018-02-21 02:31:41,2018-02-21 02:31:50,2018-02-21 02:31:51,1,DDOS attack-HOIC
1234,1283,1292,1293,2018-02-21 02:31:42,2018-02-21 02:31:51,2018-02-21 02:31:52,1,DDOS attack-HOIC
1235,1284,1293,1294,2018-02-21 02:31:43,2018-02-21 02:31:52,2018-02-21 02:31:53,1,DDOS attack-HOIC
1236,1285,1294,1295,2018-02-21 02:31:44,2018-02-21 02:31:53,2018-02-21 02:31:54,1,DDOS attack-HOIC
1237,1286,1295,1296,2018-02-21 02:31:45,2018-02-21 02:31:54,2018-02-21 02:31:55,1,DDOS attack-HOIC
1238,1287,1296,1297,2018-02-21 02:31:46,2018-02-21 02:31:55,2018-02-21 02:31:56,1,DDOS attack-HOIC
1239,1288,1297,1298,2018-02-21 02:31:47,2018-02-21 02:31:56,2018-02-21 02:31:57,1,DDOS attack-HOIC
1240,1289,1298,1299,2018-02-21 02:31:48,2018-02-21 02:31:57,2018-02-21 02:31:58,1,DDOS attack-HOIC
1241,1290,1299,1300,2018-02-21 02:31:49,2018-02-21 02:31:58,2018-02-21 02:31:59,1,DDOS attack-HOIC
1242,1291,1300,1301,2018-02-21 02:31:50,2018-02-21 02:31:59,2018-02-21 02:32:00,1,DDOS attack-HOIC
1243,1292,1301,1302,2018-02-21 02:31:51,2018-02-21 02:32:00,2018-02-21 02:32:01,1,DDOS attack-HOIC
1244,1293,1302,1303,2018-02-21 02:31:52,2018-02-21 02:32:01,2018-02-21 02:32:02,1,DDOS attack-HOIC
1245,1294,1303,1304,2018-02-21 02:31:53,2018-02-21 02:32:02,2018-02-21 02:32:03,1,DDOS attack-HOIC
1246,1295,1304,1305,2018-02-21 02:31:54,2018-02-21 02:32:03,2018-02-21 02:32:04,1,DDOS attack-HOIC
1247,1296,1305,1306,2018-02-21 02:31:55,2018-02-21 02:32:04,2018-02-21 02:32:05,1,DDOS attack-HOIC
1248,1297,1306,1307,2018-02-21 02:31:56,2018-02-21 02:32:05,2018-02-21 02:32:06,1,DDOS attack-HOIC
1249,1298,1307,1308,2018-02-21 02:31:57,2018-02-21 02:32:06,2018-02-21 02:32:07,1,DDOS attack-HOIC
1250,1299,1308,1309,2018-02-21 02:31:58,2018-02-21 02:32:07,2018-02-21 02:32:08,1,DDOS attack-HOIC
1251,1300,1309,1310,2018-02-21 02:31:59,2018-02-21 02:32:08,2018-02-21 02:32:09,1,DDOS attack-HOIC
1252,1301,1310,1311,2018-02-21 02:32:00,2018-02-21 02:32:09,2018-02-21 02:32:10,1,DDOS attack-HOIC
1253,1302,1311,1312,2018-02-21 02:32:01,2018-02-21 02:32:10,2018-02-21 02:32:11,1,DDOS attack-HOIC
1254,1303,1312,1313,2018-02-21 02:32:02,2018-02-21 02:32:11,2018-02-21 02:32:12,1,DDOS attack-HOIC
1255,1304,1313,1314,2018-02-21 02:32:03,2018-02-21 02:32:12,2018-02-21 02:32:13,1,DDOS attack-HOIC
1256,1305,1314,1315,2018-02-21 02:32:04,2018-02-21 02:32:13,2018-02-21 02:32:14,1,DDOS attack-HOIC
1257,1306,1315,1316,2018-02-21 02:32:05,2018-02-21 02:32:14,2018-02-21 02:32:15,1,DDOS attack-HOIC
1258,1307,1316,1317,2018-02-21 02:32:06,2018-02-21 02:32:15,2018-02-21 02:32:16,1,DDOS attack-HOIC
1259,1308,1317,1318,2018-02-21 02:32:07,2018-02-21 02:32:16,2018-02-21 02:32:17,1,DDOS attack-HOIC
1260,1309,1318,1319,2018-02-21 02:32:08,2018-02-21 02:32:17,2018-02-21 02:32:18,1,DDOS attack-HOIC
1261,1310,1319,1320,2018-02-21 02:32:09,2018-02-21 02:32:18,2018-02-21 02:32:19,1,DDOS attack-HOIC
1262,1311,1320,1321,2018-02-21 02:32:10,2018-02-21 02:32:19,2018-02-21 02:32:20,1,DDOS attack-HOIC
1263,1312,1321,1322,2018-02-21 02:32:11,2018-02-21 02:32:20,2018-02-21 02:32:21,1,DDOS attack-HOIC
1264,1313,1322,1323,2018-02-21 02:32:12,2018-02-21 02:32:21,2018-02-21 02:32:22,1,DDOS attack-HOIC
1265,1314,1323,1324,2018-02-21 02:32:13,2018-02-21 02:32:22,2018-02-21 02:32:23,1,DDOS attack-HOIC
1266,1315,1324,1325,2018-02-21 02:32:14,2018-02-21 02:32:23,2018-02-21 02:32:24,1,DDOS attack-HOIC
1267,1316,1325,1326,2018-02-21 02:32:15,2018-02-21 02:32:24,2018-02-21 02:32:25,1,DDOS attack-HOIC
1268,1317,1326,1327,2018-02-21 02:32:16,2018-02-21 02:32:25,2018-02-21 02:32:26,1,DDOS attack-HOIC
1269,1318,1327,1328,2018-02-21 02:32:17,2018-02-21 02:32:26,2018-02-21 02:32:27,1,DDOS attack-HOIC
1270,1319,1328,1329,2018-02-21 02:32:18,2018-02-21 02:32:27,2018-02-21 02:32:28,1,DDOS attack-HOIC
1271,1320,1329,1330,2018-02-21 02:32:19,2018-02-21 02:32:28,2018-02-21 02:32:29,1,DDOS attack-HOIC
1272,1321,1330,1331,2018-02-21 02:32:20,2018-02-21 02:32:29,2018-02-21 02:32:30,1,DDOS attack-HOIC
1273,1322,1331,1332,2018-02-21 02:32:21,2018-02-21 02:32:30,2018-02-21 02:32:31,1,DDOS attack-HOIC
1274,1323,1332,1333,2018-02-21 02:32:22,2018-02-21 02:32:31,2018-02-21 02:32:32,1,DDOS attack-HOIC
1275,1324,1333,1334,2018-02-21 02:32:23,2018-02-21 02:32:32,2018-02-21 02:32:33,1,DDOS attack-HOIC
1276,1325,1334,1335,2018-02-21 02:32:24,2018-02-21 02:32:33,2018-02-21 02:32:34,1,DDOS attack-HOIC
1277,1326,1335,1336,2018-02-21 02:32:25,2018-02-21 02:32:34,2018-02-21 02:32:35,1,DDOS attack-HOIC
1278,1327,1336,1337,2018-02-21 02:32:26,2018-02-21 02:32:35,2018-02-21 02:32:36,1,DDOS attack-HOIC
1279,1328,1337,1338,2018-02-21 02:32:27,2018-02-21 02:32:36,2018-02-21 02:32:37,1,DDOS attack-HOIC
1280,1329,1338,1339,2018-02-21 02:32:28,2018-02-21 02:32:37,2018-02-21 02:32:38,1,DDOS attack-HOIC
1281,1330,1339,1340,2018-02-21 02:32:29,2018-02-21 02:32:38,2018-02-21 02:32:39,1,DDOS attack-HOIC
1282,1331,1340,1341,2018-02-21 02:32:30,2018-02-21 02:32:39,2018-02-21 02:32:40,1,DDOS attack-HOIC
1283,1332,1341,1342,2018-02-21 02:32:31,2018-02-21 02:32:40,2018-02-21 02:32:41,1,DDOS attack-HOIC
1284,1333,1342,1343,2018-02-21 02:32:32,2018-02-21 02:32:41,2018-02-21 02:32:42,1,DDOS attack-HOIC
1285,1334,1343,1344,2018-02-21 02:32:33,2018-02-21 02:32:42,2018-02-21 02:32:43,1,DDOS attack-HOIC
1286,1335,1344,1345,2018-02-21 02:32:34,2018-02-21 02:32:43,2018-02-21 02:32:44,1,DDOS attack-HOIC
1287,1336,1345,1346,2018-02-21 02:32:35,2018-02-21 02:32:44,2018-02-21 02:32:45,1,DDOS attack-HOIC
1288,1337,1346,1347,2018-02-21 02:32:36,2018-02-21 02:32:45,2018-02-21 02:32:46,1,DDOS attack-HOIC
1289,1338,1347,1348,2018-02-21 02:32:37,2018-02-21 02:32:46,2018-02-21 02:32:47,1,DDOS attack-HOIC
1290,1339,1348,1349,2018-02-21 02:32:38,2018-02-21 02:32:47,2018-02-21 02:32:48,1,DDOS attack-HOIC
1291,1340,1349,1350,2018-02-21 02:32:39,2018-02-21 02:32:48,2018-02-21 02:32:49,1,DDOS attack-HOIC
1292,1341,1350,1351,2018-02-21 02:32:40,2018-02-21 02:32:49,2018-02-21 02:32:50,1,DDOS attack-HOIC
1293,1342,1351,1352,2018-02-21 02:32:41,2018-02-21 02:32:50,2018-02-21 02:32:51,1,DDOS attack-HOIC
1294,1343,1352,1353,2018-02-21 02:32:42,2018-02-21 02:32:51,2018-02-21 02:32:52,1,DDOS attack-HOIC
1295,1344,1353,1354,2018-02-21 02:32:43,2018-02-21 02:32:52,2018-02-21 02:32:53,1,DDOS attack-HOIC
1296,1345,1354,1355,2018-02-21 02:32:44,2018-02-21 02:32:53,2018-02-21 02:32:54,1,DDOS attack-HOIC
1297,1346,1355,1356,2018-02-21 02:32:45,2018-02-21 02:32:54,2018-02-21 02:32:55,1,DDOS attack-HOIC
1298,1347,1356,1357,2018-02-21 02:32:46,2018-02-21 02:32:55,2018-02-21 02:32:56,1,DDOS attack-HOIC
1299,1348,1357,1358,2018-02-21 02:32:47,2018-02-21 02:32:56,2018-02-21 02:32:57,1,DDOS attack-HOIC
1300,1349,1358,1359,2018-02-21 02:32:48,2018-02-21 02:32:57,2018-02-21 02:32:58,1,DDOS attack-HOIC
1301,1350,1359,1360,2018-02-21 02:32:49,2018-02-21 02:32:58,2018-02-21 02:32:59,1,DDOS attack-HOIC
1302,1351,1360,1361,2018-02-21 02:32:50,2018-02-21 02:32:59,2018-02-21 02:33:00,1,DDOS attack-HOIC
1303,1352,1361,1362,2018-02-21 02:32:51,2018-02-21 02:33:00,2018-02-21 02:33:01,1,DDOS attack-HOIC
1304,1353,1362,1363,2018-02-21 02:32:52,2018-02-21 02:33:01,2018-02-21 02:33:02,1,DDOS attack-HOIC
1305,1354,1363,1364,2018-02-21 02:32:53,2018-02-21 02:33:02,2018-02-21 02:33:03,1,DDOS attack-HOIC
1306,1355,1364,1365,2018-02-21 02:32:54,2018-02-21 02:33:03,2018-02-21 02:33:04,1,DDOS attack-HOIC
1307,1356,1365,1366,2018-02-21 02:32:55,2018-02-21 02:33:04,2018-02-21 02:33:05,1,DDOS attack-HOIC
1308,1357,1366,1367,2018-02-21 02:32:56,2018-02-21 02:33:05,2018-02-21 02:33:06,1,DDOS attack-HOIC
1309,1358,1367,1368,2018-02-21 02:32:57,2018-02-21 02:33:06,2018-02-21 02:33:07,1,DDOS attack-HOIC
1310,1359,1368,1369,2018-02-21 02:32:58,2018-02-21 02:33:07,2018-02-21 02:33:08,1,DDOS attack-HOIC
1311,1360,1369,1370,2018-02-21 02:32:59,2018-02-21 02:33:08,2018-02-21 02:33:09,1,DDOS attack-HOIC
1312,1361,1370,1371,2018-02-21 02:33:00,2018-02-21 02:33:09,2018-02-21 02:33:10,1,DDOS attack-HOIC
1313,1362,1371,1372,2018-02-21 02:33:01,2018-02-21 02:33:10,2018-02-21 02:33:11,1,DDOS attack-HOIC
1314,1363,1372,1373,2018-02-21 02:33:02,2018-02-21 02:33:11,2018-02-21 02:33:12,1,DDOS attack-HOIC
1315,1364,1373,1374,2018-02-21 02:33:03,2018-02-21 02:33:12,2018-02-21 02:33:13,1,DDOS attack-HOIC
1316,1365,1374,1375,2018-02-21 02:33:04,2018-02-21 02:33:13,2018-02-21 02:33:14,1,DDOS attack-HOIC
1317,1366,1375,1376,2018-02-21 02:33:05,2018-02-21 02:33:14,2018-02-21 02:33:15,1,DDOS attack-HOIC
1318,1367,1376,1377,2018-02-21 02:33:06,2018-02-21 02:33:15,2018-02-21 02:33:16,1,DDOS attack-HOIC
1319,1368,1377,1378,2018-02-21 02:33:07,2018-02-21 02:33:16,2018-02-21 02:33:17,1,DDOS attack-HOIC
1320,1369,1378,1379,2018-02-21 02:33:08,2018-02-21 02:33:17,2018-02-21 02:33:18,1,DDOS attack-HOIC
1321,1370,1379,1380,2018-02-21 02:33:09,2018-02-21 02:33:18,2018-02-21 02:33:19,1,DDOS attack-HOIC
1322,1371,1380,1381,2018-02-21 02:33:10,2018-02-21 02:33:19,2018-02-21 02:33:20,1,DDOS attack-HOIC
1323,1372,1381,1382,2018-02-21 02:33:11,2018-02-21 02:33:20,2018-02-21 02:33:21,1,DDOS attack-HOIC
1324,1373,1382,1383,2018-02-21 02:33:12,2018-02-21 02:33:21,2018-02-21 02:33:22,1,DDOS attack-HOIC
1325,1374,1383,1384,2018-02-21 02:33:13,2018-02-21 02:33:22,2018-02-21 02:33:23,1,DDOS attack-HOIC
1326,1375,1384,1385,2018-02-21 02:33:14,2018-02-21 02:33:23,2018-02-21 02:33:24,1,DDOS attack-HOIC
1327,1376,1385,1386,2018-02-21 02:33:15,2018-02-21 02:33:24,2018-02-21 02:33:25,1,DDOS attack-HOIC
1328,1377,1386,1387,2018-02-21 02:33:16,2018-02-21 02:33:25,2018-02-21 02:33:26,1,DDOS attack-HOIC
1329,1378,1387,1388,2018-02-21 02:33:17,2018-02-21 02:33:26,2018-02-21 02:33:27,1,DDOS attack-HOIC
1330,1379,1388,1389,2018-02-21 02:33:18,2018-02-21 02:33:27,2018-02-21 02:33:28,1,DDOS attack-HOIC
1331,1380,1389,1390,2018-02-21 02:33:19,2018-02-21 02:33:28,2018-02-21 02:33:29,1,DDOS attack-HOIC
1332,1711,1720,1721,2018-02-21 10:08:51,2018-02-21 10:09:00,2018-02-21 10:09:01,1,DDOS attack-LOIC-UDP
1333,1712,1721,1722,2018-02-21 10:08:52,2018-02-21 10:09:01,2018-02-21 10:09:02,1,DDOS attack-LOIC-UDP
1334,1713,1722,1723,2018-02-21 10:08:53,2018-02-21 10:09:02,2018-02-21 10:09:03,1,DDOS attack-LOIC-UDP
1335,1714,1723,1724,2018-02-21 10:08:54,2018-02-21 10:09:03,2018-02-21 10:09:04,1,DDOS attack-LOIC-UDP
1336,1715,1724,1725,2018-02-21 10:08:55,2018-02-21 10:09:04,2018-02-21 10:09:05,1,DDOS attack-LOIC-UDP
1337,1716,1725,1726,2018-02-21 10:08:56,2018-02-21 10:09:05,2018-02-21 10:09:06,1,DDOS attack-LOIC-UDP
1338,1717,1726,1727,2018-02-21 10:08:57,2018-02-21 10:09:06,2018-02-21 10:09:07,1,DDOS attack-LOIC-UDP
1339,1718,1727,1728,2018-02-21 10:08:58,2018-02-21 10:09:07,2018-02-21 10:09:08,1,DDOS attack-LOIC-UDP
1340,1719,1728,1729,2018-02-21 10:08:59,2018-02-21 10:09:08,2018-02-21 10:09:09,1,DDOS attack-LOIC-UDP
1341,1720,1729,1730,2018-02-21 10:09:00,2018-02-21 10:09:09,2018-02-21 10:09:10,1,DDOS attack-LOIC-UDP
1342,1721,1730,1731,2018-02-21 10:09:01,2018-02-21 10:09:10,2018-02-21 10:09:11,1,DDOS attack-LOIC-UDP
1343,1722,1731,1732,2018-02-21 10:09:02,2018-02-21 10:09:11,2018-02-21 10:09:12,1,DDOS attack-LOIC-UDP
1344,1723,1732,1733,2018-02-21 10:09:03,2018-02-21 10:09:12,2018-02-21 10:09:13,1,DDOS attack-LOIC-UDP
1345,1724,1733,1734,2018-02-21 10:09:04,2018-02-21 10:09:13,2018-02-21 10:09:14,1,DDOS attack-LOIC-UDP
1346,1725,1734,1735,2018-02-21 10:09:05,2018-02-21 10:09:14,2018-02-21 10:09:15,1,DDOS attack-LOIC-UDP
1347,1726,1735,1736,2018-02-21 10:09:06,2018-02-21 10:09:15,2018-02-21 10:09:16,1,DDOS attack-LOIC-UDP
1348,1727,1736,1737,2018-02-21 10:09:07,2018-02-21 10:09:16,2018-02-21 10:09:17,1,DDOS attack-LOIC-UDP
1349,1728,1737,1738,2018-02-21 10:09:08,2018-02-21 10:09:17,2018-02-21 10:09:18,1,DDOS attack-LOIC-UDP
1350,1729,1738,1739,2018-02-21 10:09:09,2018-02-21 10:09:18,2018-02-21 10:09:19,1,DDOS attack-LOIC-UDP
1351,1730,1739,1740,2018-02-21 10:09:10,2018-02-21 10:09:19,2018-02-21 10:09:20,1,DDOS attack-LOIC-UDP
1352,1731,1740,1741,2018-02-21 10:09:11,2018-02-21 10:09:20,2018-02-21 10:09:21,1,DDOS attack-LOIC-UDP
1353,1732,1741,1742,2018-02-21 10:09:12,2018-02-21 10:09:21,2018-02-21 10:09:22,1,DDOS attack-LOIC-UDP
1354,1733,1742,1743,2018-02-21 10:09:13,2018-02-21 10:09:22,2018-02-21 10:09:23,1,DDOS attack-LOIC-UDP
1355,1734,1743,1744,2018-02-21 10:09:14,2018-02-21 10:09:23,2018-02-21 10:09:24,1,DDOS attack-LOIC-UDP
1356,1735,1744,1745,2018-02-21 10:09:15,2018-02-21 10:09:24,2018-02-21 10:09:25,1,DDOS attack-LOIC-UDP
1357,1736,1745,1746,2018-02-21 10:09:16,2018-02-21 10:09:25,2018-02-21 10:09:26,1,DDOS attack-LOIC-UDP
1358,1737,1746,1747,2018-02-21 10:09:17,2018-02-21 10:09:26,2018-02-21 10:09:27,1,DDOS attack-LOIC-UDP
1359,1738,1747,1748,2018-02-21 10:09:18,2018-02-21 10:09:27,2018-02-21 10:09:28,1,DDOS attack-LOIC-UDP
1360,1739,1748,1749,2018-02-21 10:09:19,2018-02-21 10:09:28,2018-02-21 10:09:29,1,DDOS attack-LOIC-UDP
1361,1740,1749,1750,2018-02-21 10:09:20,2018-02-21 10:09:29,2018-02-21 10:09:30,1,DDOS attack-LOIC-UDP
1362,1741,1750,1751,2018-02-21 10:09:21,2018-02-21 10:09:30,2018-02-21 10:09:31,1,DDOS attack-LOIC-UDP
1363,1742,1751,1752,2018-02-21 10:09:22,2018-02-21 10:09:31,2018-02-21 10:09:32,1,DDOS attack-LOIC-UDP
1364,1743,1752,1753,2018-02-21 10:09:23,2018-02-21 10:09:32,2018-02-21 10:09:33,1,DDOS attack-LOIC-UDP
1365,1744,1753,1754,2018-02-21 10:09:24,2018-02-21 10:09:33,2018-02-21 10:09:34,1,DDOS attack-LOIC-UDP
1366,1745,1754,1755,2018-02-21 10:09:25,2018-02-21 10:09:34,2018-02-21 10:09:35,1,DDOS attack-LOIC-UDP
1367,1746,1755,1756,2018-02-21 10:09:26,2018-02-21 10:09:35,2018-02-21 10:09:36,1,DDOS attack-LOIC-UDP
1368,1747,1756,1757,2018-02-21 10:09:27,2018-02-21 10:09:36,2018-02-21 10:09:37,1,DDOS attack-LOIC-UDP
1369,1748,1757,1758,2018-02-21 10:09:28,2018-02-21 10:09:37,2018-02-21 10:09:38,1,DDOS attack-LOIC-UDP
1370,1749,1758,1759,2018-02-21 10:09:29,2018-02-21 10:09:38,2018-02-21 10:09:39,1,DDOS attack-LOIC-UDP
1371,1750,1759,1760,2018-02-21 10:09:30,2018-02-21 10:09:39,2018-02-21 10:09:40,1,DDOS attack-LOIC-UDP
1372,1751,1760,1761,2018-02-21 10:09:31,2018-02-21 10:09:40,2018-02-21 10:09:41,1,DDOS attack-LOIC-UDP
1373,1752,1761,1762,2018-02-21 10:09:32,2018-02-21 10:09:41,2018-02-21 10:09:42,1,DDOS attack-LOIC-UDP
1374,1753,1762,1763,2018-02-21 10:09:33,2018-02-21 10:09:42,2018-02-21 10:09:43,1,DDOS attack-LOIC-UDP
1375,1754,1763,1764,2018-02-21 10:09:34,2018-02-21 10:09:43,2018-02-21 10:09:44,1,DDOS attack-LOIC-UDP
1376,1755,1764,1765,2018-02-21 10:09:35,2018-02-21 10:09:44,2018-02-21 10:09:45,0,Benign
1377,1756,1765,1766,2018-02-21 10:09:36,2018-02-21 10:09:45,2018-02-21 10:09:46,0,Benign
1378,1757,1766,1767,2018-02-21 10:09:37,2018-02-21 10:09:46,2018-02-21 10:09:47,0,Benign
1379,1758,1767,1768,2018-02-21 10:09:38,2018-02-21 10:09:47,2018-02-21 10:09:48,0,Benign
1380,1785,1794,1795,2018-02-21 10:10:51,2018-02-21 10:11:00,2018-02-21 10:11:01,1,DDOS attack-LOIC-UDP
1381,1786,1795,1796,2018-02-21 10:10:52,2018-02-21 10:11:01,2018-02-21 10:11:02,1,DDOS attack-LOIC-UDP
1382,1787,1796,1797,2018-02-21 10:10:53,2018-02-21 10:11:02,2018-02-21 10:11:03,1,DDOS attack-LOIC-UDP
1383,1788,1797,1798,2018-02-21 10:10:54,2018-02-21 10:11:03,2018-02-21 10:11:04,1,DDOS attack-LOIC-UDP
1384,1789,1798,1799,2018-02-21 10:10:55,2018-02-21 10:11:04,2018-02-21 10:11:05,1,DDOS attack-LOIC-UDP
1385,1790,1799,1800,2018-02-21 10:10:56,2018-02-21 10:11:05,2018-02-21 10:11:06,1,DDOS attack-LOIC-UDP
1386,1791,1800,1801,2018-02-21 10:10:57,2018-02-21 10:11:06,2018-02-21 10:11:07,1,DDOS attack-LOIC-UDP
1387,1792,1801,1802,2018-02-21 10:10:58,2018-02-21 10:11:07,2018-02-21 10:11:08,1,DDOS attack-LOIC-UDP
1388,1793,1802,1803,2018-02-21 10:10:59,2018-02-21 10:11:08,2018-02-21 10:11:09,1,DDOS attack-LOIC-UDP
1389,1794,1803,1804,2018-02-21 10:11:00,2018-02-21 10:11:09,2018-02-21 10:11:10,1,DDOS attack-LOIC-UDP
1390,1795,1804,1805,2018-02-21 10:11:01,2018-02-21 10:11:10,2018-02-21 10:11:11,1,DDOS attack-LOIC-UDP
1391,1796,1805,1806,2018-02-21 10:11:02,2018-02-21 10:11:11,2018-02-21 10:11:12,1,DDOS attack-LOIC-UDP
1392,1797,1806,1807,2018-02-21 10:11:03,2018-02-21 10:11:12,2018-02-21 10:11:13,1,DDOS attack-LOIC-UDP
1393,1798,1807,1808,2018-02-21 10:11:04,2018-02-21 10:11:13,2018-02-21 10:11:14,1,DDOS attack-LOIC-UDP
1394,1799,1808,1809,2018-02-21 10:11:05,2018-02-21 10:11:14,2018-02-21 10:11:15,1,DDOS attack-LOIC-UDP
1395,1800,1809,1810,2018-02-21 10:11:06,2018-02-21 10:11:15,2018-02-21 10:11:16,1,DDOS attack-LOIC-UDP
1396,1801,1810,1811,2018-02-21 10:11:07,2018-02-21 10:11:16,2018-02-21 10:11:17,1,DDOS attack-LOIC-UDP
1397,1802,1811,1812,2018-02-21 10:11:08,2018-02-21 10:11:17,2018-02-21 10:11:18,1,DDOS attack-LOIC-UDP
1398,1803,1812,1813,2018-02-21 10:11:09,2018-02-21 10:11:18,2018-02-21 10:11:19,1,DDOS attack-LOIC-UDP
1399,1804,1813,1814,2018-02-21 10:11:10,2018-02-21 10:11:19,2018-02-21 10:11:20,0,Benign
1400,1805,1814,1815,2018-02-21 10:11:11,2018-02-21 10:11:20,2018-02-21 10:11:21,1,DDOS attack-LOIC-UDP
1401,1806,1815,1816,2018-02-21 10:11:12,2018-02-21 10:11:21,2018-02-21 10:11:22,1,DDOS attack-LOIC-UDP
1402,1807,1816,1817,2018-02-21 10:11:13,2018-02-21 10:11:22,2018-02-21 10:11:23,1,DDOS attack-LOIC-UDP
1403,1808,1817,1818,2018-02-21 10:11:14,2018-02-21 10:11:23,2018-02-21 10:11:24,1,DDOS attack-LOIC-UDP
1404,1809,1818,1819,2018-02-21 10:11:15,2018-02-21 10:11:24,2018-02-21 10:11:25,1,DDOS attack-LOIC-UDP
1405,1810,1819,1820,2018-02-21 10:11:16,2018-02-21 10:11:25,2018-02-21 10:11:26,1,DDOS attack-LOIC-UDP
1406,1811,1820,1821,2018-02-21 10:11:17,2018-02-21 10:11:26,2018-02-21 10:11:27,1,DDOS attack-LOIC-UDP
1407,1812,1821,1822,2018-02-21 10:11:18,2018-02-21 10:11:27,2018-02-21 10:11:28,1,DDOS attack-LOIC-UDP
1408,1813,1822,1823,2018-02-21 10:11:19,2018-02-21 10:11:28,2018-02-21 10:11:29,1,DDOS attack-LOIC-UDP
1409,1814,1823,1824,2018-02-21 10:11:20,2018-02-21 10:11:29,2018-02-21 10:11:30,1,DDOS attack-LOIC-UDP
1410,1815,1824,1825,2018-02-21 10:11:21,2018-02-21 10:11:30,2018-02-21 10:11:31,1,DDOS attack-LOIC-UDP
1411,1816,1825,1826,2018-02-21 10:11:22,2018-02-21 10:11:31,2018-02-21 10:11:32,1,DDOS attack-LOIC-UDP
1412,1817,1826,1827,2018-02-21 10:11:23,2018-02-21 10:11:32,2018-02-21 10:11:33,1,DDOS attack-LOIC-UDP
1413,1818,1827,1828,2018-02-21 10:11:24,2018-02-21 10:11:33,2018-02-21 10:11:34,1,DDOS attack-LOIC-UDP
1414,1819,1828,1829,2018-02-21 10:11:25,2018-02-21 10:11:34,2018-02-21 10:11:35,1,DDOS attack-LOIC-UDP
1415,1820,1829,1830,2018-02-21 10:11:26,2018-02-21 10:11:35,2018-02-21 10:11:36,1,DDOS attack-LOIC-UDP
1416,1821,1830,1831,2018-02-21 10:11:27,2018-02-21 10:11:36,2018-02-21 10:11:37,1,DDOS attack-LOIC-UDP
1417,1822,1831,1832,2018-02-21 10:11:28,2018-02-21 10:11:37,2018-02-21 10:11:38,1,DDOS attack-LOIC-UDP
1418,1823,1832,1833,2018-02-21 10:11:29,2018-02-21 10:11:38,2018-02-21 10:11:39,1,DDOS attack-LOIC-UDP
1419,1824,1833,1834,2018-02-21 10:11:30,2018-02-21 10:11:39,2018-02-21 10:11:40,1,DDOS attack-LOIC-UDP
1420,1825,1834,1835,2018-02-21 10:11:31,2018-02-21 10:11:40,2018-02-21 10:11:41,1,DDOS attack-LOIC-UDP
1421,1826,1835,1836,2018-02-21 10:11:32,2018-02-21 10:11:41,2018-02-21 10:11:42,1,DDOS attack-LOIC-UDP
1422,1827,1836,1837,2018-02-21 10:11:33,2018-02-21 10:11:42,2018-02-21 10:11:43,1,DDOS attack-LOIC-UDP
1423,1828,1837,1838,2018-02-21 10:11:34,2018-02-21 10:11:43,2018-02-21 10:11:44,1,DDOS attack-LOIC-UDP
1424,1829,1838,1839,2018-02-21 10:11:35,2018-02-21 10:11:44,2018-02-21 10:11:45,0,Benign
1425,1847,1856,1857,2018-02-21 10:12:01,2018-02-21 10:12:10,2018-02-21 10:12:11,0,Benign
1426,1848,1857,1858,2018-02-21 10:12:02,2018-02-21 10:12:11,2018-02-21 10:12:12,0,Benign
1427,1867,1876,1877,2018-02-21 10:12:51,2018-02-21 10:13:00,2018-02-21 10:13:01,1,DDOS attack-LOIC-UDP
1428,1868,1877,1878,2018-02-21 10:12:52,2018-02-21 10:13:01,2018-02-21 10:13:02,1,DDOS attack-LOIC-UDP
1429,1869,1878,1879,2018-02-21 10:12:53,2018-02-21 10:13:02,2018-02-21 10:13:03,1,DDOS attack-LOIC-UDP
1430,1870,1879,1880,2018-02-21 10:12:54,2018-02-21 10:13:03,2018-02-21 10:13:04,1,DDOS attack-LOIC-UDP
1431,1871,1880,1881,2018-02-21 10:12:55,2018-02-21 10:13:04,2018-02-21 10:13:05,1,DDOS attack-LOIC-UDP
1432,1872,1881,1882,2018-02-21 10:12:56,2018-02-21 10:13:05,2018-02-21 10:13:06,1,DDOS attack-LOIC-UDP
1433,1873,1882,1883,2018-02-21 10:12:57,2018-02-21 10:13:06,2018-02-21 10:13:07,1,DDOS attack-LOIC-UDP
1434,1874,1883,1884,2018-02-21 10:12:58,2018-02-21 10:13:07,2018-02-21 10:13:08,1,DDOS attack-LOIC-UDP
1435,1875,1884,1885,2018-02-21 10:12:59,2018-02-21 10:13:08,2018-02-21 10:13:09,1,DDOS attack-LOIC-UDP
1436,1876,1885,1886,2018-02-21 10:13:00,2018-02-21 10:13:09,2018-02-21 10:13:10,1,DDOS attack-LOIC-UDP
1437,1877,1886,1887,2018-02-21 10:13:01,2018-02-21 10:13:10,2018-02-21 10:13:11,1,DDOS attack-LOIC-UDP
1438,1878,1887,1888,2018-02-21 10:13:02,2018-02-21 10:13:11,2018-02-21 10:13:12,1,DDOS attack-LOIC-UDP
1439,1879,1888,1889,2018-02-21 10:13:03,2018-02-21 10:13:12,2018-02-21 10:13:13,1,DDOS attack-LOIC-UDP
1440,1890,1899,1900,2018-02-21 10:13:15,2018-02-21 10:13:24,2018-02-21 10:13:25,1,DDOS attack-LOIC-UDP
1441,1891,1900,1901,2018-02-21 10:13:16,2018-02-21 10:13:25,2018-02-21 10:13:26,1,DDOS attack-LOIC-UDP
1442,1892,1901,1902,2018-02-21 10:13:17,2018-02-21 10:13:26,2018-02-21 10:13:27,1,DDOS attack-LOIC-UDP
1443,1893,1902,1903,2018-02-21 10:13:18,2018-02-21 10:13:27,2018-02-21 10:13:28,1,DDOS attack-LOIC-UDP
1444,1894,1903,1904,2018-02-21 10:13:19,2018-02-21 10:13:28,2018-02-21 10:13:29,1,DDOS attack-LOIC-UDP
1445,1895,1904,1905,2018-02-21 10:13:20,2018-02-21 10:13:29,2018-02-21 10:13:30,1,DDOS attack-LOIC-UDP
1446,1896,1905,1906,2018-02-21 10:13:21,2018-02-21 10:13:30,2018-02-21 10:13:31,1,DDOS attack-LOIC-UDP
1447,1897,1906,1907,2018-02-21 10:13:22,2018-02-21 10:13:31,2018-02-21 10:13:32,1,DDOS attack-LOIC-UDP
1448,1898,1907,1908,2018-02-21 10:13:23,2018-02-21 10:13:32,2018-02-21 10:13:33,1,DDOS attack-LOIC-UDP
1449,1899,1908,1909,2018-02-21 10:13:24,2018-02-21 10:13:33,2018-02-21 10:13:34,1,DDOS attack-LOIC-UDP
1450,1900,1909,1910,2018-02-21 10:13:25,2018-02-21 10:13:34,2018-02-21 10:13:35,1,DDOS attack-LOIC-UDP
1451,1901,1910,1911,2018-02-21 10:13:26,2018-02-21 10:13:35,2018-02-21 10:13:36,1,DDOS attack-LOIC-UDP
1452,1902,1911,1912,2018-02-21 10:13:27,2018-02-21 10:13:36,2018-02-21 10:13:37,1,DDOS attack-LOIC-UDP
1453,1903,1912,1913,2018-02-21 10:13:28,2018-02-21 10:13:37,2018-02-21 10:13:38,1,DDOS attack-LOIC-UDP
1454,1904,1913,1914,2018-02-21 10:13:29,2018-02-21 10:13:38,2018-02-21 10:13:39,1,DDOS attack-LOIC-UDP
1455,1905,1914,1915,2018-02-21 10:13:30,2018-02-21 10:13:39,2018-02-21 10:13:40,1,DDOS attack-LOIC-UDP
1456,1906,1915,1916,2018-02-21 10:13:31,2018-02-21 10:13:40,2018-02-21 10:13:41,1,DDOS attack-LOIC-UDP
1457,1907,1916,1917,2018-02-21 10:13:32,2018-02-21 10:13:41,2018-02-21 10:13:42,1,DDOS attack-LOIC-UDP
1458,1908,1917,1918,2018-02-21 10:13:33,2018-02-21 10:13:42,2018-02-21 10:13:43,1,DDOS attack-LOIC-UDP
1459,1909,1918,1919,2018-02-21 10:13:34,2018-02-21 10:13:43,2018-02-21 10:13:44,1,DDOS attack-LOIC-UDP
1460,1931,1940,1941,2018-02-21 10:14:00,2018-02-21 10:14:09,2018-02-21 10:14:10,1,DDOS attack-LOIC-UDP
1461,1954,1963,1964,2018-02-21 10:14:51,2018-02-21 10:15:00,2018-02-21 10:15:01,1,DDOS attack-LOIC-UDP
1462,1955,1964,1965,2018-02-21 10:14:52,2018-02-21 10:15:01,2018-02-21 10:15:02,1,DDOS attack-LOIC-UDP
1463,1956,1965,1966,2018-02-21 10:14:53,2018-02-21 10:15:02,2018-02-21 10:15:03,1,DDOS attack-LOIC-UDP
1464,1957,1966,1967,2018-02-21 10:14:54,2018-02-21 10:15:03,2018-02-21 10:15:04,1,DDOS attack-LOIC-UDP
1465,1958,1967,1968,2018-02-21 10:14:55,2018-02-21 10:15:04,2018-02-21 10:15:05,1,DDOS attack-LOIC-UDP
1466,1959,1968,1969,2018-02-21 10:14:56,2018-02-21 10:15:05,2018-02-21 10:15:06,1,DDOS attack-LOIC-UDP
1467,1960,1969,1970,2018-02-21 10:14:57,2018-02-21 10:15:06,2018-02-21 10:15:07,1,DDOS attack-LOIC-UDP
1468,1961,1970,1971,2018-02-21 10:14:58,2018-02-21 10:15:07,2018-02-21 10:15:08,1,DDOS attack-LOIC-UDP
1469,1962,1971,1972,2018-02-21 10:14:59,2018-02-21 10:15:08,2018-02-21 10:15:09,1,DDOS attack-LOIC-UDP
1470,1973,1982,1983,2018-02-21 10:15:11,2018-02-21 10:15:20,2018-02-21 10:15:21,1,DDOS attack-LOIC-UDP
1471,1974,1983,1984,2018-02-21 10:15:12,2018-02-21 10:15:21,2018-02-21 10:15:22,1,DDOS attack-LOIC-UDP
1472,1975,1984,1985,2018-02-21 10:15:13,2018-02-21 10:15:22,2018-02-21 10:15:23,1,DDOS attack-LOIC-UDP
1473,1976,1985,1986,2018-02-21 10:15:14,2018-02-21 10:15:23,2018-02-21 10:15:24,1,DDOS attack-LOIC-UDP
1474,1977,1986,1987,2018-02-21 10:15:15,2018-02-21 10:15:24,2018-02-21 10:15:25,0,Benign
1475,1978,1987,1988,2018-02-21 10:15:16,2018-02-21 10:15:25,2018-02-21 10:15:26,1,DDOS attack-LOIC-UDP
1476,1979,1988,1989,2018-02-21 10:15:17,2018-02-21 10:15:26,2018-02-21 10:15:27,1,DDOS attack-LOIC-UDP
1477,1980,1989,1990,2018-02-21 10:15:18,2018-02-21 10:15:27,2018-02-21 10:15:28,1,DDOS attack-LOIC-UDP
1478,1981,1990,1991,2018-02-21 10:15:19,2018-02-21 10:15:28,2018-02-21 10:15:29,1,DDOS attack-LOIC-UDP
1479,1982,1991,1992,2018-02-21 10:15:20,2018-02-21 10:15:29,2018-02-21 10:15:30,1,DDOS attack-LOIC-UDP
1480,1983,1992,1993,2018-02-21 10:15:21,2018-02-21 10:15:30,2018-02-21 10:15:31,1,DDOS attack-LOIC-UDP
1481,1984,1993,1994,2018-02-21 10:15:22,2018-02-21 10:15:31,2018-02-21 10:15:32,1,DDOS attack-LOIC-UDP
1482,1985,1994,1995,2018-02-21 10:15:23,2018-02-21 10:15:32,2018-02-21 10:15:33,1,DDOS attack-LOIC-UDP
1483,1986,1995,1996,2018-02-21 10:15:24,2018-02-21 10:15:33,2018-02-21 10:15:34,1,DDOS attack-LOIC-UDP
1484,1987,1996,1997,2018-02-21 10:15:25,2018-02-21 10:15:34,2018-02-21 10:15:35,1,DDOS attack-LOIC-UDP
1485,1988,1997,1998,2018-02-21 10:15:26,2018-02-21 10:15:35,2018-02-21 10:15:36,1,DDOS attack-LOIC-UDP
1486,1989,1998,1999,2018-02-21 10:15:27,2018-02-21 10:15:36,2018-02-21 10:15:37,1,DDOS attack-LOIC-UDP
1487,1990,1999,2000,2018-02-21 10:15:28,2018-02-21 10:15:37,2018-02-21 10:15:38,1,DDOS attack-LOIC-UDP
1488,1991,2000,2001,2018-02-21 10:15:29,2018-02-21 10:15:38,2018-02-21 10:15:39,1,DDOS attack-LOIC-UDP
1489,1992,2001,2002,2018-02-21 10:15:30,2018-02-21 10:15:39,2018-02-21 10:15:40,1,DDOS attack-LOIC-UDP
1490,1993,2002,2003,2018-02-21 10:15:31,2018-02-21 10:15:40,2018-02-21 10:15:41,0,Benign
1491,1994,2003,2004,2018-02-21 10:15:32,2018-02-21 10:15:41,2018-02-21 10:15:42,1,DDOS attack-LOIC-UDP
1492,1995,2004,2005,2018-02-21 10:15:33,2018-02-21 10:15:42,2018-02-21 10:15:43,1,DDOS attack-LOIC-UDP
1493,2045,2054,2055,2018-02-21 10:16:58,2018-02-21 10:17:07,2018-02-21 10:17:08,1,DDOS attack-LOIC-UDP
1494,2046,2055,2056,2018-02-21 10:16:59,2018-02-21 10:17:08,2018-02-21 10:17:09,1,DDOS attack-LOIC-UDP
1495,2047,2056,2057,2018-02-21 10:17:00,2018-02-21 10:17:09,2018-02-21 10:17:10,1,DDOS attack-LOIC-UDP
1496,2048,2057,2058,2018-02-21 10:17:01,2018-02-21 10:17:10,2018-02-21 10:17:11,1,DDOS attack-LOIC-UDP
1497,2049,2058,2059,2018-02-21 10:17:02,2018-02-21 10:17:11,2018-02-21 10:17:12,1,DDOS attack-LOIC-UDP
1498,2050,2059,2060,2018-02-21 10:17:03,2018-02-21 10:17:12,2018-02-21 10:17:13,1,DDOS attack-LOIC-UDP
1499,2051,2060,2061,2018-02-21 10:17:04,2018-02-21 10:17:13,2018-02-21 10:17:14,1,DDOS attack-LOIC-UDP
1500,2052,2061,2062,2018-02-21 10:17:05,2018-02-21 10:17:14,2018-02-21 10:17:15,1,DDOS attack-LOIC-UDP
1501,2053,2062,2063,2018-02-21 10:17:06,2018-02-21 10:17:15,2018-02-21 10:17:16,1,DDOS attack-LOIC-UDP
1502,2054,2063,2064,2018-02-21 10:17:07,2018-02-21 10:17:16,2018-02-21 10:17:17,1,DDOS attack-LOIC-UDP
1503,2055,2064,2065,2018-02-21 10:17:08,2018-02-21 10:17:17,2018-02-21 10:17:18,1,DDOS attack-LOIC-UDP
1504,2056,2065,2066,2018-02-21 10:17:09,2018-02-21 10:17:18,2018-02-21 10:17:19,1,DDOS attack-LOIC-UDP
1505,2057,2066,2067,2018-02-21 10:17:10,2018-02-21 10:17:19,2018-02-21 10:17:20,1,DDOS attack-LOIC-UDP
1506,2058,2067,2068,2018-02-21 10:17:11,2018-02-21 10:17:20,2018-02-21 10:17:21,1,DDOS attack-LOIC-UDP
1507,2059,2068,2069,2018-02-21 10:17:12,2018-02-21 10:17:21,2018-02-21 10:17:22,1,DDOS attack-LOIC-UDP
1508,2060,2069,2070,2018-02-21 10:17:13,2018-02-21 10:17:22,2018-02-21 10:17:23,1,DDOS attack-LOIC-UDP
1509,2061,2070,2071,2018-02-21 10:17:14,2018-02-21 10:17:23,2018-02-21 10:17:24,1,DDOS attack-LOIC-UDP
1510,2072,2081,2082,2018-02-21 10:17:26,2018-02-21 10:17:35,2018-02-21 10:17:36,1,DDOS attack-LOIC-UDP
1511,2073,2082,2083,2018-02-21 10:17:27,2018-02-21 10:17:36,2018-02-21 10:17:37,1,DDOS attack-LOIC-UDP
1512,2074,2083,2084,2018-02-21 10:17:28,2018-02-21 10:17:37,2018-02-21 10:17:38,1,DDOS attack-LOIC-UDP
1513,2075,2084,2085,2018-02-21 10:17:29,2018-02-21 10:17:38,2018-02-21 10:17:39,0,Benign
1514,2076,2085,2086,2018-02-21 10:17:30,2018-02-21 10:17:39,2018-02-21 10:17:40,1,DDOS attack-LOIC-UDP
1515,2077,2086,2087,2018-02-21 10:17:31,2018-02-21 10:17:40,2018-02-21 10:17:41,0,Benign
1516,2078,2087,2088,2018-02-21 10:17:32,2018-02-21 10:17:41,2018-02-21 10:17:42,1,DDOS attack-LOIC-UDP
1517,2079,2088,2089,2018-02-21 10:17:33,2018-02-21 10:17:42,2018-02-21 10:17:43,0,Benign
1518,2080,2089,2090,2018-02-21 10:17:34,2018-02-21 10:17:43,2018-02-21 10:17:44,1,DDOS attack-LOIC-UDP
1519,2081,2090,2091,2018-02-21 10:17:35,2018-02-21 10:17:44,2018-02-21 10:17:45,1,DDOS attack-LOIC-UDP
1520,2092,2101,2102,2018-02-21 10:17:47,2018-02-21 10:17:56,2018-02-21 10:17:57,0,Benign
1521,2093,2102,2103,2018-02-21 10:17:48,2018-02-21 10:17:57,2018-02-21 10:17:58,0,Benign
1522,2094,2103,2104,2018-02-21 10:17:49,2018-02-21 10:17:58,2018-02-21 10:17:59,0,Benign
1523,2095,2104,2105,2018-02-21 10:17:50,2018-02-21 10:17:59,2018-02-21 10:18:00,0,Benign
1524,2106,2115,2116,2018-02-21 10:18:02,2018-02-21 10:18:11,2018-02-21 10:18:12,0,Benign
1525,2107,2116,2117,2018-02-21 10:18:03,2018-02-21 10:18:12,2018-02-21 10:18:13,0,Benign
1526,2108,2117,2118,2018-02-21 10:18:04,2018-02-21 10:18:13,2018-02-21 10:18:14,0,Benign
1527,2109,2118,2119,2018-02-21 10:18:05,2018-02-21 10:18:14,2018-02-21 10:18:15,0,Benign
1528,2110,2119,2120,2018-02-21 10:18:06,2018-02-21 10:18:15,2018-02-21 10:18:16,0,Benign
1529,2111,2120,2121,2018-02-21 10:18:07,2018-02-21 10:18:16,2018-02-21 10:18:17,0,Benign
1530,2137,2146,2147,2018-02-21 10:18:54,2018-02-21 10:19:03,2018-02-21 10:19:04,1,DDOS attack-LOIC-UDP
1531,2138,2147,2148,2018-02-21 10:18:55,2018-02-21 10:19:04,2018-02-21 10:19:05,1,DDOS attack-LOIC-UDP
1532,2149,2158,2159,2018-02-21 10:19:07,2018-02-21 10:19:16,2018-02-21 10:19:17,1,DDOS attack-LOIC-UDP
1533,2150,2159,2160,2018-02-21 10:19:08,2018-02-21 10:19:17,2018-02-21 10:19:18,1,DDOS attack-LOIC-UDP
1534,2151,2160,2161,2018-02-21 10:19:09,2018-02-21 10:19:18,2018-02-21 10:19:19,1,DDOS attack-LOIC-UDP
1535,2152,2161,2162,2018-02-21 10:19:10,2018-02-21 10:19:19,2018-02-21 10:19:20,1,DDOS attack-LOIC-UDP
1536,2163,2172,2173,2018-02-21 10:19:22,2018-02-21 10:19:31,2018-02-21 10:19:32,1,DDOS attack-LOIC-UDP
1537,2174,2183,2184,2018-02-21 10:19:34,2018-02-21 10:19:43,2018-02-21 10:19:44,1,DDOS attack-LOIC-UDP
1538,2175,2184,2185,2018-02-21 10:19:35,2018-02-21 10:19:44,2018-02-21 10:19:45,1,DDOS attack-LOIC-UDP
1539,2176,2185,2186,2018-02-21 10:19:36,2018-02-21 10:19:45,2018-02-21 10:19:46,0,Benign
1540,2177,2186,2187,2018-02-21 10:19:37,2018-02-21 10:19:46,2018-02-21 10:19:47,0,Benign
1541,2178,2187,2188,2018-02-21 10:19:38,2018-02-21 10:19:47,2018-02-21 10:19:48,0,Benign
1542,2229,2238,2239,2018-02-21 10:20:52,2018-02-21 10:21:01,2018-02-21 10:21:02,1,DDOS attack-LOIC-UDP
1543,2230,2239,2240,2018-02-21 10:20:53,2018-02-21 10:21:02,2018-02-21 10:21:03,1,DDOS attack-LOIC-UDP
1544,2231,2240,2241,2018-02-21 10:20:54,2018-02-21 10:21:03,2018-02-21 10:21:04,1,DDOS attack-LOIC-UDP
1545,2232,2241,2242,2018-02-21 10:20:55,2018-02-21 10:21:04,2018-02-21 10:21:05,1,DDOS attack-LOIC-UDP
1546,2233,2242,2243,2018-02-21 10:20:56,2018-02-21 10:21:05,2018-02-21 10:21:06,1,DDOS attack-LOIC-UDP
1547,2234,2243,2244,2018-02-21 10:20:57,2018-02-21 10:21:06,2018-02-21 10:21:07,1,DDOS attack-LOIC-UDP
1548,2235,2244,2245,2018-02-21 10:20:58,2018-02-21 10:21:07,2018-02-21 10:21:08,1,DDOS attack-LOIC-UDP
1549,2236,2245,2246,2018-02-21 10:20:59,2018-02-21 10:21:08,2018-02-21 10:21:09,1,DDOS attack-LOIC-UDP
1550,2237,2246,2247,2018-02-21 10:21:00,2018-02-21 10:21:09,2018-02-21 10:21:10,1,DDOS attack-LOIC-UDP
1551,2257,2266,2267,2018-02-21 10:21:22,2018-02-21 10:21:31,2018-02-21 10:21:32,1,DDOS attack-LOIC-UDP
1552,2258,2267,2268,2018-02-21 10:21:23,2018-02-21 10:21:32,2018-02-21 10:21:33,1,DDOS attack-LOIC-UDP
1553,2259,2268,2269,2018-02-21 10:21:24,2018-02-21 10:21:33,2018-02-21 10:21:34,1,DDOS attack-LOIC-UDP
1554,2260,2269,2270,2018-02-21 10:21:25,2018-02-21 10:21:34,2018-02-21 10:21:35,1,DDOS attack-LOIC-UDP
1555,2261,2270,2271,2018-02-21 10:21:26,2018-02-21 10:21:35,2018-02-21 10:21:36,1,DDOS attack-LOIC-UDP
1556,2262,2271,2272,2018-02-21 10:21:27,2018-02-21 10:21:36,2018-02-21 10:21:37,1,DDOS attack-LOIC-UDP
1557,2263,2272,2273,2018-02-21 10:21:28,2018-02-21 10:21:37,2018-02-21 10:21:38,1,DDOS attack-LOIC-UDP
1558,2264,2273,2274,2018-02-21 10:21:29,2018-02-21 10:21:38,2018-02-21 10:21:39,1,DDOS attack-LOIC-UDP
1559,2265,2274,2275,2018-02-21 10:21:30,2018-02-21 10:21:39,2018-02-21 10:21:40,1,DDOS attack-LOIC-UDP
1560,2266,2275,2276,2018-02-21 10:21:31,2018-02-21 10:21:40,2018-02-21 10:21:41,1,DDOS attack-LOIC-UDP
1561,2267,2276,2277,2018-02-21 10:21:32,2018-02-21 10:21:41,2018-02-21 10:21:42,0,Benign
1562,2268,2277,2278,2018-02-21 10:21:33,2018-02-21 10:21:42,2018-02-21 10:21:43,1,DDOS attack-LOIC-UDP
1563,2269,2278,2279,2018-02-21 10:21:34,2018-02-21 10:21:43,2018-02-21 10:21:44,1,DDOS attack-LOIC-UDP
1564,2270,2279,2280,2018-02-21 10:21:35,2018-02-21 10:21:44,2018-02-21 10:21:45,1,DDOS attack-LOIC-UDP
1565,2271,2280,2281,2018-02-21 10:21:36,2018-02-21 10:21:45,2018-02-21 10:21:46,0,Benign
1566,2293,2302,2303,2018-02-21 10:22:02,2018-02-21 10:22:11,2018-02-21 10:22:12,0,Benign
1567,2294,2303,2304,2018-02-21 10:22:03,2018-02-21 10:22:12,2018-02-21 10:22:13,0,Benign
1568,2295,2304,2305,2018-02-21 10:22:04,2018-02-21 10:22:13,2018-02-21 10:22:14,0,Benign
1569,2296,2305,2306,2018-02-21 10:22:05,2018-02-21 10:22:14,2018-02-21 10:22:15,0,Benign
1570,2297,2306,2307,2018-02-21 10:22:06,2018-02-21 10:22:15,2018-02-21 10:22:16,0,Benign
1571,2298,2307,2308,2018-02-21 10:22:07,2018-02-21 10:22:16,2018-02-21 10:22:17,0,Benign
1572,2299,2308,2309,2018-02-21 10:22:08,2018-02-21 10:22:17,2018-02-21 10:22:18,0,Benign
1573,2300,2309,2310,2018-02-21 10:22:09,2018-02-21 10:22:18,2018-02-21 10:22:19,0,Benign
1574,2301,2310,2311,2018-02-21 10:22:10,2018-02-21 10:22:19,2018-02-21 10:22:20,0,Benign
1575,2329,2338,2339,2018-02-21 10:22:51,2018-02-21 10:23:00,2018-02-21 10:23:01,1,DDOS attack-LOIC-UDP
1576,2330,2339,2340,2018-02-21 10:22:52,2018-02-21 10:23:01,2018-02-21 10:23:02,1,DDOS attack-LOIC-UDP
1577,2331,2340,2341,2018-02-21 10:22:53,2018-02-21 10:23:02,2018-02-21 10:23:03,1,DDOS attack-LOIC-UDP
1578,2332,2341,2342,2018-02-21 10:22:54,2018-02-21 10:23:03,2018-02-21 10:23:04,1,DDOS attack-LOIC-UDP
1579,2333,2342,2343,2018-02-21 10:22:55,2018-02-21 10:23:04,2018-02-21 10:23:05,1,DDOS attack-LOIC-UDP
1580,2334,2343,2344,2018-02-21 10:22:56,2018-02-21 10:23:05,2018-02-21 10:23:06,1,DDOS attack-LOIC-UDP
1581,2335,2344,2345,2018-02-21 10:22:57,2018-02-21 10:23:06,2018-02-21 10:23:07,1,DDOS attack-LOIC-UDP
1582,2336,2345,2346,2018-02-21 10:22:58,2018-02-21 10:23:07,2018-02-21 10:23:08,1,DDOS attack-LOIC-UDP
1583,2337,2346,2347,2018-02-21 10:22:59,2018-02-21 10:23:08,2018-02-21 10:23:09,1,DDOS attack-LOIC-UDP
1584,2361,2370,2371,2018-02-21 10:23:27,2018-02-21 10:23:36,2018-02-21 10:23:37,1,DDOS attack-LOIC-UDP
1585,2362,2371,2372,2018-02-21 10:23:28,2018-02-21 10:23:37,2018-02-21 10:23:38,1,DDOS attack-LOIC-UDP
1586,2363,2372,2373,2018-02-21 10:23:29,2018-02-21 10:23:38,2018-02-21 10:23:39,1,DDOS attack-LOIC-UDP
1587,2364,2373,2374,2018-02-21 10:23:30,2018-02-21 10:23:39,2018-02-21 10:23:40,1,DDOS attack-LOIC-UDP
1588,2365,2374,2375,2018-02-21 10:23:31,2018-02-21 10:23:40,2018-02-21 10:23:41,1,DDOS attack-LOIC-UDP
1589,2380,2389,2390,2018-02-21 10:23:51,2018-02-21 10:24:00,2018-02-21 10:24:01,0,Benign
1590,2381,2390,2391,2018-02-21 10:23:52,2018-02-21 10:24:01,2018-02-21 10:24:02,0,Benign
1591,2382,2391,2392,2018-02-21 10:23:53,2018-02-21 10:24:02,2018-02-21 10:24:03,1,DDOS attack-LOIC-UDP
1592,2425,2434,2435,2018-02-21 10:24:51,2018-02-21 10:25:00,2018-02-21 10:25:01,1,DDOS attack-LOIC-UDP
1593,2426,2435,2436,2018-02-21 10:24:52,2018-02-21 10:25:01,2018-02-21 10:25:02,1,DDOS attack-LOIC-UDP
1594,2427,2436,2437,2018-02-21 10:24:53,2018-02-21 10:25:02,2018-02-21 10:25:03,1,DDOS attack-LOIC-UDP
1595,2444,2453,2454,2018-02-21 10:25:13,2018-02-21 10:25:22,2018-02-21 10:25:23,1,DDOS attack-LOIC-UDP
1596,2445,2454,2455,2018-02-21 10:25:14,2018-02-21 10:25:23,2018-02-21 10:25:24,1,DDOS attack-LOIC-UDP
1597,2446,2455,2456,2018-02-21 10:25:15,2018-02-21 10:25:24,2018-02-21 10:25:25,1,DDOS attack-LOIC-UDP
1598,2447,2456,2457,2018-02-21 10:25:16,2018-02-21 10:25:25,2018-02-21 10:25:26,1,DDOS attack-LOIC-UDP
1599,2448,2457,2458,2018-02-21 10:25:17,2018-02-21 10:25:26,2018-02-21 10:25:27,1,DDOS attack-LOIC-UDP
1600,2459,2468,2469,2018-02-21 10:25:29,2018-02-21 10:25:38,2018-02-21 10:25:39,1,DDOS attack-LOIC-UDP
1601,2460,2469,2470,2018-02-21 10:25:30,2018-02-21 10:25:39,2018-02-21 10:25:40,1,DDOS attack-LOIC-UDP
1602,2461,2470,2471,2018-02-21 10:25:31,2018-02-21 10:25:40,2018-02-21 10:25:41,1,DDOS attack-LOIC-UDP
1603,2482,2491,2492,2018-02-21 10:26:02,2018-02-21 10:26:11,2018-02-21 10:26:12,1,DDOS attack-LOIC-UDP
1604,2483,2492,2493,2018-02-21 10:26:03,2018-02-21 10:26:12,2018-02-21 10:26:13,0,Benign
1605,2484,2493,2494,2018-02-21 10:26:04,2018-02-21 10:26:13,2018-02-21 10:26:14,0,Benign
1606,2485,2494,2495,2018-02-21 10:26:05,2018-02-21 10:26:14,2018-02-21 10:26:15,0,Benign
1607,2486,2495,2496,2018-02-21 10:26:06,2018-02-21 10:26:15,2018-02-21 10:26:16,0,Benign
1608,2487,2496,2497,2018-02-21 10:26:07,2018-02-21 10:26:16,2018-02-21 10:26:17,0,Benign
1609,2488,2497,2498,2018-02-21 10:26:08,2018-02-21 10:26:17,2018-02-21 10:26:18,0,Benign
1610,2489,2498,2499,2018-02-21 10:26:09,2018-02-21 10:26:18,2018-02-21 10:26:19,0,Benign
1611,2490,2499,2500,2018-02-21 10:26:10,2018-02-21 10:26:19,2018-02-21 10:26:20,0,Benign
1612,2491,2500,2501,2018-02-21 10:26:11,2018-02-21 10:26:20,2018-02-21 10:26:21,0,Benign
1613,2492,2501,2502,2018-02-21 10:26:12,2018-02-21 10:26:21,2018-02-21 10:26:22,0,Benign
1614,2493,2502,2503,2018-02-21 10:26:13,2018-02-21 10:26:22,2018-02-21 10:26:23,0,Benign
1615,2494,2503,2504,2018-02-21 10:26:14,2018-02-21 10:26:23,2018-02-21 10:26:24,0,Benign
1616,2495,2504,2505,2018-02-21 10:26:15,2018-02-21 10:26:24,2018-02-21 10:26:25,0,Benign
1617,2496,2505,2506,2018-02-21 10:26:16,2018-02-21 10:26:25,2018-02-21 10:26:26,0,Benign
1618,2497,2506,2507,2018-02-21 10:26:17,2018-02-21 10:26:26,2018-02-21 10:26:27,0,Benign
1619,2498,2507,2508,2018-02-21 10:26:18,2018-02-21 10:26:27,2018-02-21 10:26:28,0,Benign
1620,2499,2508,2509,2018-02-21 10:26:19,2018-02-21 10:26:28,2018-02-21 10:26:29,0,Benign
1621,2525,2534,2535,2018-02-21 10:26:55,2018-02-21 10:27:04,2018-02-21 10:27:05,1,DDOS attack-LOIC-UDP
1622,2526,2535,2536,2018-02-21 10:26:56,2018-02-21 10:27:05,2018-02-21 10:27:06,1,DDOS attack-LOIC-UDP
1623,2527,2536,2537,2018-02-21 10:26:57,2018-02-21 10:27:06,2018-02-21 10:27:07,1,DDOS attack-LOIC-UDP
1624,2528,2537,2538,2018-02-21 10:26:58,2018-02-21 10:27:07,2018-02-21 10:27:08,1,DDOS attack-LOIC-UDP
1625,2529,2538,2539,2018-02-21 10:26:59,2018-02-21 10:27:08,2018-02-21 10:27:09,1,DDOS attack-LOIC-UDP
1626,2530,2539,2540,2018-02-21 10:27:00,2018-02-21 10:27:09,2018-02-21 10:27:10,1,DDOS attack-LOIC-UDP
1627,2531,2540,2541,2018-02-21 10:27:01,2018-02-21 10:27:10,2018-02-21 10:27:11,1,DDOS attack-LOIC-UDP
1628,2542,2551,2552,2018-02-21 10:27:13,2018-02-21 10:27:22,2018-02-21 10:27:23,1,DDOS attack-LOIC-UDP
1629,2543,2552,2553,2018-02-21 10:27:14,2018-02-21 10:27:23,2018-02-21 10:27:24,1,DDOS attack-LOIC-UDP
1630,2544,2553,2554,2018-02-21 10:27:15,2018-02-21 10:27:24,2018-02-21 10:27:25,1,DDOS attack-LOIC-UDP
1631,2545,2554,2555,2018-02-21 10:27:16,2018-02-21 10:27:25,2018-02-21 10:27:26,1,DDOS attack-LOIC-UDP
1632,2546,2555,2556,2018-02-21 10:27:17,2018-02-21 10:27:26,2018-02-21 10:27:27,1,DDOS attack-LOIC-UDP
1633,2547,2556,2557,2018-02-21 10:27:18,2018-02-21 10:27:27,2018-02-21 10:27:28,1,DDOS attack-LOIC-UDP
1634,2548,2557,2558,2018-02-21 10:27:19,2018-02-21 10:27:28,2018-02-21 10:27:29,1,DDOS attack-LOIC-UDP
1635,2549,2558,2559,2018-02-21 10:27:20,2018-02-21 10:27:29,2018-02-21 10:27:30,1,DDOS attack-LOIC-UDP
1636,2560,2569,2570,2018-02-21 10:27:32,2018-02-21 10:27:41,2018-02-21 10:27:42,0,Benign
1637,2561,2570,2571,2018-02-21 10:27:33,2018-02-21 10:27:42,2018-02-21 10:27:43,1,DDOS attack-LOIC-UDP
1638,2615,2624,2625,2018-02-21 10:28:53,2018-02-21 10:29:02,2018-02-21 10:29:03,0,Benign
1639,2616,2625,2626,2018-02-21 10:28:54,2018-02-21 10:29:03,2018-02-21 10:29:04,1,DDOS attack-LOIC-UDP
1640,2617,2626,2627,2018-02-21 10:28:55,2018-02-21 10:29:04,2018-02-21 10:29:05,1,DDOS attack-LOIC-UDP
1641,2618,2627,2628,2018-02-21 10:28:56,2018-02-21 10:29:05,2018-02-21 10:29:06,1,DDOS attack-LOIC-UDP
1642,2619,2628,2629,2018-02-21 10:28:57,2018-02-21 10:29:06,2018-02-21 10:29:07,1,DDOS attack-LOIC-UDP
1643,2620,2629,2630,2018-02-21 10:28:58,2018-02-21 10:29:07,2018-02-21 10:29:08,1,DDOS attack-LOIC-UDP
1644,2621,2630,2631,2018-02-21 10:28:59,2018-02-21 10:29:08,2018-02-21 10:29:09,1,DDOS attack-LOIC-UDP
1645,2622,2631,2632,2018-02-21 10:29:00,2018-02-21 10:29:09,2018-02-21 10:29:10,1,DDOS attack-LOIC-UDP
1646,2623,2632,2633,2018-02-21 10:29:01,2018-02-21 10:29:10,2018-02-21 10:29:11,1,DDOS attack-LOIC-UDP
1647,2634,2643,2644,2018-02-21 10:29:13,2018-02-21 10:29:22,2018-02-21 10:29:23,1,DDOS attack-LOIC-UDP
1648,2635,2644,2645,2018-02-21 10:29:14,2018-02-21 10:29:23,2018-02-21 10:29:24,1,DDOS attack-LOIC-UDP
1649,2636,2645,2646,2018-02-21 10:29:15,2018-02-21 10:29:24,2018-02-21 10:29:25,1,DDOS attack-LOIC-UDP
1650,2637,2646,2647,2018-02-21 10:29:16,2018-02-21 10:29:25,2018-02-21 10:29:26,1,DDOS attack-LOIC-UDP
1651,2638,2647,2648,2018-02-21 10:29:17,2018-02-21 10:29:26,2018-02-21 10:29:27,1,DDOS attack-LOIC-UDP
1652,2639,2648,2649,2018-02-21 10:29:18,2018-02-21 10:29:27,2018-02-21 10:29:28,1,DDOS attack-LOIC-UDP
1653,2640,2649,2650,2018-02-21 10:29:19,2018-02-21 10:29:28,2018-02-21 10:29:29,1,DDOS attack-LOIC-UDP
1654,2641,2650,2651,2018-02-21 10:29:20,2018-02-21 10:29:29,2018-02-21 10:29:30,1,DDOS attack-LOIC-UDP
1655,2642,2651,2652,2018-02-21 10:29:21,2018-02-21 10:29:30,2018-02-21 10:29:31,1,DDOS attack-LOIC-UDP
1656,2643,2652,2653,2018-02-21 10:29:22,2018-02-21 10:29:31,2018-02-21 10:29:32,1,DDOS attack-LOIC-UDP
1657,2644,2653,2654,2018-02-21 10:29:23,2018-02-21 10:29:32,2018-02-21 10:29:33,1,DDOS attack-LOIC-UDP
1658,2645,2654,2655,2018-02-21 10:29:24,2018-02-21 10:29:33,2018-02-21 10:29:34,1,DDOS attack-LOIC-UDP
1659,2646,2655,2656,2018-02-21 10:29:25,2018-02-21 10:29:34,2018-02-21 10:29:35,1,DDOS attack-LOIC-UDP
1660,2647,2656,2657,2018-02-21 10:29:26,2018-02-21 10:29:35,2018-02-21 10:29:36,1,DDOS attack-LOIC-UDP
1661,2648,2657,2658,2018-02-21 10:29:27,2018-02-21 10:29:36,2018-02-21 10:29:37,1,DDOS attack-LOIC-UDP
1662,2649,2658,2659,2018-02-21 10:29:28,2018-02-21 10:29:37,2018-02-21 10:29:38,1,DDOS attack-LOIC-UDP
1663,2650,2659,2660,2018-02-21 10:29:29,2018-02-21 10:29:38,2018-02-21 10:29:39,1,DDOS attack-LOIC-UDP
1664,2651,2660,2661,2018-02-21 10:29:30,2018-02-21 10:29:39,2018-02-21 10:29:40,1,DDOS attack-LOIC-UDP
1665,2652,2661,2662,2018-02-21 10:29:31,2018-02-21 10:29:40,2018-02-21 10:29:41,1,DDOS attack-LOIC-UDP
1666,2703,2712,2713,2018-02-21 10:30:51,2018-02-21 10:31:00,2018-02-21 10:31:01,1,DDOS attack-LOIC-UDP
1667,2704,2713,2714,2018-02-21 10:30:52,2018-02-21 10:31:01,2018-02-21 10:31:02,1,DDOS attack-LOIC-UDP
1668,2705,2714,2715,2018-02-21 10:30:53,2018-02-21 10:31:02,2018-02-21 10:31:03,1,DDOS attack-LOIC-UDP
1669,2706,2715,2716,2018-02-21 10:30:54,2018-02-21 10:31:03,2018-02-21 10:31:04,1,DDOS attack-LOIC-UDP
1670,2707,2716,2717,2018-02-21 10:30:55,2018-02-21 10:31:04,2018-02-21 10:31:05,1,DDOS attack-LOIC-UDP
1671,2708,2717,2718,2018-02-21 10:30:56,2018-02-21 10:31:05,2018-02-21 10:31:06,1,DDOS attack-LOIC-UDP
1672,2709,2718,2719,2018-02-21 10:30:57,2018-02-21 10:31:06,2018-02-21 10:31:07,1,DDOS attack-LOIC-UDP
1673,2710,2719,2720,2018-02-21 10:30:58,2018-02-21 10:31:07,2018-02-21 10:31:08,1,DDOS attack-LOIC-UDP
1674,2711,2720,2721,2018-02-21 10:30:59,2018-02-21 10:31:08,2018-02-21 10:31:09,1,DDOS attack-LOIC-UDP
1675,2712,2721,2722,2018-02-21 10:31:00,2018-02-21 10:31:09,2018-02-21 10:31:10,1,DDOS attack-LOIC-UDP
1676,2713,2722,2723,2018-02-21 10:31:01,2018-02-21 10:31:10,2018-02-21 10:31:11,1,DDOS attack-LOIC-UDP
1677,2714,2723,2724,2018-02-21 10:31:02,2018-02-21 10:31:11,2018-02-21 10:31:12,1,DDOS attack-LOIC-UDP
1678,2715,2724,2725,2018-02-21 10:31:03,2018-02-21 10:31:12,2018-02-21 10:31:13,1,DDOS attack-LOIC-UDP
1679,2716,2725,2726,2018-02-21 10:31:04,2018-02-21 10:31:13,2018-02-21 10:31:14,1,DDOS attack-LOIC-UDP
1680,2717,2726,2727,2018-02-21 10:31:05,2018-02-21 10:31:14,2018-02-21 10:31:15,1,DDOS attack-LOIC-UDP
1681,2718,2727,2728,2018-02-21 10:31:06,2018-02-21 10:31:15,2018-02-21 10:31:16,1,DDOS attack-LOIC-UDP
1682,2719,2728,2729,2018-02-21 10:31:07,2018-02-21 10:31:16,2018-02-21 10:31:17,1,DDOS attack-LOIC-UDP
1683,2720,2729,2730,2018-02-21 10:31:08,2018-02-21 10:31:17,2018-02-21 10:31:18,1,DDOS attack-LOIC-UDP
1684,2721,2730,2731,2018-02-21 10:31:09,2018-02-21 10:31:18,2018-02-21 10:31:19,1,DDOS attack-LOIC-UDP
1685,2722,2731,2732,2018-02-21 10:31:10,2018-02-21 10:31:19,2018-02-21 10:31:20,1,DDOS attack-LOIC-UDP
1686,2723,2732,2733,2018-02-21 10:31:11,2018-02-21 10:31:20,2018-02-21 10:31:21,1,DDOS attack-LOIC-UDP
1687,2724,2733,2734,2018-02-21 10:31:12,2018-02-21 10:31:21,2018-02-21 10:31:22,0,Benign
1688,2725,2734,2735,2018-02-21 10:31:13,2018-02-21 10:31:22,2018-02-21 10:31:23,1,DDOS attack-LOIC-UDP
1689,2726,2735,2736,2018-02-21 10:31:14,2018-02-21 10:31:23,2018-02-21 10:31:24,1,DDOS attack-LOIC-UDP
1690,2727,2736,2737,2018-02-21 10:31:15,2018-02-21 10:31:24,2018-02-21 10:31:25,1,DDOS attack-LOIC-UDP
1691,2728,2737,2738,2018-02-21 10:31:16,2018-02-21 10:31:25,2018-02-21 10:31:26,1,DDOS attack-LOIC-UDP
1692,2729,2738,2739,2018-02-21 10:31:17,2018-02-21 10:31:26,2018-02-21 10:31:27,1,DDOS attack-LOIC-UDP
1693,2730,2739,2740,2018-02-21 10:31:18,2018-02-21 10:31:27,2018-02-21 10:31:28,1,DDOS attack-LOIC-UDP
1694,2731,2740,2741,2018-02-21 10:31:19,2018-02-21 10:31:28,2018-02-21 10:31:29,1,DDOS attack-LOIC-UDP
1695,2732,2741,2742,2018-02-21 10:31:20,2018-02-21 10:31:29,2018-02-21 10:31:30,1,DDOS attack-LOIC-UDP
1696,2733,2742,2743,2018-02-21 10:31:21,2018-02-21 10:31:30,2018-02-21 10:31:31,1,DDOS attack-LOIC-UDP
1697,2734,2743,2744,2018-02-21 10:31:22,2018-02-21 10:31:31,2018-02-21 10:31:32,1,DDOS attack-LOIC-UDP
1698,2735,2744,2745,2018-02-21 10:31:23,2018-02-21 10:31:32,2018-02-21 10:31:33,1,DDOS attack-LOIC-UDP
1699,2736,2745,2746,2018-02-21 10:31:24,2018-02-21 10:31:33,2018-02-21 10:31:34,1,DDOS attack-LOIC-UDP
1700,2737,2746,2747,2018-02-21 10:31:25,2018-02-21 10:31:34,2018-02-21 10:31:35,1,DDOS attack-LOIC-UDP
1701,2779,2788,2789,2018-02-21 10:32:26,2018-02-21 10:32:35,2018-02-21 10:32:36,0,Benign
1702,2808,2817,2818,2018-02-21 10:33:00,2018-02-21 10:33:09,2018-02-21 10:33:10,1,DDOS attack-LOIC-UDP
1703,2809,2818,2819,2018-02-21 10:33:01,2018-02-21 10:33:10,2018-02-21 10:33:11,1,DDOS attack-LOIC-UDP
1704,2810,2819,2820,2018-02-21 10:33:02,2018-02-21 10:33:11,2018-02-21 10:33:12,1,DDOS attack-LOIC-UDP
1705,2811,2820,2821,2018-02-21 10:33:03,2018-02-21 10:33:12,2018-02-21 10:33:13,1,DDOS attack-LOIC-UDP
1706,2812,2821,2822,2018-02-21 10:33:04,2018-02-21 10:33:13,2018-02-21 10:33:14,1,DDOS attack-LOIC-UDP
1707,2813,2822,2823,2018-02-21 10:33:05,2018-02-21 10:33:14,2018-02-21 10:33:15,1,DDOS attack-LOIC-UDP
1708,2814,2823,2824,2018-02-21 10:33:06,2018-02-21 10:33:15,2018-02-21 10:33:16,1,DDOS attack-LOIC-UDP
1709,2815,2824,2825,2018-02-21 10:33:07,2018-02-21 10:33:16,2018-02-21 10:33:17,1,DDOS attack-LOIC-UDP
1710,2816,2825,2826,2018-02-21 10:33:08,2018-02-21 10:33:17,2018-02-21 10:33:18,1,DDOS attack-LOIC-UDP
1711,2817,2826,2827,2018-02-21 10:33:09,2018-02-21 10:33:18,2018-02-21 10:33:19,1,DDOS attack-LOIC-UDP
1712,2818,2827,2828,2018-02-21 10:33:10,2018-02-21 10:33:19,2018-02-21 10:33:20,1,DDOS attack-LOIC-UDP
1713,2819,2828,2829,2018-02-21 10:33:11,2018-02-21 10:33:20,2018-02-21 10:33:21,1,DDOS attack-LOIC-UDP
1714,2820,2829,2830,2018-02-21 10:33:12,2018-02-21 10:33:21,2018-02-21 10:33:22,0,Benign
1715,2821,2830,2831,2018-02-21 10:33:13,2018-02-21 10:33:22,2018-02-21 10:33:23,1,DDOS attack-LOIC-UDP
1716,2822,2831,2832,2018-02-21 10:33:14,2018-02-21 10:33:23,2018-02-21 10:33:24,0,Benign
1717,2823,2832,2833,2018-02-21 10:33:15,2018-02-21 10:33:24,2018-02-21 10:33:25,1,DDOS attack-LOIC-UDP
1718,2824,2833,2834,2018-02-21 10:33:16,2018-02-21 10:33:25,2018-02-21 10:33:26,1,DDOS attack-LOIC-UDP
1719,2825,2834,2835,2018-02-21 10:33:17,2018-02-21 10:33:26,2018-02-21 10:33:27,1,DDOS attack-LOIC-UDP
1720,2826,2835,2836,2018-02-21 10:33:18,2018-02-21 10:33:27,2018-02-21 10:33:28,1,DDOS attack-LOIC-UDP
1721,2827,2836,2837,2018-02-21 10:33:19,2018-02-21 10:33:28,2018-02-21 10:33:29,1,DDOS attack-LOIC-UDP
1722,2828,2837,2838,2018-02-21 10:33:20,2018-02-21 10:33:29,2018-02-21 10:33:30,1,DDOS attack-LOIC-UDP
1723,2829,2838,2839,2018-02-21 10:33:21,2018-02-21 10:33:30,2018-02-21 10:33:31,1,DDOS attack-LOIC-UDP
1724,2893,2902,2903,2018-02-21 10:34:53,2018-02-21 10:35:02,2018-02-21 10:35:03,1,DDOS attack-LOIC-UDP
1725,2894,2903,2904,2018-02-21 10:34:54,2018-02-21 10:35:03,2018-02-21 10:35:04,1,DDOS attack-LOIC-UDP
1726,2895,2904,2905,2018-02-21 10:34:55,2018-02-21 10:35:04,2018-02-21 10:35:05,1,DDOS attack-LOIC-UDP
1727,2896,2905,2906,2018-02-21 10:34:56,2018-02-21 10:35:05,2018-02-21 10:35:06,1,DDOS attack-LOIC-UDP
1728,2897,2906,2907,2018-02-21 10:34:57,2018-02-21 10:35:06,2018-02-21 10:35:07,1,DDOS attack-LOIC-UDP
1729,2898,2907,2908,2018-02-21 10:34:58,2018-02-21 10:35:07,2018-02-21 10:35:08,1,DDOS attack-LOIC-UDP
1730,2899,2908,2909,2018-02-21 10:34:59,2018-02-21 10:35:08,2018-02-21 10:35:09,1,DDOS attack-LOIC-UDP
1731,2900,2909,2910,2018-02-21 10:35:00,2018-02-21 10:35:09,2018-02-21 10:35:10,1,DDOS attack-LOIC-UDP
1732,2901,2910,2911,2018-02-21 10:35:01,2018-02-21 10:35:10,2018-02-21 10:35:11,1,DDOS attack-LOIC-UDP
1733,2902,2911,2912,2018-02-21 10:35:02,2018-02-21 10:35:11,2018-02-21 10:35:12,1,DDOS attack-LOIC-UDP
1734,2903,2912,2913,2018-02-21 10:35:03,2018-02-21 10:35:12,2018-02-21 10:35:13,0,Benign
1735,2904,2913,2914,2018-02-21 10:35:04,2018-02-21 10:35:13,2018-02-21 10:35:14,1,DDOS attack-LOIC-UDP
1736,2915,2924,2925,2018-02-21 10:35:16,2018-02-21 10:35:25,2018-02-21 10:35:26,1,DDOS attack-LOIC-UDP
1737,2916,2925,2926,2018-02-21 10:35:17,2018-02-21 10:35:26,2018-02-21 10:35:27,1,DDOS attack-LOIC-UDP
1738,2917,2926,2927,2018-02-21 10:35:18,2018-02-21 10:35:27,2018-02-21 10:35:28,1,DDOS attack-LOIC-UDP
1739,2918,2927,2928,2018-02-21 10:35:19,2018-02-21 10:35:28,2018-02-21 10:35:29,1,DDOS attack-LOIC-UDP
1740,2919,2928,2929,2018-02-21 10:35:20,2018-02-21 10:35:29,2018-02-21 10:35:30,1,DDOS attack-LOIC-UDP
1741,2920,2929,2930,2018-02-21 10:35:21,2018-02-21 10:35:30,2018-02-21 10:35:31,1,DDOS attack-LOIC-UDP
1742,2921,2930,2931,2018-02-21 10:35:22,2018-02-21 10:35:31,2018-02-21 10:35:32,0,Benign
1743,2922,2931,2932,2018-02-21 10:35:23,2018-02-21 10:35:32,2018-02-21 10:35:33,1,DDOS attack-LOIC-UDP
1744,2923,2932,2933,2018-02-21 10:35:24,2018-02-21 10:35:33,2018-02-21 10:35:34,1,DDOS attack-LOIC-UDP
1745,2924,2933,2934,2018-02-21 10:35:25,2018-02-21 10:35:34,2018-02-21 10:35:35,1,DDOS attack-LOIC-UDP
1746,2925,2934,2935,2018-02-21 10:35:26,2018-02-21 10:35:35,2018-02-21 10:35:36,1,DDOS attack-LOIC-UDP
1747,2926,2935,2936,2018-02-21 10:35:27,2018-02-21 10:35:36,2018-02-21 10:35:37,1,DDOS attack-LOIC-UDP
1748,2927,2936,2937,2018-02-21 10:35:28,2018-02-21 10:35:37,2018-02-21 10:35:38,1,DDOS attack-LOIC-UDP
1749,2928,2937,2938,2018-02-21 10:35:29,2018-02-21 10:35:38,2018-02-21 10:35:39,1,DDOS attack-LOIC-UDP
1750,2929,2938,2939,2018-02-21 10:35:30,2018-02-21 10:35:39,2018-02-21 10:35:40,1,DDOS attack-LOIC-UDP
1751,2930,2939,2940,2018-02-21 10:35:31,2018-02-21 10:35:40,2018-02-21 10:35:41,1,DDOS attack-LOIC-UDP
1752,2931,2940,2941,2018-02-21 10:35:32,2018-02-21 10:35:41,2018-02-21 10:35:42,1,DDOS attack-LOIC-UDP
1753,2932,2941,2942,2018-02-21 10:35:33,2018-02-21 10:35:42,2018-02-21 10:35:43,0,Benign
1754,2933,2942,2943,2018-02-21 10:35:34,2018-02-21 10:35:43,2018-02-21 10:35:44,1,DDOS attack-LOIC-UDP
1755,2934,2943,2944,2018-02-21 10:35:35,2018-02-21 10:35:44,2018-02-21 10:35:45,1,DDOS attack-LOIC-UDP
1756,2935,2944,2945,2018-02-21 10:35:36,2018-02-21 10:35:45,2018-02-21 10:35:46,1,DDOS attack-LOIC-UDP
1757,2936,2945,2946,2018-02-21 10:35:37,2018-02-21 10:35:46,2018-02-21 10:35:47,0,Benign
1758,2989,2998,2999,2018-02-21 10:36:56,2018-02-21 10:37:05,2018-02-21 10:37:06,1,DDOS attack-LOIC-UDP
1759,2990,2999,3000,2018-02-21 10:36:57,2018-02-21 10:37:06,2018-02-21 10:37:07,1,DDOS attack-LOIC-UDP
1760,2991,3000,3001,2018-02-21 10:36:58,2018-02-21 10:37:07,2018-02-21 10:37:08,0,Benign
1761,2992,3001,3002,2018-02-21 10:36:59,2018-02-21 10:37:08,2018-02-21 10:37:09,1,DDOS attack-LOIC-UDP
1762,2993,3002,3003,2018-02-21 10:37:00,2018-02-21 10:37:09,2018-02-21 10:37:10,1,DDOS attack-LOIC-UDP
1763,2994,3003,3004,2018-02-21 10:37:01,2018-02-21 10:37:10,2018-02-21 10:37:11,1,DDOS attack-LOIC-UDP
1764,2995,3004,3005,2018-02-21 10:37:02,2018-02-21 10:37:11,2018-02-21 10:37:12,1,DDOS attack-LOIC-UDP
1765,2996,3005,3006,2018-02-21 10:37:03,2018-02-21 10:37:12,2018-02-21 10:37:13,0,Benign
1766,2997,3006,3007,2018-02-21 10:37:04,2018-02-21 10:37:13,2018-02-21 10:37:14,1,DDOS attack-LOIC-UDP
1767,2998,3007,3008,2018-02-21 10:37:05,2018-02-21 10:37:14,2018-02-21 10:37:15,1,DDOS attack-LOIC-UDP
1768,2999,3008,3009,2018-02-21 10:37:06,2018-02-21 10:37:15,2018-02-21 10:37:16,1,DDOS attack-LOIC-UDP
1769,3000,3009,3010,2018-02-21 10:37:07,2018-02-21 10:37:16,2018-02-21 10:37:17,1,DDOS attack-LOIC-UDP
1770,3001,3010,3011,2018-02-21 10:37:08,2018-02-21 10:37:17,2018-02-21 10:37:18,1,DDOS attack-LOIC-UDP
1771,3002,3011,3012,2018-02-21 10:37:09,2018-02-21 10:37:18,2018-02-21 10:37:19,1,DDOS attack-LOIC-UDP
1772,3003,3012,3013,2018-02-21 10:37:10,2018-02-21 10:37:19,2018-02-21 10:37:20,1,DDOS attack-LOIC-UDP
1773,3004,3013,3014,2018-02-21 10:37:11,2018-02-21 10:37:20,2018-02-21 10:37:21,1,DDOS attack-LOIC-UDP
1774,3005,3014,3015,2018-02-21 10:37:12,2018-02-21 10:37:21,2018-02-21 10:37:22,1,DDOS attack-LOIC-UDP
1775,3006,3015,3016,2018-02-21 10:37:13,2018-02-21 10:37:22,2018-02-21 10:37:23,0,Benign
1776,3007,3016,3017,2018-02-21 10:37:14,2018-02-21 10:37:23,2018-02-21 10:37:24,1,DDOS attack-LOIC-UDP
1777,3008,3017,3018,2018-02-21 10:37:15,2018-02-21 10:37:24,2018-02-21 10:37:25,1,DDOS attack-LOIC-UDP
1778,3009,3018,3019,2018-02-21 10:37:16,2018-02-21 10:37:25,2018-02-21 10:37:26,1,DDOS attack-LOIC-UDP
1779,3010,3019,3020,2018-02-21 10:37:17,2018-02-21 10:37:26,2018-02-21 10:37:27,1,DDOS attack-LOIC-UDP
1780,3011,3020,3021,2018-02-21 10:37:18,2018-02-21 10:37:27,2018-02-21 10:37:28,1,DDOS attack-LOIC-UDP
1781,3012,3021,3022,2018-02-21 10:37:19,2018-02-21 10:37:28,2018-02-21 10:37:29,1,DDOS attack-LOIC-UDP
1782,3013,3022,3023,2018-02-21 10:37:20,2018-02-21 10:37:29,2018-02-21 10:37:30,1,DDOS attack-LOIC-UDP
1783,3014,3023,3024,2018-02-21 10:37:21,2018-02-21 10:37:30,2018-02-21 10:37:31,1,DDOS attack-LOIC-UDP
1784,3015,3024,3025,2018-02-21 10:37:22,2018-02-21 10:37:31,2018-02-21 10:37:32,1,DDOS attack-LOIC-UDP
1785,3016,3025,3026,2018-02-21 10:37:23,2018-02-21 10:37:32,2018-02-21 10:37:33,1,DDOS attack-LOIC-UDP
1786,3017,3026,3027,2018-02-21 10:37:24,2018-02-21 10:37:33,2018-02-21 10:37:34,1,DDOS attack-LOIC-UDP
1787,3018,3027,3028,2018-02-21 10:37:25,2018-02-21 10:37:34,2018-02-21 10:37:35,1,DDOS attack-LOIC-UDP
1788,3019,3028,3029,2018-02-21 10:37:26,2018-02-21 10:37:35,2018-02-21 10:37:36,1,DDOS attack-LOIC-UDP
1789,3083,3092,3093,2018-02-21 10:39:03,2018-02-21 10:39:12,2018-02-21 10:39:13,0,Benign
1790,3084,3093,3094,2018-02-21 10:39:04,2018-02-21 10:39:13,2018-02-21 10:39:14,1,DDOS attack-LOIC-UDP
1791,3085,3094,3095,2018-02-21 10:39:05,2018-02-21 10:39:14,2018-02-21 10:39:15,1,DDOS attack-LOIC-UDP
1792,3086,3095,3096,2018-02-21 10:39:06,2018-02-21 10:39:15,2018-02-21 10:39:16,1,DDOS attack-LOIC-UDP
1793,3087,3096,3097,2018-02-21 10:39:07,2018-02-21 10:39:16,2018-02-21 10:39:17,1,DDOS attack-LOIC-UDP
1794,3088,3097,3098,2018-02-21 10:39:08,2018-02-21 10:39:17,2018-02-21 10:39:18,1,DDOS attack-LOIC-UDP
1795,3089,3098,3099,2018-02-21 10:39:09,2018-02-21 10:39:18,2018-02-21 10:39:19,1,DDOS attack-LOIC-UDP
1796,3090,3099,3100,2018-02-21 10:39:10,2018-02-21 10:39:19,2018-02-21 10:39:20,1,DDOS attack-LOIC-UDP
1797,3091,3100,3101,2018-02-21 10:39:11,2018-02-21 10:39:20,2018-02-21 10:39:21,1,DDOS attack-LOIC-UDP
1798,3092,3101,3102,2018-02-21 10:39:12,2018-02-21 10:39:21,2018-02-21 10:39:22,1,DDOS attack-LOIC-UDP
1799,3093,3102,3103,2018-02-21 10:39:13,2018-02-21 10:39:22,2018-02-21 10:39:23,0,Benign
1800,3094,3103,3104,2018-02-21 10:39:14,2018-02-21 10:39:23,2018-02-21 10:39:24,1,DDOS attack-LOIC-UDP
1801,3095,3104,3105,2018-02-21 10:39:15,2018-02-21 10:39:24,2018-02-21 10:39:25,1,DDOS attack-LOIC-UDP
1802,3096,3105,3106,2018-02-21 10:39:16,2018-02-21 10:39:25,2018-02-21 10:39:26,1,DDOS attack-LOIC-UDP
1803,3097,3106,3107,2018-02-21 10:39:17,2018-02-21 10:39:26,2018-02-21 10:39:27,1,DDOS attack-LOIC-UDP
1804,3098,3107,3108,2018-02-21 10:39:18,2018-02-21 10:39:27,2018-02-21 10:39:28,1,DDOS attack-LOIC-UDP
1805,3099,3108,3109,2018-02-21 10:39:19,2018-02-21 10:39:28,2018-02-21 10:39:29,1,DDOS attack-LOIC-UDP
1806,3100,3109,3110,2018-02-21 10:39:20,2018-02-21 10:39:29,2018-02-21 10:39:30,1,DDOS attack-LOIC-UDP
1807,3101,3110,3111,2018-02-21 10:39:21,2018-02-21 10:39:30,2018-02-21 10:39:31,1,DDOS attack-LOIC-UDP
1808,3102,3111,3112,2018-02-21 10:39:22,2018-02-21 10:39:31,2018-02-21 10:39:32,1,DDOS attack-LOIC-UDP
1809,3103,3112,3113,2018-02-21 10:39:23,2018-02-21 10:39:32,2018-02-21 10:39:33,1,DDOS attack-LOIC-UDP
1810,3104,3113,3114,2018-02-21 10:39:24,2018-02-21 10:39:33,2018-02-21 10:39:34,1,DDOS attack-LOIC-UDP
1811,3105,3114,3115,2018-02-21 10:39:25,2018-02-21 10:39:34,2018-02-21 10:39:35,1,DDOS attack-LOIC-UDP
1812,3106,3115,3116,2018-02-21 10:39:26,2018-02-21 10:39:35,2018-02-21 10:39:36,1,DDOS attack-LOIC-UDP
1813,3107,3116,3117,2018-02-21 10:39:27,2018-02-21 10:39:36,2018-02-21 10:39:37,1,DDOS attack-LOIC-UDP
1814,3108,3117,3118,2018-02-21 10:39:28,2018-02-21 10:39:37,2018-02-21 10:39:38,1,DDOS attack-LOIC-UDP
1815,3109,3118,3119,2018-02-21 10:39:29,2018-02-21 10:39:38,2018-02-21 10:39:39,1,DDOS attack-LOIC-UDP
1816,3110,3119,3120,2018-02-21 10:39:30,2018-02-21 10:39:39,2018-02-21 10:39:40,1,DDOS attack-LOIC-UDP
1817,3111,3120,3121,2018-02-21 10:39:31,2018-02-21 10:39:40,2018-02-21 10:39:41,1,DDOS attack-LOIC-UDP
1818,3112,3121,3122,2018-02-21 10:39:32,2018-02-21 10:39:41,2018-02-21 10:39:42,1,DDOS attack-LOIC-UDP
1819,3113,3122,3123,2018-02-21 10:39:33,2018-02-21 10:39:42,2018-02-21 10:39:43,0,Benign
1820,3114,3123,3124,2018-02-21 10:39:34,2018-02-21 10:39:43,2018-02-21 10:39:44,1,DDOS attack-LOIC-UDP
1821,3115,3124,3125,2018-02-21 10:39:35,2018-02-21 10:39:44,2018-02-21 10:39:45,1,DDOS attack-LOIC-UDP
1822,3116,3125,3126,2018-02-21 10:39:36,2018-02-21 10:39:45,2018-02-21 10:39:46,0,Benign
1823,3117,3126,3127,2018-02-21 10:39:37,2018-02-21 10:39:46,2018-02-21 10:39:47,1,DDOS attack-LOIC-UDP
1824,3118,3127,3128,2018-02-21 10:39:38,2018-02-21 10:39:47,2018-02-21 10:39:48,0,Benign
1825,3119,3128,3129,2018-02-21 10:39:39,2018-02-21 10:39:48,2018-02-21 10:39:49,0,Benign
1826,3161,3170,3171,2018-02-21 10:40:55,2018-02-21 10:41:04,2018-02-21 10:41:05,1,DDOS attack-LOIC-UDP
1827,3162,3171,3172,2018-02-21 10:40:56,2018-02-21 10:41:05,2018-02-21 10:41:06,1,DDOS attack-LOIC-UDP
1828,3163,3172,3173,2018-02-21 10:40:57,2018-02-21 10:41:06,2018-02-21 10:41:07,1,DDOS attack-LOIC-UDP
1829,3164,3173,3174,2018-02-21 10:40:58,2018-02-21 10:41:07,2018-02-21 10:41:08,1,DDOS attack-LOIC-UDP
1830,3165,3174,3175,2018-02-21 10:40:59,2018-02-21 10:41:08,2018-02-21 10:41:09,1,DDOS attack-LOIC-UDP
1831,3166,3175,3176,2018-02-21 10:41:00,2018-02-21 10:41:09,2018-02-21 10:41:10,1,DDOS attack-LOIC-UDP
1832,3167,3176,3177,2018-02-21 10:41:01,2018-02-21 10:41:10,2018-02-21 10:41:11,1,DDOS attack-LOIC-UDP
1833,3168,3177,3178,2018-02-21 10:41:02,2018-02-21 10:41:11,2018-02-21 10:41:12,1,DDOS attack-LOIC-UDP
1834,3169,3178,3179,2018-02-21 10:41:03,2018-02-21 10:41:12,2018-02-21 10:41:13,1,DDOS attack-LOIC-UDP
1835,3170,3179,3180,2018-02-21 10:41:04,2018-02-21 10:41:13,2018-02-21 10:41:14,1,DDOS attack-LOIC-UDP
1836,3171,3180,3181,2018-02-21 10:41:05,2018-02-21 10:41:14,2018-02-21 10:41:15,1,DDOS attack-LOIC-UDP
1837,3172,3181,3182,2018-02-21 10:41:06,2018-02-21 10:41:15,2018-02-21 10:41:16,1,DDOS attack-LOIC-UDP
1838,3173,3182,3183,2018-02-21 10:41:07,2018-02-21 10:41:16,2018-02-21 10:41:17,1,DDOS attack-LOIC-UDP
1839,3174,3183,3184,2018-02-21 10:41:08,2018-02-21 10:41:17,2018-02-21 10:41:18,1,DDOS attack-LOIC-UDP
1840,3175,3184,3185,2018-02-21 10:41:09,2018-02-21 10:41:18,2018-02-21 10:41:19,1,DDOS attack-LOIC-UDP
1841,3176,3185,3186,2018-02-21 10:41:10,2018-02-21 10:41:19,2018-02-21 10:41:20,1,DDOS attack-LOIC-UDP
1842,3177,3186,3187,2018-02-21 10:41:11,2018-02-21 10:41:20,2018-02-21 10:41:21,1,DDOS attack-LOIC-UDP
1843,3178,3187,3188,2018-02-21 10:41:12,2018-02-21 10:41:21,2018-02-21 10:41:22,1,DDOS attack-LOIC-UDP
1844,3179,3188,3189,2018-02-21 10:41:13,2018-02-21 10:41:22,2018-02-21 10:41:23,0,Benign
1845,3180,3189,3190,2018-02-21 10:41:14,2018-02-21 10:41:23,2018-02-21 10:41:24,1,DDOS attack-LOIC-UDP
1846,3181,3190,3191,2018-02-21 10:41:15,2018-02-21 10:41:24,2018-02-21 10:41:25,1,DDOS attack-LOIC-UDP
1847,3182,3191,3192,2018-02-21 10:41:16,2018-02-21 10:41:25,2018-02-21 10:41:26,1,DDOS attack-LOIC-UDP
1848,3183,3192,3193,2018-02-21 10:41:17,2018-02-21 10:41:26,2018-02-21 10:41:27,1,DDOS attack-LOIC-UDP
1849,3184,3193,3194,2018-02-21 10:41:18,2018-02-21 10:41:27,2018-02-21 10:41:28,1,DDOS attack-LOIC-UDP
1850,3185,3194,3195,2018-02-21 10:41:19,2018-02-21 10:41:28,2018-02-21 10:41:29,1,DDOS attack-LOIC-UDP
1851,3186,3195,3196,2018-02-21 10:41:20,2018-02-21 10:41:29,2018-02-21 10:41:30,1,DDOS attack-LOIC-UDP
1852,3187,3196,3197,2018-02-21 10:41:21,2018-02-21 10:41:30,2018-02-21 10:41:31,1,DDOS attack-LOIC-UDP
1853,3188,3197,3198,2018-02-21 10:41:22,2018-02-21 10:41:31,2018-02-21 10:41:32,1,DDOS attack-LOIC-UDP
1854,3189,3198,3199,2018-02-21 10:41:23,2018-02-21 10:41:32,2018-02-21 10:41:33,1,DDOS attack-LOIC-UDP
1855,3190,3199,3200,2018-02-21 10:41:24,2018-02-21 10:41:33,2018-02-21 10:41:34,0,Benign
1856,3191,3200,3201,2018-02-21 10:41:25,2018-02-21 10:41:34,2018-02-21 10:41:35,1,DDOS attack-LOIC-UDP
1857,3192,3201,3202,2018-02-21 10:41:26,2018-02-21 10:41:35,2018-02-21 10:41:36,1,DDOS attack-LOIC-UDP
1858,3193,3202,3203,2018-02-21 10:41:27,2018-02-21 10:41:36,2018-02-21 10:41:37,1,DDOS attack-LOIC-UDP
1859,3194,3203,3204,2018-02-21 10:41:28,2018-02-21 10:41:37,2018-02-21 10:41:38,1,DDOS attack-LOIC-UDP
1860,3195,3204,3205,2018-02-21 10:41:29,2018-02-21 10:41:38,2018-02-21 10:41:39,1,DDOS attack-LOIC-UDP
1861,3196,3205,3206,2018-02-21 10:41:30,2018-02-21 10:41:39,2018-02-21 10:41:40,1,DDOS attack-LOIC-UDP
1862,3197,3206,3207,2018-02-21 10:41:31,2018-02-21 10:41:40,2018-02-21 10:41:41,1,DDOS attack-LOIC-UDP
1863,3198,3207,3208,2018-02-21 10:41:32,2018-02-21 10:41:41,2018-02-21 10:41:42,1,DDOS attack-LOIC-UDP
1864,3199,3208,3209,2018-02-21 10:41:33,2018-02-21 10:41:42,2018-02-21 10:41:43,0,Benign
1865,3200,3209,3210,2018-02-21 10:41:34,2018-02-21 10:41:43,2018-02-21 10:41:44,0,Benign
1866,3201,3210,3211,2018-02-21 10:41:35,2018-02-21 10:41:44,2018-02-21 10:41:45,1,DDOS attack-LOIC-UDP
1867,3202,3211,3212,2018-02-21 10:41:36,2018-02-21 10:41:45,2018-02-21 10:41:46,1,DDOS attack-LOIC-UDP
1868,3203,3212,3213,2018-02-21 10:41:37,2018-02-21 10:41:46,2018-02-21 10:41:47,1,DDOS attack-LOIC-UDP
1869,3204,3213,3214,2018-02-21 10:41:38,2018-02-21 10:41:47,2018-02-21 10:41:48,0,Benign
