sequence_id,feature,time_step,contribution,direction
15670,ACK Flag Cnt,t-9,0.0003629624843597412,attack
15670,Active Max,t-9,9.03010368347168e-06,attack
15670,Active Mean,t-9,-4.270672798156738e-05,benign
15670,Active Min,t-9,8.434057235717773e-06,attack
15670,Active Std,t-9,0.0001544952392578125,attack
15670,Bwd Header Len,t-9,4.431605339050293e-05,attack
15670,Bwd IAT Max,t-9,-0.0002275407314300537,benign
15670,Bwd IAT Mean,t-9,0.00012063980102539062,attack
15670,Bwd IAT Min,t-9,6.270408630371094e-05,attack
15670,Bwd IAT Std,t-9,-0.00019690394401550293,benign
15670,Bwd IAT Tot,t-9,0.00026223063468933105,attack
15670,Bwd Pkt Len Max,t-9,0.00011309981346130371,attack
15670,Bwd Pkt Len Mean,t-9,-0.0005284547805786133,benign
15670,Bwd Pkt Len Min,t-9,0.0008115470409393311,attack
15670,Bwd Pkt Len Std,t-9,0.0014060437679290771,attack
15670,Bwd Pkts/s,t-9,-0.00015094876289367676,benign
15670,Bwd Seg Size Avg,t-9,-0.00020971894264221191,benign
15670,Down/Up Ratio,t-9,-0.000324934720993042,benign
15670,ECE Flag Cnt,t-9,0.00017568469047546387,attack
15670,Flow Byts/s,t-9,7.528066635131836e-05,attack
15670,Flow Duration,t-9,-0.00042563676834106445,benign
15670,Flow IAT Max,t-9,0.00018575787544250488,attack
15670,Flow IAT Mean,t-9,0.00042298436164855957,attack
15670,Flow IAT Min,t-9,0.00033348798751831055,attack
15670,Flow IAT Std,t-9,-0.00011628866195678711,benign
15670,Flow Pkts/s,t-9,-3.546476364135742e-06,benign
15670,Fwd Act Data Pkts,t-9,-1.1175870895385742e-05,benign
15670,Fwd Header Len,t-9,-7.423758506774902e-05,benign
15670,Fwd IAT Max,t-9,0.00046941637992858887,attack
15670,Fwd IAT Mean,t-9,0.0006740391254425049,attack
15670,Fwd IAT Min,t-9,0.0006537735462188721,attack
15670,Fwd IAT Std,t-9,-0.00039955973625183105,benign
15670,Fwd IAT Tot,t-9,-0.0003236830234527588,benign
15670,Fwd PSH Flags,t-9,-6.303191184997559e-05,benign
15670,Fwd Pkt Len Max,t-9,-0.0007297396659851074,benign
15670,Fwd Pkt Len Mean,t-9,-0.00034421682357788086,benign
15670,Fwd Pkt Len Min,t-9,-0.0004372894763946533,benign
15670,Fwd Pkt Len Std,t-9,-0.0007475912570953369,benign
15670,Fwd Pkts/s,t-9,9.235739707946777e-05,attack
15670,Fwd Seg Size Avg,t-9,-0.00037804245948791504,benign
15670,Fwd Seg Size Min,t-9,0.0004583597183227539,attack
15670,Idle Max,t-9,0.00046324729919433594,attack
15670,Idle Mean,t-9,0.00039589405059814453,attack
15670,Idle Min,t-9,0.0007568001747131348,attack
15670,Idle Std,t-9,-0.00031960010528564453,benign
15670,Init Bwd Win Byts,t-9,-0.00065574049949646,benign
15670,Init Fwd Win Byts,t-9,5.435943603515625e-05,attack
15670,PSH Flag Cnt,t-9,-2.7865171432495117e-05,benign
15670,Pkt Len Max,t-9,-0.0009760558605194092,benign
15670,Pkt Len Mean,t-9,-0.00029209256172180176,benign
15670,Pkt Len Min,t-9,-0.00015804171562194824,benign
15670,Pkt Len Std,t-9,-0.0012291669845581055,benign
15670,Pkt Len Var,t-9,-0.00039693713188171387,benign
15670,Pkt Size Avg,t-9,-0.0005509853363037109,benign
15670,RST Flag Cnt,t-9,6.860494613647461e-05,attack
15670,SYN Flag Cnt,t-9,-0.00028255581855773926,benign
15670,Subflow Bwd Byts,t-9,1.531839370727539e-05,attack
15670,Subflow Bwd Pkts,t-9,3.549456596374512e-05,attack
15670,Subflow Fwd Byts,t-9,1.2040138244628906e-05,attack
15670,Subflow Fwd Pkts,t-9,8.052587509155273e-05,attack
15670,Tot Bwd Pkts,t-9,2.580881118774414e-05,attack
15670,Tot Fwd Pkts,t-9,8.285045623779297e-06,attack
15670,TotLen Bwd Pkts,t-9,7.092952728271484e-06,attack
15670,TotLen Fwd Pkts,t-9,-5.334615707397461e-06,benign
15670,URG Flag Cnt,t-9,-0.0006426870822906494,benign
15670,Protocol_0,t-9,-0.0001456737518310547,benign
15670,Protocol_6,t-9,1.3440847396850586e-05,attack
15670,Protocol_17,t-9,-0.00010913610458374023,benign
15670,ACK Flag Cnt,t-8,-0.011292368173599243,benign
15670,Active Max,t-8,-0.0004913210868835449,benign
15670,Active Mean,t-8,0.0005135238170623779,attack
15670,Active Min,t-8,0.0002671182155609131,attack
15670,Active Std,t-8,0.00033542513847351074,attack
15670,Bwd Header Len,t-8,-7.045269012451172e-05,benign
15670,Bwd IAT Max,t-8,-0.000499725341796875,benign
15670,Bwd IAT Mean,t-8,-0.0003916025161743164,benign
15670,Bwd IAT Min,t-8,-0.0002764761447906494,benign
15670,Bwd IAT Std,t-8,-6.949901580810547e-05,benign
15670,Bwd IAT Tot,t-8,2.8699636459350586e-05,attack
15670,Bwd Pkt Len Max,t-8,-0.0016822516918182373,benign
15670,Bwd Pkt Len Mean,t-8,-0.0001004338264465332,benign
15670,Bwd Pkt Len Min,t-8,0.004082590341567993,attack
15670,Bwd Pkt Len Std,t-8,-0.0025939345359802246,benign
15670,Bwd Pkts/s,t-8,0.0002796947956085205,attack
15670,Bwd Seg Size Avg,t-8,-0.00029465556144714355,benign
15670,Down/Up Ratio,t-8,-0.0003651082515716553,benign
15670,ECE Flag Cnt,t-8,-0.000535130500793457,benign
15670,Flow Byts/s,t-8,-0.00011041760444641113,benign
15670,Flow Duration,t-8,0.0002048015594482422,attack
15670,Flow IAT Max,t-8,0.00011008977890014648,attack
15670,Flow IAT Mean,t-8,-0.0017575323581695557,benign
15670,Flow IAT Min,t-8,-0.002674967050552368,benign
15670,Flow IAT Std,t-8,-0.0007011592388153076,benign
15670,Flow Pkts/s,t-8,-0.00021520256996154785,benign
15670,Fwd Act Data Pkts,t-8,3.5434961318969727e-05,attack
15670,Fwd Header Len,t-8,7.715821266174316e-05,attack
15670,Fwd IAT Max,t-8,0.00012895464897155762,attack
15670,Fwd IAT Mean,t-8,-0.0015390515327453613,benign
15670,Fwd IAT Min,t-8,-0.0026477277278900146,benign
15670,Fwd IAT Std,t-8,-0.0011188685894012451,benign
15670,Fwd IAT Tot,t-8,0.00027361512184143066,attack
15670,Fwd PSH Flags,t-8,0.0002932250499725342,attack
15670,Fwd Pkt Len Max,t-8,0.00029268860816955566,attack
15670,Fwd Pkt Len Mean,t-8,-7.271766662597656e-06,benign
15670,Fwd Pkt Len Min,t-8,0.00010761618614196777,attack
15670,Fwd Pkt Len Std,t-8,-9.188055992126465e-05,benign
15670,Fwd Pkts/s,t-8,-9.515881538391113e-05,benign
15670,Fwd Seg Size Avg,t-8,-1.5109777450561523e-05,benign
15670,Fwd Seg Size Min,t-8,-8.615851402282715e-05,benign
15670,Idle Max,t-8,4.106760025024414e-05,attack
15670,Idle Mean,t-8,-0.00011467933654785156,benign
15670,Idle Min,t-8,-0.0003796517848968506,benign
15670,Idle Std,t-8,-0.0002511739730834961,benign
15670,Init Bwd Win Byts,t-8,0.0003019273281097412,attack
15670,Init Fwd Win Byts,t-8,-0.0008604228496551514,benign
15670,PSH Flag Cnt,t-8,5.692243576049805e-06,attack
15670,Pkt Len Max,t-8,-0.0004245638847351074,benign
15670,Pkt Len Mean,t-8,-2.3245811462402344e-05,benign
15670,Pkt Len Min,t-8,0.0002779662609100342,attack
15670,Pkt Len Std,t-8,4.279613494873047e-05,attack
15670,Pkt Len Var,t-8,-0.0002607405185699463,benign
15670,Pkt Size Avg,t-8,0.0011121630668640137,attack
15670,RST Flag Cnt,t-8,-0.0006155669689178467,benign
15670,SYN Flag Cnt,t-8,0.00047650933265686035,attack
15670,Subflow Bwd Byts,t-8,2.7298927307128906e-05,attack
15670,Subflow Bwd Pkts,t-8,-2.205371856689453e-05,benign
15670,Subflow Fwd Byts,t-8,-0.0006873905658721924,benign
15670,Subflow Fwd Pkts,t-8,-0.00029459595680236816,benign
15670,Tot Bwd Pkts,t-8,-5.194544792175293e-05,benign
15670,Tot Fwd Pkts,t-8,-0.00023049116134643555,benign
15670,TotLen Bwd Pkts,t-8,2.950429916381836e-05,attack
15670,TotLen Fwd Pkts,t-8,-2.98917293548584e-05,benign
15670,URG Flag Cnt,t-8,-0.0005730986595153809,benign
15670,Protocol_0,t-8,0.0004169344902038574,attack
15670,Protocol_6,t-8,-0.00017705559730529785,benign
15670,Protocol_17,t-8,0.0004245638847351074,attack
15670,ACK Flag Cnt,t-7,-0.0003809928894042969,benign
15670,Active Max,t-7,9.694695472717285e-05,attack
15670,Active Mean,t-7,-3.36766242980957e-05,benign
15670,Active Min,t-7,4.827976226806641e-06,attack
15670,Active Std,t-7,0.00028064846992492676,attack
15670,Bwd Header Len,t-7,-0.0002789497375488281,benign
15670,Bwd IAT Max,t-7,0.00023767352104187012,attack
15670,Bwd IAT Mean,t-7,-1.8894672393798828e-05,benign
15670,Bwd IAT Min,t-7,-0.00012242794036865234,benign
15670,Bwd IAT Std,t-7,1.8656253814697266e-05,attack
15670,Bwd IAT Tot,t-7,-0.0008820593357086182,benign
15670,Bwd Pkt Len Max,t-7,-0.0001646578311920166,benign
15670,Bwd Pkt Len Mean,t-7,0.0007641017436981201,attack
15670,Bwd Pkt Len Min,t-7,-0.0047203004360198975,benign
15670,Bwd Pkt Len Std,t-7,-0.0008660256862640381,benign
15670,Bwd Pkts/s,t-7,8.7738037109375e-05,attack
15670,Bwd Seg Size Avg,t-7,0.0007323026657104492,attack
15670,Down/Up Ratio,t-7,0.00024625658988952637,attack
15670,ECE Flag Cnt,t-7,0.0058182477951049805,attack
15670,Flow Byts/s,t-7,-3.153085708618164e-05,benign
15670,Flow Duration,t-7,-9.47713851928711e-06,benign
15670,Flow IAT Max,t-7,0.00032070279121398926,attack
15670,Flow IAT Mean,t-7,0.001378387212753296,attack
15670,Flow IAT Min,t-7,0.001701951026916504,attack
15670,Flow IAT Std,t-7,-6.22868537902832e-06,benign
15670,Flow Pkts/s,t-7,-0.00026226043701171875,benign
15670,Fwd Act Data Pkts,t-7,0.0005868375301361084,attack
15670,Fwd Header Len,t-7,0.000715106725692749,attack
15670,Fwd IAT Max,t-7,0.0008540451526641846,attack
15670,Fwd IAT Mean,t-7,0.0016508996486663818,attack
15670,Fwd IAT Min,t-7,0.0016829967498779297,attack
15670,Fwd IAT Std,t-7,-3.400444984436035e-05,benign
15670,Fwd IAT Tot,t-7,-2.9355287551879883e-05,benign
15670,Fwd PSH Flags,t-7,0.0011746585369110107,attack
15670,Fwd Pkt Len Max,t-7,0.0009127557277679443,attack
15670,Fwd Pkt Len Mean,t-7,0.00017049908638000488,attack
15670,Fwd Pkt Len Min,t-7,0.00021472573280334473,attack
15670,Fwd Pkt Len Std,t-7,0.0003719329833984375,attack
15670,Fwd Pkts/s,t-7,-0.000346451997756958,benign
15670,Fwd Seg Size Avg,t-7,0.0003133118152618408,attack
15670,Fwd Seg Size Min,t-7,0.00015804171562194824,attack
15670,Idle Max,t-7,0.0006812214851379395,attack
15670,Idle Mean,t-7,0.000440448522567749,attack
15670,Idle Min,t-7,0.0007083415985107422,attack
15670,Idle Std,t-7,0.0002671182155609131,attack
15670,Init Bwd Win Byts,t-7,0.00025856494903564453,attack
15670,Init Fwd Win Byts,t-7,0.0022115111351013184,attack
15670,PSH Flag Cnt,t-7,0.0004025399684906006,attack
15670,Pkt Len Max,t-7,-0.0001691281795501709,benign
15670,Pkt Len Mean,t-7,0.0002931058406829834,attack
15670,Pkt Len Min,t-7,-0.00028207898139953613,benign
15670,Pkt Len Std,t-7,-6.467103958129883e-06,benign
15670,Pkt Len Var,t-7,2.9027462005615234e-05,attack
15670,Pkt Size Avg,t-7,-0.00015881657600402832,benign
15670,RST Flag Cnt,t-7,0.005964159965515137,attack
15670,SYN Flag Cnt,t-7,0.0003453195095062256,attack
15670,Subflow Bwd Byts,t-7,7.978081703186035e-05,attack
15670,Subflow Bwd Pkts,t-7,9.897351264953613e-05,attack
15670,Subflow Fwd Byts,t-7,-0.0001074671745300293,benign
15670,Subflow Fwd Pkts,t-7,0.00010800361633300781,attack
15670,Tot Bwd Pkts,t-7,-0.00023674964904785156,benign
15670,Tot Fwd Pkts,t-7,0.0002874135971069336,attack
15670,TotLen Bwd Pkts,t-7,-4.410743713378906e-06,benign
15670,TotLen Fwd Pkts,t-7,6.35385513305664e-05,attack
15670,URG Flag Cnt,t-7,0.0003750026226043701,attack
15670,Protocol_0,t-7,-0.0003689229488372803,benign
15670,Protocol_6,t-7,0.00039649009704589844,attack
15670,Protocol_17,t-7,-0.00035756826400756836,benign
15670,ACK Flag Cnt,t-6,0.0005830228328704834,attack
15670,Active Max,t-6,-0.0006020963191986084,benign
15670,Active Mean,t-6,9.60230827331543e-05,attack
15670,Active Min,t-6,3.8057565689086914e-05,attack
15670,Active Std,t-6,-0.0033566951751708984,benign
15670,Bwd Header Len,t-6,0.00011321902275085449,attack
15670,Bwd IAT Max,t-6,-0.0003458261489868164,benign
15670,Bwd IAT Mean,t-6,0.00017729401588439941,attack
15670,Bwd IAT Min,t-6,0.00014513731002807617,attack
15670,Bwd IAT Std,t-6,-0.0005049705505371094,benign
15670,Bwd IAT Tot,t-6,0.001298069953918457,attack
15670,Bwd Pkt Len Max,t-6,-0.0015060901641845703,benign
15670,Bwd Pkt Len Mean,t-6,-0.0001061856746673584,benign
15670,Bwd Pkt Len Min,t-6,-0.004798948764801025,benign
15670,Bwd Pkt Len Std,t-6,-0.003796905279159546,benign
15670,Bwd Pkts/s,t-6,4.354119300842285e-05,attack
15670,Bwd Seg Size Avg,t-6,-7.75754451751709e-05,benign
15670,Down/Up Ratio,t-6,0.00025475025177001953,attack
15670,ECE Flag Cnt,t-6,-0.0012892186641693115,benign
15670,Flow Byts/s,t-6,-9.015202522277832e-05,benign
15670,Flow Duration,t-6,0.00012418627738952637,attack
15670,Flow IAT Max,t-6,-6.628036499023438e-05,benign
15670,Flow IAT Mean,t-6,0.00026363134384155273,attack
15670,Flow IAT Min,t-6,0.0005148351192474365,attack
15670,Flow IAT Std,t-6,-0.0001779496669769287,benign
15670,Flow Pkts/s,t-6,-8.374452590942383e-05,benign
15670,Fwd Act Data Pkts,t-6,-2.4586915969848633e-05,benign
15670,Fwd Header Len,t-6,-0.00021579861640930176,benign
15670,Fwd IAT Max,t-6,0.0013925135135650635,attack
15670,Fwd IAT Mean,t-6,0.0010478198528289795,attack
15670,Fwd IAT Min,t-6,0.0007722377777099609,attack
15670,Fwd IAT Std,t-6,-0.0005205869674682617,benign
15670,Fwd IAT Tot,t-6,0.00020328164100646973,attack
15670,Fwd PSH Flags,t-6,-0.00030353665351867676,benign
15670,Fwd Pkt Len Max,t-6,0.0004413425922393799,attack
15670,Fwd Pkt Len Mean,t-6,-0.000280231237411499,benign
15670,Fwd Pkt Len Min,t-6,0.0001920163631439209,attack
15670,Fwd Pkt Len Std,t-6,-0.00019475817680358887,benign
15670,Fwd Pkts/s,t-6,-0.00011706352233886719,benign
15670,Fwd Seg Size Avg,t-6,-0.00021758675575256348,benign
15670,Fwd Seg Size Min,t-6,-0.004531502723693848,benign
15670,Idle Max,t-6,0.0005170106887817383,attack
15670,Idle Mean,t-6,0.0001996457576751709,attack
15670,Idle Min,t-6,0.0006351470947265625,attack
15670,Idle Std,t-6,3.826618194580078e-05,attack
15670,Init Bwd Win Byts,t-6,0.0001932978630065918,attack
15670,Init Fwd Win Byts,t-6,-0.0003097355365753174,benign
15670,PSH Flag Cnt,t-6,-7.939338684082031e-05,benign
15670,Pkt Len Max,t-6,-0.001051396131515503,benign
15670,Pkt Len Mean,t-6,-0.00033083558082580566,benign
15670,Pkt Len Min,t-6,0.00010004639625549316,attack
15670,Pkt Len Std,t-6,-0.0013190209865570068,benign
15670,Pkt Len Var,t-6,-0.00036332011222839355,benign
15670,Pkt Size Avg,t-6,-0.00013679265975952148,benign
15670,RST Flag Cnt,t-6,-0.0007958114147186279,benign
15670,SYN Flag Cnt,t-6,-0.0006740093231201172,benign
15670,Subflow Bwd Byts,t-6,3.612041473388672e-05,attack
15670,Subflow Bwd Pkts,t-6,1.3113021850585938e-05,attack
15670,Subflow Fwd Byts,t-6,1.4096498489379883e-05,attack
15670,Subflow Fwd Pkts,t-6,-2.7865171432495117e-05,benign
15670,Tot Bwd Pkts,t-6,6.467103958129883e-05,attack
15670,Tot Fwd Pkts,t-6,5.4836273193359375e-06,attack
15670,TotLen Bwd Pkts,t-6,5.555152893066406e-05,attack
15670,TotLen Fwd Pkts,t-6,-2.8073787689208984e-05,benign
15670,URG Flag Cnt,t-6,0.0001704692840576172,attack
15670,Protocol_0,t-6,0.00022080540657043457,attack
15670,Protocol_6,t-6,0.0008668899536132812,attack
15670,Protocol_17,t-6,-0.0003980100154876709,benign
15670,ACK Flag Cnt,t-5,0.0007437765598297119,attack
15670,Active Max,t-5,8.642673492431641e-07,attack
15670,Active Mean,t-5,-7.924437522888184e-05,benign
15670,Active Min,t-5,-3.072619438171387e-05,benign
15670,Active Std,t-5,0.00016513466835021973,attack
15670,Bwd Header Len,t-5,0.00010761618614196777,attack
15670,Bwd IAT Max,t-5,0.0010259747505187988,attack
15670,Bwd IAT Mean,t-5,-0.0012778043746948242,benign
15670,Bwd IAT Min,t-5,0.00028374791145324707,attack
15670,Bwd IAT Std,t-5,0.00017023086547851562,attack
15670,Bwd IAT Tot,t-5,-0.004799395799636841,benign
15670,Bwd Pkt Len Max,t-5,-0.00047132372856140137,benign
15670,Bwd Pkt Len Mean,t-5,-0.0006001889705657959,benign
15670,Bwd Pkt Len Min,t-5,0.00015461444854736328,attack
15670,Bwd Pkt Len Std,t-5,0.0011088550090789795,attack
15670,Bwd Pkts/s,t-5,0.0004176795482635498,attack
15670,Bwd Seg Size Avg,t-5,0.0006335973739624023,attack
15670,Down/Up Ratio,t-5,-0.0006654858589172363,benign
15670,ECE Flag Cnt,t-5,0.015506058931350708,attack
15670,Flow Byts/s,t-5,0.0001564323902130127,attack
15670,Flow Duration,t-5,-0.0021765530109405518,benign
15670,Flow IAT Max,t-5,2.187490463256836e-05,attack
15670,Flow IAT Mean,t-5,-7.733702659606934e-05,benign
15670,Flow IAT Min,t-5,-0.0004118978977203369,benign
15670,Flow IAT Std,t-5,-0.0007561743259429932,benign
15670,Flow Pkts/s,t-5,0.00010311603546142578,attack
15670,Fwd Act Data Pkts,t-5,0.00010457634925842285,attack
15670,Fwd Header Len,t-5,0.0009431838989257812,attack
15670,Fwd IAT Max,t-5,-0.00011032819747924805,benign
15670,Fwd IAT Mean,t-5,0.00011709332466125488,attack
15670,Fwd IAT Min,t-5,0.00014472007751464844,attack
15670,Fwd IAT Std,t-5,-0.0009905695915222168,benign
15670,Fwd IAT Tot,t-5,-0.002549469470977783,benign
15670,Fwd PSH Flags,t-5,-0.00041100382804870605,benign
15670,Fwd Pkt Len Max,t-5,0.00027316808700561523,attack
15670,Fwd Pkt Len Mean,t-5,0.00041854381561279297,attack
15670,Fwd Pkt Len Min,t-5,-4.082918167114258e-06,benign
15670,Fwd Pkt Len Std,t-5,0.0003718435764312744,attack
15670,Fwd Pkts/s,t-5,-0.000122755765914917,benign
15670,Fwd Seg Size Avg,t-5,-3.787875175476074e-05,benign
15670,Fwd Seg Size Min,t-5,0.0003865957260131836,attack
15670,Idle Max,t-5,-3.463029861450195e-05,benign
15670,Idle Mean,t-5,1.385807991027832e-05,attack
15670,Idle Min,t-5,-9.188055992126465e-05,benign
15670,Idle Std,t-5,0.00019177794456481934,attack
15670,Init Bwd Win Byts,t-5,0.002201974391937256,attack
15670,Init Fwd Win Byts,t-5,-8.96751880645752e-05,benign
15670,PSH Flag Cnt,t-5,0.0010447502136230469,attack
15670,Pkt Len Max,t-5,-0.0007894635200500488,benign
15670,Pkt Len Mean,t-5,0.00019022822380065918,attack
15670,Pkt Len Min,t-5,-0.00023984909057617188,benign
15670,Pkt Len Std,t-5,-0.0006408989429473877,benign
15670,Pkt Len Var,t-5,0.00018545985221862793,attack
15670,Pkt Size Avg,t-5,-0.0001042485237121582,benign
15670,RST Flag Cnt,t-5,0.010825544595718384,attack
15670,SYN Flag Cnt,t-5,-0.0009261071681976318,benign
15670,Subflow Bwd Byts,t-5,-1.3440847396850586e-05,benign
15670,Subflow Bwd Pkts,t-5,5.9992074966430664e-05,attack
15670,Subflow Fwd Byts,t-5,6.854534149169922e-07,attack
15670,Subflow Fwd Pkts,t-5,0.00042325258255004883,attack
15670,Tot Bwd Pkts,t-5,7.838010787963867e-05,attack
15670,Tot Fwd Pkts,t-5,0.0003357529640197754,attack
15670,TotLen Bwd Pkts,t-5,-1.77919864654541e-05,benign
15670,TotLen Fwd Pkts,t-5,6.22868537902832e-06,attack
15670,URG Flag Cnt,t-5,-0.00020176172256469727,benign
15670,Protocol_0,t-5,6.747245788574219e-05,attack
15670,Protocol_6,t-5,-0.00014695525169372559,benign
15670,Protocol_17,t-5,-1.862645149230957e-05,benign
15670,ACK Flag Cnt,t-4,-0.002611011266708374,benign
15670,Active Max,t-4,8.118152618408203e-05,attack
15670,Active Mean,t-4,-2.6345252990722656e-05,benign
15670,Active Min,t-4,3.591179847717285e-05,attack
15670,Active Std,t-4,9.611248970031738e-05,attack
15670,Bwd Header Len,t-4,6.973743438720703e-06,attack
15670,Bwd IAT Max,t-4,0.006470233201980591,attack
15670,Bwd IAT Mean,t-4,-7.262825965881348e-05,benign
15670,Bwd IAT Min,t-4,1.9788742065429688e-05,attack
15670,Bwd IAT Std,t-4,0.003079324960708618,attack
15670,Bwd IAT Tot,t-4,-0.00044149160385131836,benign
15670,Bwd Pkt Len Max,t-4,0.0001983046531677246,attack
15670,Bwd Pkt Len Mean,t-4,-7.593631744384766e-05,benign
15670,Bwd Pkt Len Min,t-4,0.0017732679843902588,attack
15670,Bwd Pkt Len Std,t-4,0.002294987440109253,attack
15670,Bwd Pkts/s,t-4,-0.00018215179443359375,benign
15670,Bwd Seg Size Avg,t-4,-0.00027817487716674805,benign
15670,Down/Up Ratio,t-4,-0.00022026896476745605,benign
15670,ECE Flag Cnt,t-4,-0.001317828893661499,benign
15670,Flow Byts/s,t-4,-7.304549217224121e-05,benign
15670,Flow Duration,t-4,0.004679471254348755,attack
15670,Flow IAT Max,t-4,-0.002060621976852417,benign
15670,Flow IAT Mean,t-4,-0.0022781789302825928,benign
15670,Flow IAT Min,t-4,-0.0021843910217285156,benign
15670,Flow IAT Std,t-4,0.0006018579006195068,attack
15670,Flow Pkts/s,t-4,2.1278858184814453e-05,attack
15670,Fwd Act Data Pkts,t-4,-5.748867988586426e-05,benign
15670,Fwd Header Len,t-4,0.00011882185935974121,attack
15670,Fwd IAT Max,t-4,-0.0035698413848876953,benign
15670,Fwd IAT Mean,t-4,-0.0019159018993377686,benign
15670,Fwd IAT Min,t-4,-0.002259552478790283,benign
15670,Fwd IAT Std,t-4,0.0017326176166534424,attack
15670,Fwd IAT Tot,t-4,0.0034172534942626953,attack
15670,Fwd PSH Flags,t-4,-0.003533691167831421,benign
15670,Fwd Pkt Len Max,t-4,3.337860107421875e-06,attack
15670,Fwd Pkt Len Mean,t-4,-0.00013083219528198242,benign
15670,Fwd Pkt Len Min,t-4,0.00035318732261657715,attack
15670,Fwd Pkt Len Std,t-4,5.27501106262207e-06,attack
15670,Fwd Pkts/s,t-4,-1.1831521987915039e-05,benign
15670,Fwd Seg Size Avg,t-4,-0.00018107891082763672,benign
15670,Fwd Seg Size Min,t-4,-0.0011138319969177246,benign
15670,Idle Max,t-4,-0.002126157283782959,benign
15670,Idle Mean,t-4,-0.001792311668395996,benign
15670,Idle Min,t-4,-0.0036749839782714844,benign
15670,Idle Std,t-4,6.327033042907715e-05,attack
15670,Init Bwd Win Byts,t-4,0.0011049211025238037,attack
15670,Init Fwd Win Byts,t-4,-0.0022913217544555664,benign
15670,PSH Flag Cnt,t-4,0.0,neutral
15670,Pkt Len Max,t-4,-0.0006620883941650391,benign
15670,Pkt Len Mean,t-4,-0.0008143782615661621,benign
15670,Pkt Len Min,t-4,-1.6242265701293945e-05,benign
15670,Pkt Len Std,t-4,-0.0002008378505706787,benign
15670,Pkt Len Var,t-4,0.0009623467922210693,attack
15670,Pkt Size Avg,t-4,-0.0015146434307098389,benign
15670,RST Flag Cnt,t-4,-0.0013901293277740479,benign
15670,SYN Flag Cnt,t-4,-0.0010621845722198486,benign
15670,Subflow Bwd Byts,t-4,-3.8743019104003906e-07,benign
15670,Subflow Bwd Pkts,t-4,-2.4110078811645508e-05,benign
15670,Subflow Fwd Byts,t-4,8.046627044677734e-07,attack
15670,Subflow Fwd Pkts,t-4,-0.00016236305236816406,benign
15670,Tot Bwd Pkts,t-4,-3.4868717193603516e-05,benign
15670,Tot Fwd Pkts,t-4,-0.00020971894264221191,benign
15670,TotLen Bwd Pkts,t-4,1.0132789611816406e-06,attack
15670,TotLen Fwd Pkts,t-4,8.940696716308594e-08,attack
15670,URG Flag Cnt,t-4,-0.0008811354637145996,benign
15670,Protocol_0,t-4,-0.0003180205821990967,benign
15670,Protocol_6,t-4,-0.0006651878356933594,benign
15670,Protocol_17,t-4,0.0004979074001312256,attack
15670,ACK Flag Cnt,t-3,-0.009721875190734863,benign
15670,Active Max,t-3,4.166364669799805e-05,attack
15670,Active Mean,t-3,-3.5822391510009766e-05,benign
15670,Active Min,t-3,7.128715515136719e-05,attack
15670,Active Std,t-3,0.0006568729877471924,attack
15670,Bwd Header Len,t-3,-0.00012409687042236328,benign
15670,Bwd IAT Max,t-3,0.0073664188385009766,attack
15670,Bwd IAT Mean,t-3,0.0010593831539154053,attack
15670,Bwd IAT Min,t-3,-0.00025260448455810547,benign
15670,Bwd IAT Std,t-3,0.005122244358062744,attack
15670,Bwd IAT Tot,t-3,-0.00040075182914733887,benign
15670,Bwd Pkt Len Max,t-3,0.00014069676399230957,attack
15670,Bwd Pkt Len Mean,t-3,-1.4960765838623047e-05,benign
15670,Bwd Pkt Len Min,t-3,0.0020394325256347656,attack
15670,Bwd Pkt Len Std,t-3,0.0007359087467193604,attack
15670,Bwd Pkts/s,t-3,-0.00012728571891784668,benign
15670,Bwd Seg Size Avg,t-3,-5.1409006118774414e-05,benign
15670,Down/Up Ratio,t-3,0.00014010071754455566,attack
15670,ECE Flag Cnt,t-3,-0.012633323669433594,benign
15670,Flow Byts/s,t-3,-0.00042563676834106445,benign
15670,Flow Duration,t-3,0.001327604055404663,attack
15670,Flow IAT Max,t-3,-0.0011569559574127197,benign
15670,Flow IAT Mean,t-3,0.005248904228210449,attack
15670,Flow IAT Min,t-3,0.007168501615524292,attack
15670,Flow IAT Std,t-3,0.003793567419052124,attack
15670,Flow Pkts/s,t-3,-0.0006370842456817627,benign
15670,Fwd Act Data Pkts,t-3,0.0021679699420928955,attack
15670,Fwd Header Len,t-3,0.0010128915309906006,attack
15670,Fwd IAT Max,t-3,-0.0008762180805206299,benign
15670,Fwd IAT Mean,t-3,0.004106074571609497,attack
15670,Fwd IAT Min,t-3,0.006106734275817871,attack
15670,Fwd IAT Std,t-3,0.0021427273750305176,attack
15670,Fwd IAT Tot,t-3,0.0012530088424682617,attack
15670,Fwd PSH Flags,t-3,0.002194315195083618,attack
15670,Fwd Pkt Len Max,t-3,0.0010440647602081299,attack
15670,Fwd Pkt Len Mean,t-3,-0.0008690059185028076,benign
15670,Fwd Pkt Len Min,t-3,-2.4199485778808594e-05,benign
15670,Fwd Pkt Len Std,t-3,0.00019630789756774902,attack
15670,Fwd Pkts/s,t-3,-0.0007248222827911377,benign
15670,Fwd Seg Size Avg,t-3,0.000148087739944458,attack
15670,Fwd Seg Size Min,t-3,-0.0019028782844543457,benign
15670,Idle Max,t-3,-0.0027534961700439453,benign
15670,Idle Mean,t-3,-0.0015010535717010498,benign
15670,Idle Min,t-3,-0.002687305212020874,benign
15670,Idle Std,t-3,-5.3256750106811523e-05,benign
15670,Init Bwd Win Byts,t-3,0.00019758939743041992,attack
15670,Init Fwd Win Byts,t-3,-0.004346489906311035,benign
15670,PSH Flag Cnt,t-3,-0.0008156895637512207,benign
15670,Pkt Len Max,t-3,1.5854835510253906e-05,attack
15670,Pkt Len Mean,t-3,-5.066394805908203e-06,benign
15670,Pkt Len Min,t-3,3.9637088775634766e-06,attack
15670,Pkt Len Std,t-3,3.3020973205566406e-05,attack
15670,Pkt Len Var,t-3,0.0005232393741607666,attack
15670,Pkt Size Avg,t-3,7.447600364685059e-05,attack
15670,RST Flag Cnt,t-3,-0.010681241750717163,benign
15670,SYN Flag Cnt,t-3,0.0023027658462524414,attack
15670,Subflow Bwd Byts,t-3,9.03010368347168e-06,attack
15670,Subflow Bwd Pkts,t-3,8.827447891235352e-05,attack
15670,Subflow Fwd Byts,t-3,-2.7120113372802734e-05,benign
15670,Subflow Fwd Pkts,t-3,-0.0010011494159698486,benign
15670,Tot Bwd Pkts,t-3,-6.982684135437012e-05,benign
15670,Tot Fwd Pkts,t-3,-0.0012797713279724121,benign
15670,TotLen Bwd Pkts,t-3,1.996755599975586e-06,attack
15670,TotLen Fwd Pkts,t-3,1.9729137420654297e-05,attack
15670,URG Flag Cnt,t-3,-0.0020527541637420654,benign
15670,Protocol_0,t-3,-0.00035125017166137695,benign
15670,Protocol_6,t-3,-0.0002859532833099365,benign
15670,Protocol_17,t-3,0.00022554397583007812,attack
15670,ACK Flag Cnt,t-2,-0.0007278025150299072,benign
15670,Active Max,t-2,-5.8531761169433594e-05,benign
15670,Active Mean,t-2,-0.00023984909057617188,benign
15670,Active Min,t-2,0.0004817545413970947,attack
15670,Active Std,t-2,0.00045374035835266113,attack
15670,Bwd Header Len,t-2,-1.5497207641601562e-05,benign
15670,Bwd IAT Max,t-2,0.00014030933380126953,attack
15670,Bwd IAT Mean,t-2,0.00032445788383483887,attack
15670,Bwd IAT Min,t-2,-0.00021925568580627441,benign
15670,Bwd IAT Std,t-2,0.0014244318008422852,attack
15670,Bwd IAT Tot,t-2,4.044175148010254e-05,attack
15670,Bwd Pkt Len Max,t-2,-0.003290116786956787,benign
15670,Bwd Pkt Len Mean,t-2,0.0018616020679473877,attack
15670,Bwd Pkt Len Min,t-2,0.0031501352787017822,attack
15670,Bwd Pkt Len Std,t-2,-0.005044072866439819,benign
15670,Bwd Pkts/s,t-2,-3.516674041748047e-05,benign
15670,Bwd Seg Size Avg,t-2,-0.00012731552124023438,benign
15670,Down/Up Ratio,t-2,0.0005692243576049805,attack
15670,ECE Flag Cnt,t-2,0.00033468008041381836,attack
15670,Flow Byts/s,t-2,-0.0007753670215606689,benign
15670,Flow Duration,t-2,-0.0007426738739013672,benign
15670,Flow IAT Max,t-2,0.0004731714725494385,attack
15670,Flow IAT Mean,t-2,0.0021685659885406494,attack
15670,Flow IAT Min,t-2,0.0026087164878845215,attack
15670,Flow IAT Std,t-2,0.0003533661365509033,attack
15670,Flow Pkts/s,t-2,-0.0003714561462402344,benign
15670,Fwd Act Data Pkts,t-2,-0.0003013014793395996,benign
15670,Fwd Header Len,t-2,-0.00010305643081665039,benign
15670,Fwd IAT Max,t-2,0.003422677516937256,attack
15670,Fwd IAT Mean,t-2,0.0036199092864990234,attack
15670,Fwd IAT Min,t-2,0.0021962225437164307,attack
15670,Fwd IAT Std,t-2,-0.0017950236797332764,benign
15670,Fwd IAT Tot,t-2,-0.0019047260284423828,benign
15670,Fwd PSH Flags,t-2,0.008749037981033325,attack
15670,Fwd Pkt Len Max,t-2,-0.000964432954788208,benign
15670,Fwd Pkt Len Mean,t-2,0.0005501210689544678,attack
15670,Fwd Pkt Len Min,t-2,-3.17990779876709e-05,benign
15670,Fwd Pkt Len Std,t-2,-0.0008558928966522217,benign
15670,Fwd Pkts/s,t-2,-8.067488670349121e-05,benign
15670,Fwd Seg Size Avg,t-2,0.00046962499618530273,attack
15670,Fwd Seg Size Min,t-2,-0.004384249448776245,benign
15670,Idle Max,t-2,0.0019396841526031494,attack
15670,Idle Mean,t-2,0.001362144947052002,attack
15670,Idle Min,t-2,0.0030687153339385986,attack
15670,Idle Std,t-2,0.0005058646202087402,attack
15670,Init Bwd Win Byts,t-2,-0.002106398344039917,benign
15670,Init Fwd Win Byts,t-2,-0.0004947185516357422,benign
15670,PSH Flag Cnt,t-2,-0.0006664693355560303,benign
15670,Pkt Len Max,t-2,-0.0005886256694793701,benign
15670,Pkt Len Mean,t-2,0.0011405348777770996,attack
15670,Pkt Len Min,t-2,-1.0102987289428711e-05,benign
15670,Pkt Len Std,t-2,-0.001594841480255127,benign
15670,Pkt Len Var,t-2,-0.0024291574954986572,benign
15670,Pkt Size Avg,t-2,-0.0011726319789886475,benign
15670,RST Flag Cnt,t-2,0.0001488029956817627,attack
15670,SYN Flag Cnt,t-2,0.016506284475326538,attack
15670,Subflow Bwd Byts,t-2,-6.80387020111084e-05,benign
15670,Subflow Bwd Pkts,t-2,-3.1948089599609375e-05,benign
15670,Subflow Fwd Byts,t-2,-5.2601099014282227e-05,benign
15670,Subflow Fwd Pkts,t-2,-9.176135063171387e-05,benign
15670,Tot Bwd Pkts,t-2,-0.00012442469596862793,benign
15670,Tot Fwd Pkts,t-2,-0.00013318657875061035,benign
15670,TotLen Bwd Pkts,t-2,-3.382563591003418e-05,benign
15670,TotLen Fwd Pkts,t-2,-1.5169382095336914e-05,benign
15670,URG Flag Cnt,t-2,0.0015836656093597412,attack
15670,Protocol_0,t-2,-1.2367963790893555e-05,benign
15670,Protocol_6,t-2,9.235739707946777e-05,attack
15670,Protocol_17,t-2,0.0002949237823486328,attack
15670,ACK Flag Cnt,t-1,-0.015774250030517578,benign
15670,Active Max,t-1,-0.0005831122398376465,benign
15670,Active Mean,t-1,-0.0003890097141265869,benign
15670,Active Min,t-1,-0.00010412931442260742,benign
15670,Active Std,t-1,-0.0006774663925170898,benign
15670,Bwd Header Len,t-1,-0.00030606985092163086,benign
15670,Bwd IAT Max,t-1,-0.0017311573028564453,benign
15670,Bwd IAT Mean,t-1,-0.00013372302055358887,benign
15670,Bwd IAT Min,t-1,0.0008050501346588135,attack
15670,Bwd IAT Std,t-1,0.00026604533195495605,attack
15670,Bwd IAT Tot,t-1,-0.0020125508308410645,benign
15670,Bwd Pkt Len Max,t-1,-0.0005309879779815674,benign
15670,Bwd Pkt Len Mean,t-1,0.00027179718017578125,attack
15670,Bwd Pkt Len Min,t-1,-0.0062999427318573,benign
15670,Bwd Pkt Len Std,t-1,-0.0016582012176513672,benign
15670,Bwd Pkts/s,t-1,0.0015506446361541748,attack
15670,Bwd Seg Size Avg,t-1,5.257129669189453e-05,attack
15670,Down/Up Ratio,t-1,-0.0025284290313720703,benign
15670,ECE Flag Cnt,t-1,-0.005536794662475586,benign
15670,Flow Byts/s,t-1,0.0003650784492492676,attack
15670,Flow Duration,t-1,-0.002742946147918701,benign
15670,Flow IAT Max,t-1,0.0029969215393066406,attack
15670,Flow IAT Mean,t-1,0.007629692554473877,attack
15670,Flow IAT Min,t-1,0.012325793504714966,attack
15670,Flow IAT Std,t-1,0.0006115436553955078,attack
15670,Flow Pkts/s,t-1,0.0004911124706268311,attack
15670,Fwd Act Data Pkts,t-1,-0.00021919608116149902,benign
15670,Fwd Header Len,t-1,-0.0009566545486450195,benign
15670,Fwd IAT Max,t-1,0.000873267650604248,attack
15670,Fwd IAT Mean,t-1,0.004361361265182495,attack
15670,Fwd IAT Min,t-1,0.006994307041168213,attack
15670,Fwd IAT Std,t-1,0.0023926198482513428,attack
15670,Fwd IAT Tot,t-1,-0.004844784736633301,benign
15670,Fwd PSH Flags,t-1,0.005773305892944336,attack
15670,Fwd Pkt Len Max,t-1,0.0005489587783813477,attack
15670,Fwd Pkt Len Mean,t-1,0.00032904744148254395,attack
15670,Fwd Pkt Len Min,t-1,-0.0011463761329650879,benign
15670,Fwd Pkt Len Std,t-1,-0.00035879015922546387,benign
15670,Fwd Pkts/s,t-1,-0.0009660124778747559,benign
15670,Fwd Seg Size Avg,t-1,0.000145643949508667,attack
15670,Fwd Seg Size Min,t-1,0.013652831315994263,attack
15670,Idle Max,t-1,0.003315061330795288,attack
15670,Idle Mean,t-1,0.0011431574821472168,attack
15670,Idle Min,t-1,0.0028319954872131348,attack
15670,Idle Std,t-1,-0.0001907646656036377,benign
15670,Init Bwd Win Byts,t-1,-0.000537574291229248,benign
15670,Init Fwd Win Byts,t-1,0.009256482124328613,attack
15670,PSH Flag Cnt,t-1,-0.0005228519439697266,benign
15670,Pkt Len Max,t-1,-0.00025653839111328125,benign
15670,Pkt Len Mean,t-1,-3.4749507904052734e-05,benign
15670,Pkt Len Min,t-1,-0.0011021196842193604,benign
15670,Pkt Len Std,t-1,3.2842159271240234e-05,attack
15670,Pkt Len Var,t-1,-4.5299530029296875e-06,benign
15670,Pkt Size Avg,t-1,-0.0007545948028564453,benign
15670,RST Flag Cnt,t-1,-0.005010724067687988,benign
15670,SYN Flag Cnt,t-1,0.005604058504104614,attack
15670,Subflow Bwd Byts,t-1,-6.818771362304688e-05,benign
15670,Subflow Bwd Pkts,t-1,-0.00047585368156433105,benign
15670,Subflow Fwd Byts,t-1,-0.0002484619617462158,benign
15670,Subflow Fwd Pkts,t-1,-0.0013518333435058594,benign
15670,Tot Bwd Pkts,t-1,-0.0005998313426971436,benign
15670,Tot Fwd Pkts,t-1,-0.0008909106254577637,benign
15670,TotLen Bwd Pkts,t-1,-0.0001811385154724121,benign
15670,TotLen Fwd Pkts,t-1,-0.00023990869522094727,benign
15670,URG Flag Cnt,t-1,0.0015845298767089844,attack
15670,Protocol_0,t-1,-0.00497707724571228,benign
15670,Protocol_6,t-1,0.0001284182071685791,attack
15670,Protocol_17,t-1,-0.0018194019794464111,benign
15670,ACK Flag Cnt,t,-0.005705595016479492,benign
15670,Active Max,t,-0.0008508563041687012,benign
15670,Active Mean,t,-0.00017246603965759277,benign
15670,Active Min,t,0.00021392107009887695,attack
15670,Active Std,t,-0.000384598970413208,benign
15670,Bwd Header Len,t,-0.0003629028797149658,benign
15670,Bwd IAT Max,t,-0.0009948909282684326,benign
15670,Bwd IAT Mean,t,0.0003415346145629883,attack
15670,Bwd IAT Min,t,0.00010138750076293945,attack
15670,Bwd IAT Std,t,-0.00024396181106567383,benign
15670,Bwd IAT Tot,t,-0.001155078411102295,benign
15670,Bwd Pkt Len Max,t,0.0013504326343536377,attack
15670,Bwd Pkt Len Mean,t,-0.001196831464767456,benign
15670,Bwd Pkt Len Min,t,0.0015939176082611084,attack
15670,Bwd Pkt Len Std,t,0.0016332268714904785,attack
15670,Bwd Pkts/s,t,0.0006448030471801758,attack
15670,Bwd Seg Size Avg,t,-0.0012119114398956299,benign
15670,Down/Up Ratio,t,-0.0023735463619232178,benign
15670,ECE Flag Cnt,t,-0.004988938570022583,benign
15670,Flow Byts/s,t,0.0005411803722381592,attack
15670,Flow Duration,t,0.0018532872200012207,attack
15670,Flow IAT Max,t,-0.0034653544425964355,benign
15670,Flow IAT Mean,t,-0.002905428409576416,benign
15670,Flow IAT Min,t,-0.0035268664360046387,benign
15670,Flow IAT Std,t,0.0003769993782043457,attack
15670,Flow Pkts/s,t,-0.0004451572895050049,benign
15670,Fwd Act Data Pkts,t,2.8401613235473633e-05,attack
15670,Fwd Header Len,t,-0.0009202659130096436,benign
15670,Fwd IAT Max,t,-0.0024352967739105225,benign
15670,Fwd IAT Mean,t,-0.0026823580265045166,benign
15670,Fwd IAT Min,t,-0.0035347938537597656,benign
15670,Fwd IAT Std,t,0.002849787473678589,attack
15670,Fwd IAT Tot,t,0.0034314095973968506,attack
15670,Fwd PSH Flags,t,0.0019804537296295166,attack
15670,Fwd Pkt Len Max,t,-0.0012907981872558594,benign
15670,Fwd Pkt Len Mean,t,-0.00024297833442687988,benign
15670,Fwd Pkt Len Min,t,7.483363151550293e-05,attack
15670,Fwd Pkt Len Std,t,0.001619786024093628,attack
15670,Fwd Pkts/s,t,-0.000244826078414917,benign
15670,Fwd Seg Size Avg,t,0.00021919608116149902,attack
15670,Fwd Seg Size Min,t,0.0077745020389556885,attack
15670,Idle Max,t,-0.004191190004348755,benign
15670,Idle Mean,t,-0.003170579671859741,benign
15670,Idle Min,t,-0.0020607709884643555,benign
15670,Idle Std,t,-0.00044655799865722656,benign
15670,Init Bwd Win Byts,t,0.00015428662300109863,attack
15670,Init Fwd Win Byts,t,-0.006798148155212402,benign
15670,PSH Flag Cnt,t,-0.0006198287010192871,benign
15670,Pkt Len Max,t,0.0004286766052246094,attack
15670,Pkt Len Mean,t,-6.249547004699707e-05,benign
15670,Pkt Len Min,t,0.0014909207820892334,attack
15670,Pkt Len Std,t,0.0008736848831176758,attack
15670,Pkt Len Var,t,-0.0010716915130615234,benign
15670,Pkt Size Avg,t,-2.244114875793457e-05,benign
15670,RST Flag Cnt,t,-0.0046041905879974365,benign
15670,SYN Flag Cnt,t,0.0026175081729888916,attack
15670,Subflow Bwd Byts,t,-0.0001520216464996338,benign
15670,Subflow Bwd Pkts,t,-0.0006139576435089111,benign
15670,Subflow Fwd Byts,t,-0.0001818239688873291,benign
15670,Subflow Fwd Pkts,t,-0.0014280974864959717,benign
15670,Tot Bwd Pkts,t,-0.000496983528137207,benign
15670,Tot Fwd Pkts,t,-0.0003630518913269043,benign
15670,TotLen Bwd Pkts,t,-0.00017580389976501465,benign
15670,TotLen Fwd Pkts,t,-0.00014728307723999023,benign
15670,URG Flag Cnt,t,0.002607494592666626,attack
15670,Protocol_0,t,0.0005205273628234863,attack
15670,Protocol_6,t,-0.0001798868179321289,benign
15670,Protocol_17,t,-8.681416511535645e-05,benign
15853,ACK Flag Cnt,t-9,7.641315460205078e-05,attack
15853,Active Max,t-9,-6.258487701416016e-06,benign
15853,Active Mean,t-9,3.343820571899414e-05,attack
15853,Active Min,t-9,3.0875205993652344e-05,attack
15853,Active Std,t-9,-1.5020370483398438e-05,benign
15853,Bwd Header Len,t-9,-8.225440979003906e-06,benign
15853,Bwd IAT Max,t-9,-1.1563301086425781e-05,benign
15853,Bwd IAT Mean,t-9,-6.556510925292969e-06,benign
15853,Bwd IAT Min,t-9,2.0563602447509766e-05,attack
15853,Bwd IAT Std,t-9,-7.152557373046875e-06,benign
15853,Bwd IAT Tot,t-9,0.0005205869674682617,attack
15853,Bwd Pkt Len Max,t-9,0.00016307830810546875,attack
15853,Bwd Pkt Len Mean,t-9,5.519390106201172e-05,attack
15853,Bwd Pkt Len Min,t-9,-0.0004584193229675293,benign
15853,Bwd Pkt Len Std,t-9,0.00027048587799072266,attack
15853,Bwd Pkts/s,t-9,-8.529424667358398e-05,benign
15853,Bwd Seg Size Avg,t-9,4.947185516357422e-06,attack
15853,Down/Up Ratio,t-9,-8.362531661987305e-05,benign
15853,ECE Flag Cnt,t-9,5.924701690673828e-05,attack
15853,Flow Byts/s,t-9,2.980232238769531e-07,attack
15853,Flow Duration,t-9,2.574920654296875e-05,attack
15853,Flow IAT Max,t-9,9.942054748535156e-05,attack
15853,Flow IAT Mean,t-9,-2.086162567138672e-05,benign
15853,Flow IAT Min,t-9,3.1054019927978516e-05,attack
15853,Flow IAT Std,t-9,7.808208465576172e-05,attack
15853,Flow Pkts/s,t-9,3.975629806518555e-05,attack
15853,Fwd Act Data Pkts,t-9,2.7418136596679688e-06,attack
15853,Fwd Header Len,t-9,-5.960464477539063e-08,benign
15853,Fwd IAT Max,t-9,-8.058547973632812e-05,benign
15853,Fwd IAT Mean,t-9,4.0590763092041016e-05,attack
15853,Fwd IAT Min,t-9,-6.312131881713867e-05,benign
15853,Fwd IAT Std,t-9,1.4901161193847656e-06,attack
15853,Fwd IAT Tot,t-9,0.00016772747039794922,attack
15853,Fwd PSH Flags,t-9,-4.1961669921875e-05,benign
15853,Fwd Pkt Len Max,t-9,0.0002021193504333496,attack
15853,Fwd Pkt Len Mean,t-9,-0.00033909082412719727,benign
15853,Fwd Pkt Len Min,t-9,7.843971252441406e-05,attack
15853,Fwd Pkt Len Std,t-9,0.00019180774688720703,attack
15853,Fwd Pkts/s,t-9,2.4020671844482422e-05,attack
15853,Fwd Seg Size Avg,t-9,-0.000438690185546875,benign
15853,Fwd Seg Size Min,t-9,-0.00014650821685791016,benign
15853,Idle Max,t-9,-0.00012540817260742188,benign
15853,Idle Mean,t-9,-5.0127506256103516e-05,benign
15853,Idle Min,t-9,-0.0001646280288696289,benign
15853,Idle Std,t-9,-9.179115295410156e-06,benign
15853,Init Bwd Win Byts,t-9,-1.621246337890625e-05,benign
15853,Init Fwd Win Byts,t-9,-1.329183578491211e-05,benign
15853,PSH Flag Cnt,t-9,2.396106719970703e-05,attack
15853,Pkt Len Max,t-9,0.00027066469192504883,attack
15853,Pkt Len Mean,t-9,0.00019049644470214844,attack
15853,Pkt Len Min,t-9,-5.1856040954589844e-05,benign
15853,Pkt Len Std,t-9,0.0002135634422302246,attack
15853,Pkt Len Var,t-9,-2.849102020263672e-05,benign
15853,Pkt Size Avg,t-9,5.418062210083008e-05,attack
15853,RST Flag Cnt,t-9,4.851818084716797e-05,attack
15853,SYN Flag Cnt,t-9,-3.886222839355469e-05,benign
15853,Subflow Bwd Byts,t-9,5.185604095458984e-06,attack
15853,Subflow Bwd Pkts,t-9,-5.4836273193359375e-06,benign
15853,Subflow Fwd Byts,t-9,-1.150369644165039e-05,benign
15853,Subflow Fwd Pkts,t-9,1.9669532775878906e-06,attack
15853,Tot Bwd Pkts,t-9,1.3709068298339844e-06,attack
15853,Tot Fwd Pkts,t-9,1.2516975402832031e-06,attack
15853,TotLen Bwd Pkts,t-9,3.874301910400391e-06,attack
15853,TotLen Fwd Pkts,t-9,-1.1146068572998047e-05,benign
15853,URG Flag Cnt,t-9,8.0108642578125e-05,attack
15853,Protocol_0,t-9,9.298324584960938e-06,attack
15853,Protocol_6,t-9,7.510185241699219e-06,attack
15853,Protocol_17,t-9,-1.531839370727539e-05,benign
15853,ACK Flag Cnt,t-8,-0.00010138750076293945,benign
15853,Active Max,t-8,2.3543834686279297e-05,attack
15853,Active Mean,t-8,3.838539123535156e-05,attack
15853,Active Min,t-8,4.1544437408447266e-05,attack
15853,Active Std,t-8,-1.9073486328125e-05,benign
15853,Bwd Header Len,t-8,3.5643577575683594e-05,attack
15853,Bwd IAT Max,t-8,-0.00011390447616577148,benign
15853,Bwd IAT Mean,t-8,-7.700920104980469e-05,benign
15853,Bwd IAT Min,t-8,5.364418029785156e-07,attack
15853,Bwd IAT Std,t-8,-2.866983413696289e-05,benign
15853,Bwd IAT Tot,t-8,-0.0003008842468261719,benign
15853,Bwd Pkt Len Max,t-8,-3.820657730102539e-05,benign
15853,Bwd Pkt Len Mean,t-8,8.177757263183594e-05,attack
15853,Bwd Pkt Len Min,t-8,-0.00047910213470458984,benign
15853,Bwd Pkt Len Std,t-8,-0.00010859966278076172,benign
15853,Bwd Pkts/s,t-8,7.82012939453125e-05,attack
15853,Bwd Seg Size Avg,t-8,-4.5418739318847656e-05,benign
15853,Down/Up Ratio,t-8,0.00029391050338745117,attack
15853,ECE Flag Cnt,t-8,0.0001437664031982422,attack
15853,Flow Byts/s,t-8,3.17692756652832e-05,attack
15853,Flow Duration,t-8,-0.00011771917343139648,benign
15853,Flow IAT Max,t-8,0.00021332502365112305,attack
15853,Flow IAT Mean,t-8,9.79304313659668e-05,attack
15853,Flow IAT Min,t-8,0.00021272897720336914,attack
15853,Flow IAT Std,t-8,7.802248001098633e-05,attack
15853,Flow Pkts/s,t-8,3.3974647521972656e-05,attack
15853,Fwd Act Data Pkts,t-8,-3.1828880310058594e-05,benign
15853,Fwd Header Len,t-8,-9.834766387939453e-06,benign
15853,Fwd IAT Max,t-8,-3.606081008911133e-05,benign
15853,Fwd IAT Mean,t-8,0.0001844167709350586,attack
15853,Fwd IAT Min,t-8,8.356571197509766e-05,attack
15853,Fwd IAT Std,t-8,-1.341104507446289e-05,benign
15853,Fwd IAT Tot,t-8,-0.0004246830940246582,benign
15853,Fwd PSH Flags,t-8,0.0005948543548583984,attack
15853,Fwd Pkt Len Max,t-8,8.71419906616211e-05,attack
15853,Fwd Pkt Len Mean,t-8,7.724761962890625e-05,attack
15853,Fwd Pkt Len Min,t-8,0.00018733739852905273,attack
15853,Fwd Pkt Len Std,t-8,-6.35981559753418e-05,benign
15853,Fwd Pkts/s,t-8,7.092952728271484e-06,attack
15853,Fwd Seg Size Avg,t-8,0.0002205967903137207,attack
15853,Fwd Seg Size Min,t-8,-0.00033926963806152344,benign
15853,Idle Max,t-8,-7.134675979614258e-05,benign
15853,Idle Mean,t-8,0.0001620650291442871,attack
15853,Idle Min,t-8,-0.0002503395080566406,benign
15853,Idle Std,t-8,-2.9027462005615234e-05,benign
15853,Init Bwd Win Byts,t-8,8.940696716308594e-07,attack
15853,Init Fwd Win Byts,t-8,7.3909759521484375e-06,attack
15853,PSH Flag Cnt,t-8,0.0001251697540283203,attack
15853,Pkt Len Max,t-8,-0.00015908479690551758,benign
15853,Pkt Len Mean,t-8,-0.00014400482177734375,benign
15853,Pkt Len Min,t-8,7.039308547973633e-05,attack
15853,Pkt Len Std,t-8,1.9729137420654297e-05,attack
15853,Pkt Len Var,t-8,2.002716064453125e-05,attack
15853,Pkt Size Avg,t-8,1.919269561767578e-05,attack
15853,RST Flag Cnt,t-8,0.00013256072998046875,attack
15853,SYN Flag Cnt,t-8,0.00048357248306274414,attack
15853,Subflow Bwd Byts,t-8,8.64267349243164e-06,attack
15853,Subflow Bwd Pkts,t-8,4.118680953979492e-05,attack
15853,Subflow Fwd Byts,t-8,3.5762786865234375e-06,attack
15853,Subflow Fwd Pkts,t-8,4.655122756958008e-05,attack
15853,Tot Bwd Pkts,t-8,-9.775161743164062e-06,benign
15853,Tot Fwd Pkts,t-8,2.390146255493164e-05,attack
15853,TotLen Bwd Pkts,t-8,3.337860107421875e-06,attack
15853,TotLen Fwd Pkts,t-8,1.3709068298339844e-06,attack
15853,URG Flag Cnt,t-8,0.0001429915428161621,attack
15853,Protocol_0,t-8,-8.463859558105469e-06,benign
15853,Protocol_6,t-8,9.47713851928711e-06,attack
15853,Protocol_17,t-8,4.953145980834961e-05,attack
15853,ACK Flag Cnt,t-7,-8.45789909362793e-05,benign
15853,Active Max,t-7,-3.337860107421875e-06,benign
15853,Active Mean,t-7,1.722574234008789e-05,attack
15853,Active Min,t-7,2.5212764739990234e-05,attack
15853,Active Std,t-7,-7.033348083496094e-06,benign
15853,Bwd Header Len,t-7,2.9027462005615234e-05,attack
15853,Bwd IAT Max,t-7,-0.0001766681671142578,benign
15853,Bwd IAT Mean,t-7,-7.68899917602539e-05,benign
15853,Bwd IAT Min,t-7,3.039836883544922e-06,attack
15853,Bwd IAT Std,t-7,-3.7550926208496094e-06,benign
15853,Bwd IAT Tot,t-7,-0.00046944618225097656,benign
15853,Bwd Pkt Len Max,t-7,-5.21540641784668e-05,benign
15853,Bwd Pkt Len Mean,t-7,3.826618194580078e-05,attack
15853,Bwd Pkt Len Min,t-7,-0.0003516077995300293,benign
15853,Bwd Pkt Len Std,t-7,-2.3186206817626953e-05,benign
15853,Bwd Pkts/s,t-7,0.00012230873107910156,attack
15853,Bwd Seg Size Avg,t-7,-5.4717063903808594e-05,benign
15853,Down/Up Ratio,t-7,0.00033032894134521484,attack
15853,ECE Flag Cnt,t-7,0.00017064809799194336,attack
15853,Flow Byts/s,t-7,1.138448715209961e-05,attack
15853,Flow Duration,t-7,-0.000156402587890625,benign
15853,Flow IAT Max,t-7,0.0003457069396972656,attack
15853,Flow IAT Mean,t-7,0.00029927492141723633,attack
15853,Flow IAT Min,t-7,0.00041294097900390625,attack
15853,Flow IAT Std,t-7,-3.224611282348633e-05,benign
15853,Flow Pkts/s,t-7,-1.055002212524414e-05,benign
15853,Fwd Act Data Pkts,t-7,-3.129243850708008e-05,benign
15853,Fwd Header Len,t-7,-1.5795230865478516e-05,benign
15853,Fwd IAT Max,t-7,0.00013017654418945312,attack
15853,Fwd IAT Mean,t-7,0.00039899349212646484,attack
15853,Fwd IAT Min,t-7,0.0002802610397338867,attack
15853,Fwd IAT Std,t-7,-0.00014597177505493164,benign
15853,Fwd IAT Tot,t-7,-0.0005930662155151367,benign
15853,Fwd PSH Flags,t-7,0.0006158947944641113,attack
15853,Fwd Pkt Len Max,t-7,-5.960464477539062e-07,benign
15853,Fwd Pkt Len Mean,t-7,2.9802322387695312e-06,attack
15853,Fwd Pkt Len Min,t-7,0.0002696514129638672,attack
15853,Fwd Pkt Len Std,t-7,8.893013000488281e-05,attack
15853,Fwd Pkts/s,t-7,-1.2099742889404297e-05,benign
15853,Fwd Seg Size Avg,t-7,1.2278556823730469e-05,attack
15853,Fwd Seg Size Min,t-7,-0.0003460049629211426,benign
15853,Idle Max,t-7,8.45193862915039e-05,attack
15853,Idle Mean,t-7,0.0002396702766418457,attack
15853,Idle Min,t-7,-0.00017470121383666992,benign
15853,Idle Std,t-7,-1.3887882232666016e-05,benign
15853,Init Bwd Win Byts,t-7,-3.039836883544922e-06,benign
15853,Init Fwd Win Byts,t-7,5.739927291870117e-05,attack
15853,PSH Flag Cnt,t-7,3.039836883544922e-05,attack
15853,Pkt Len Max,t-7,-5.733966827392578e-05,benign
15853,Pkt Len Mean,t-7,-4.178285598754883e-05,benign
15853,Pkt Len Min,t-7,0.0001093745231628418,attack
15853,Pkt Len Std,t-7,1.6987323760986328e-05,attack
15853,Pkt Len Var,t-7,-1.233816146850586e-05,benign
15853,Pkt Size Avg,t-7,3.707408905029297e-05,attack
15853,RST Flag Cnt,t-7,0.00015491247177124023,attack
15853,SYN Flag Cnt,t-7,0.0005028247833251953,attack
15853,Subflow Bwd Byts,t-7,8.285045623779297e-06,attack
15853,Subflow Bwd Pkts,t-7,2.8252601623535156e-05,attack
15853,Subflow Fwd Byts,t-7,-1.0132789611816406e-06,benign
15853,Subflow Fwd Pkts,t-7,3.1948089599609375e-05,attack
15853,Tot Bwd Pkts,t-7,-1.8775463104248047e-05,benign
15853,Tot Fwd Pkts,t-7,2.9742717742919922e-05,attack
15853,TotLen Bwd Pkts,t-7,2.7418136596679688e-06,attack
15853,TotLen Fwd Pkts,t-7,-1.7881393432617188e-07,benign
15853,URG Flag Cnt,t-7,0.00011235475540161133,attack
15853,Protocol_0,t-7,-2.6345252990722656e-05,benign
15853,Protocol_6,t-7,5.543231964111328e-06,attack
15853,Protocol_17,t-7,6.198883056640625e-05,attack
15853,ACK Flag Cnt,t-6,0.00012552738189697266,attack
15853,Active Max,t-6,-2.5451183319091797e-05,benign
15853,Active Mean,t-6,1.1682510375976562e-05,attack
15853,Active Min,t-6,-4.291534423828125e-06,benign
15853,Active Std,t-6,1.430511474609375e-06,attack
15853,Bwd Header Len,t-6,2.658367156982422e-05,attack
15853,Bwd IAT Max,t-6,-0.00021904706954956055,benign
15853,Bwd IAT Mean,t-6,-7.289648056030273e-05,benign
15853,Bwd IAT Min,t-6,1.5735626220703125e-05,attack
15853,Bwd IAT Std,t-6,2.866983413696289e-05,attack
15853,Bwd IAT Tot,t-6,-0.0004814267158508301,benign
15853,Bwd Pkt Len Max,t-6,-0.00012451410293579102,benign
15853,Bwd Pkt Len Mean,t-6,6.669759750366211e-05,attack
15853,Bwd Pkt Len Min,t-6,-0.00044530630111694336,benign
15853,Bwd Pkt Len Std,t-6,-9.506940841674805e-05,benign
15853,Bwd Pkts/s,t-6,-6.663799285888672e-05,benign
15853,Bwd Seg Size Avg,t-6,-0.00013303756713867188,benign
15853,Down/Up Ratio,t-6,0.0002021193504333496,attack
15853,ECE Flag Cnt,t-6,0.00045806169509887695,attack
15853,Flow Byts/s,t-6,1.5735626220703125e-05,attack
15853,Flow Duration,t-6,-1.2874603271484375e-05,benign
15853,Flow IAT Max,t-6,0.0002822279930114746,attack
15853,Flow IAT Mean,t-6,0.0002650022506713867,attack
15853,Flow IAT Min,t-6,0.00040990114212036133,attack
15853,Flow IAT Std,t-6,-8.410215377807617e-05,benign
15853,Flow Pkts/s,t-6,-1.7464160919189453e-05,benign
15853,Fwd Act Data Pkts,t-6,-7.897615432739258e-05,benign
15853,Fwd Header Len,t-6,-5.644559860229492e-05,benign
15853,Fwd IAT Max,t-6,8.440017700195312e-05,attack
15853,Fwd IAT Mean,t-6,0.0004367828369140625,attack
15853,Fwd IAT Min,t-6,0.0003076791763305664,attack
15853,Fwd IAT Std,t-6,-0.00019884109497070312,benign
15853,Fwd IAT Tot,t-6,-0.00045502185821533203,benign
15853,Fwd PSH Flags,t-6,0.0006499290466308594,attack
15853,Fwd Pkt Len Max,t-6,3.820657730102539e-05,attack
15853,Fwd Pkt Len Mean,t-6,0.00012010335922241211,attack
15853,Fwd Pkt Len Min,t-6,0.0003018975257873535,attack
15853,Fwd Pkt Len Std,t-6,-0.00012665987014770508,benign
15853,Fwd Pkts/s,t-6,-1.6033649444580078e-05,benign
15853,Fwd Seg Size Avg,t-6,0.0004203915596008301,attack
15853,Fwd Seg Size Min,t-6,-0.0003134608268737793,benign
15853,Idle Max,t-6,4.5418739318847656e-05,attack
15853,Idle Mean,t-6,0.0002835988998413086,attack
15853,Idle Min,t-6,-0.00020951032638549805,benign
15853,Idle Std,t-6,6.16908073425293e-05,attack
15853,Init Bwd Win Byts,t-6,3.933906555175781e-06,attack
15853,Init Fwd Win Byts,t-6,8.767843246459961e-05,attack
15853,PSH Flag Cnt,t-6,3.1113624572753906e-05,attack
15853,Pkt Len Max,t-6,-9.638071060180664e-05,benign
15853,Pkt Len Mean,t-6,-4.649162292480469e-05,benign
15853,Pkt Len Min,t-6,0.00016009807586669922,attack
15853,Pkt Len Std,t-6,0.00016814470291137695,attack
15853,Pkt Len Var,t-6,-6.657838821411133e-05,benign
15853,Pkt Size Avg,t-6,7.623434066772461e-05,attack
15853,RST Flag Cnt,t-6,0.0004044175148010254,attack
15853,SYN Flag Cnt,t-6,0.000531315803527832,attack
15853,Subflow Bwd Byts,t-6,-1.430511474609375e-06,benign
15853,Subflow Bwd Pkts,t-6,2.2351741790771484e-05,attack
15853,Subflow Fwd Byts,t-6,-2.1278858184814453e-05,benign
15853,Subflow Fwd Pkts,t-6,4.5299530029296875e-06,attack
15853,Tot Bwd Pkts,t-6,-4.7087669372558594e-05,benign
15853,Tot Fwd Pkts,t-6,1.7642974853515625e-05,attack
15853,TotLen Bwd Pkts,t-6,-6.318092346191406e-06,benign
15853,TotLen Fwd Pkts,t-6,-6.794929504394531e-06,benign
15853,URG Flag Cnt,t-6,0.00021469593048095703,attack
15853,Protocol_0,t-6,-7.68899917602539e-06,benign
15853,Protocol_6,t-6,-5.1915645599365234e-05,benign
15853,Protocol_17,t-6,6.03795051574707e-05,attack
15853,ACK Flag Cnt,t-5,5.91278076171875e-05,attack
15853,Active Max,t-5,-5.6743621826171875e-05,benign
15853,Active Mean,t-5,4.231929779052734e-06,attack
15853,Active Min,t-5,-2.5928020477294922e-05,benign
15853,Active Std,t-5,3.260374069213867e-05,attack
15853,Bwd Header Len,t-5,3.11732292175293e-05,attack
15853,Bwd IAT Max,t-5,-0.0001455545425415039,benign
15853,Bwd IAT Mean,t-5,-8.20159912109375e-05,benign
15853,Bwd IAT Min,t-5,9.059906005859375e-06,attack
15853,Bwd IAT Std,t-5,0.0001748800277709961,attack
15853,Bwd IAT Tot,t-5,-0.0004602670669555664,benign
15853,Bwd Pkt Len Max,t-5,-0.00014072656631469727,benign
15853,Bwd Pkt Len Mean,t-5,-4.583597183227539e-05,benign
15853,Bwd Pkt Len Min,t-5,-0.0006024837493896484,benign
15853,Bwd Pkt Len Std,t-5,-3.4749507904052734e-05,benign
15853,Bwd Pkts/s,t-5,0.00010102987289428711,attack
15853,Bwd Seg Size Avg,t-5,-0.00013142824172973633,benign
15853,Down/Up Ratio,t-5,0.00017136335372924805,attack
15853,ECE Flag Cnt,t-5,0.0006000995635986328,attack
15853,Flow Byts/s,t-5,-7.152557373046875e-06,benign
15853,Flow Duration,t-5,0.00012534856796264648,attack
15853,Flow IAT Max,t-5,0.00038695335388183594,attack
15853,Flow IAT Mean,t-5,0.00038695335388183594,attack
15853,Flow IAT Min,t-5,0.0005731582641601562,attack
15853,Flow IAT Std,t-5,-0.00021600723266601562,benign
15853,Flow Pkts/s,t-5,-6.282329559326172e-05,benign
15853,Fwd Act Data Pkts,t-5,-0.0001863241195678711,benign
15853,Fwd Header Len,t-5,-0.0001245737075805664,benign
15853,Fwd IAT Max,t-5,0.00013822317123413086,attack
15853,Fwd IAT Mean,t-5,0.0006276965141296387,attack
15853,Fwd IAT Min,t-5,0.0004723668098449707,attack
15853,Fwd IAT Std,t-5,-0.0004286766052246094,benign
15853,Fwd IAT Tot,t-5,-0.0004189610481262207,benign
15853,Fwd PSH Flags,t-5,0.0008714795112609863,attack
15853,Fwd Pkt Len Max,t-5,-3.4570693969726562e-06,benign
15853,Fwd Pkt Len Mean,t-5,0.00010609626770019531,attack
15853,Fwd Pkt Len Min,t-5,0.00041216611862182617,attack
15853,Fwd Pkt Len Std,t-5,-0.0004957914352416992,benign
15853,Fwd Pkts/s,t-5,-3.045797348022461e-05,benign
15853,Fwd Seg Size Avg,t-5,0.0009121894836425781,attack
15853,Fwd Seg Size Min,t-5,-0.0003997683525085449,benign
15853,Idle Max,t-5,0.00022125244140625,attack
15853,Idle Mean,t-5,0.0004101991653442383,attack
15853,Idle Min,t-5,-6.16312026977539e-05,benign
15853,Idle Std,t-5,0.00014448165893554688,attack
15853,Init Bwd Win Byts,t-5,-9.417533874511719e-06,benign
15853,Init Fwd Win Byts,t-5,0.00021338462829589844,attack
15853,PSH Flag Cnt,t-5,0.00025260448455810547,attack
15853,Pkt Len Max,t-5,0.00023651123046875,attack
15853,Pkt Len Mean,t-5,0.00010961294174194336,attack
15853,Pkt Len Min,t-5,0.0002022385597229004,attack
15853,Pkt Len Std,t-5,0.0005734562873840332,attack
15853,Pkt Len Var,t-5,-0.00019544363021850586,benign
15853,Pkt Size Avg,t-5,0.00029456615447998047,attack
15853,RST Flag Cnt,t-5,0.0005048513412475586,attack
15853,SYN Flag Cnt,t-5,0.000763237476348877,attack
15853,Subflow Bwd Byts,t-5,-1.609325408935547e-05,benign
15853,Subflow Bwd Pkts,t-5,3.904104232788086e-05,attack
15853,Subflow Fwd Byts,t-5,-4.470348358154297e-05,benign
15853,Subflow Fwd Pkts,t-5,-1.2516975402832031e-06,benign
15853,Tot Bwd Pkts,t-5,-8.791685104370117e-05,benign
15853,Tot Fwd Pkts,t-5,3.826618194580078e-05,attack
15853,TotLen Bwd Pkts,t-5,-1.5676021575927734e-05,benign
15853,TotLen Fwd Pkts,t-5,-1.3768672943115234e-05,benign
15853,URG Flag Cnt,t-5,0.00036728382110595703,attack
15853,Protocol_0,t-5,-7.271766662597656e-06,benign
15853,Protocol_6,t-5,-0.00013458728790283203,benign
15853,Protocol_17,t-5,9.34600830078125e-05,attack
15853,ACK Flag Cnt,t-4,-0.00018107891082763672,benign
15853,Active Max,t-4,-3.248453140258789e-05,benign
15853,Active Mean,t-4,-3.1828880310058594e-05,benign
15853,Active Min,t-4,-8.308887481689453e-05,benign
15853,Active Std,t-4,2.7477741241455078e-05,attack
15853,Bwd Header Len,t-4,-2.0742416381835938e-05,benign
15853,Bwd IAT Max,t-4,6.723403930664062e-05,attack
15853,Bwd IAT Mean,t-4,9.328126907348633e-05,attack
15853,Bwd IAT Min,t-4,-0.0001900196075439453,benign
15853,Bwd IAT Std,t-4,-1.0728836059570312e-06,benign
15853,Bwd IAT Tot,t-4,0.0009710788726806641,attack
15853,Bwd Pkt Len Max,t-4,1.1622905731201172e-05,attack
15853,Bwd Pkt Len Mean,t-4,-3.737211227416992e-05,benign
15853,Bwd Pkt Len Min,t-4,-0.0004991888999938965,benign
15853,Bwd Pkt Len Std,t-4,1.3113021850585938e-05,attack
15853,Bwd Pkts/s,t-4,8.553266525268555e-05,attack
15853,Bwd Seg Size Avg,t-4,-2.580881118774414e-05,benign
15853,Down/Up Ratio,t-4,0.0005660057067871094,attack
15853,ECE Flag Cnt,t-4,0.0001823902130126953,attack
15853,Flow Byts/s,t-4,-0.00011157989501953125,benign
15853,Flow Duration,t-4,-0.0003160834312438965,benign
15853,Flow IAT Max,t-4,0.00017064809799194336,attack
15853,Flow IAT Mean,t-4,0.00030684471130371094,attack
15853,Flow IAT Min,t-4,0.000681459903717041,attack
15853,Flow IAT Std,t-4,9.590387344360352e-05,attack
15853,Flow Pkts/s,t-4,-0.0001556873321533203,benign
15853,Fwd Act Data Pkts,t-4,0.0001964569091796875,attack
15853,Fwd Header Len,t-4,-7.009506225585938e-05,benign
15853,Fwd IAT Max,t-4,4.2498111724853516e-05,attack
15853,Fwd IAT Mean,t-4,0.00026237964630126953,attack
15853,Fwd IAT Min,t-4,0.00031936168670654297,attack
15853,Fwd IAT Std,t-4,2.2649765014648438e-06,attack
15853,Fwd IAT Tot,t-4,4.088878631591797e-05,attack
15853,Fwd PSH Flags,t-4,0.0010116100311279297,attack
15853,Fwd Pkt Len Max,t-4,-5.131959915161133e-05,benign
15853,Fwd Pkt Len Mean,t-4,4.7087669372558594e-05,attack
15853,Fwd Pkt Len Min,t-4,0.00037485361099243164,attack
15853,Fwd Pkt Len Std,t-4,-2.1636486053466797e-05,benign
15853,Fwd Pkts/s,t-4,-0.0001170039176940918,benign
15853,Fwd Seg Size Avg,t-4,0.0003094673156738281,attack
15853,Fwd Seg Size Min,t-4,-0.00010770559310913086,benign
15853,Idle Max,t-4,7.939338684082031e-05,attack
15853,Idle Mean,t-4,0.00010293722152709961,attack
15853,Idle Min,t-4,3.24249267578125e-05,attack
15853,Idle Std,t-4,8.171796798706055e-05,attack
15853,Init Bwd Win Byts,t-4,-6.735324859619141e-06,benign
15853,Init Fwd Win Byts,t-4,0.00018727779388427734,attack
15853,PSH Flag Cnt,t-4,0.00013715028762817383,attack
15853,Pkt Len Max,t-4,3.62396240234375e-05,attack
15853,Pkt Len Mean,t-4,9.953975677490234e-06,attack
15853,Pkt Len Min,t-4,0.0002638697624206543,attack
15853,Pkt Len Std,t-4,0.00012433528900146484,attack
15853,Pkt Len Var,t-4,-0.00013595819473266602,benign
15853,Pkt Size Avg,t-4,0.0002810955047607422,attack
15853,RST Flag Cnt,t-4,0.00014168024063110352,attack
15853,SYN Flag Cnt,t-4,0.0010797381401062012,attack
15853,Subflow Bwd Byts,t-4,-5.435943603515625e-05,benign
15853,Subflow Bwd Pkts,t-4,-5.602836608886719e-06,benign
15853,Subflow Fwd Byts,t-4,-8.761882781982422e-06,benign
15853,Subflow Fwd Pkts,t-4,-5.125999450683594e-06,benign
15853,Tot Bwd Pkts,t-4,-3.600120544433594e-05,benign
15853,Tot Fwd Pkts,t-4,-2.980232238769531e-07,benign
15853,TotLen Bwd Pkts,t-4,-3.88026237487793e-05,benign
15853,TotLen Fwd Pkts,t-4,-9.000301361083984e-06,benign
15853,URG Flag Cnt,t-4,0.0003516674041748047,attack
15853,Protocol_0,t-4,9.894371032714844e-06,attack
15853,Protocol_6,t-4,-8.630752563476562e-05,benign
15853,Protocol_17,t-4,3.8683414459228516e-05,attack
15853,ACK Flag Cnt,t-3,-0.0001227259635925293,benign
15853,Active Max,t-3,3.331899642944336e-05,attack
15853,Active Mean,t-3,-7.12275505065918e-05,benign
15853,Active Min,t-3,0.00014066696166992188,attack
15853,Active Std,t-3,0.00015556812286376953,attack
15853,Bwd Header Len,t-3,-4.488229751586914e-05,benign
15853,Bwd IAT Max,t-3,6.115436553955078e-05,attack
15853,Bwd IAT Mean,t-3,0.00019288063049316406,attack
15853,Bwd IAT Min,t-3,-7.432699203491211e-05,benign
15853,Bwd IAT Std,t-3,-0.0001837611198425293,benign
15853,Bwd IAT Tot,t-3,-0.00018608570098876953,benign
15853,Bwd Pkt Len Max,t-3,0.000618278980255127,attack
15853,Bwd Pkt Len Mean,t-3,-0.0001277923583984375,benign
15853,Bwd Pkt Len Min,t-3,-0.00021016597747802734,benign
15853,Bwd Pkt Len Std,t-3,0.0009284019470214844,attack
15853,Bwd Pkts/s,t-3,0.0001666545867919922,attack
15853,Bwd Seg Size Avg,t-3,-0.00024443864822387695,benign
15853,Down/Up Ratio,t-3,-0.0007140040397644043,benign
15853,ECE Flag Cnt,t-3,0.0006657838821411133,attack
15853,Flow Byts/s,t-3,-2.09808349609375e-05,benign
15853,Flow Duration,t-3,-5.066394805908203e-05,benign
15853,Flow IAT Max,t-3,6.42538070678711e-05,attack
15853,Flow IAT Mean,t-3,0.00032460689544677734,attack
15853,Flow IAT Min,t-3,0.0006719231605529785,attack
15853,Flow IAT Std,t-3,0.00021529197692871094,attack
15853,Flow Pkts/s,t-3,-7.486343383789062e-05,benign
15853,Fwd Act Data Pkts,t-3,-0.0002658963203430176,benign
15853,Fwd Header Len,t-3,-0.0002409219741821289,benign
15853,Fwd IAT Max,t-3,1.430511474609375e-05,attack
15853,Fwd IAT Mean,t-3,0.000515282154083252,attack
15853,Fwd IAT Min,t-3,0.0004108548164367676,attack
15853,Fwd IAT Std,t-3,-0.0005533695220947266,benign
15853,Fwd IAT Tot,t-3,-3.8623809814453125e-05,benign
15853,Fwd PSH Flags,t-3,0.001352548599243164,attack
15853,Fwd Pkt Len Max,t-3,0.0004636049270629883,attack
15853,Fwd Pkt Len Mean,t-3,0.00024449825286865234,attack
15853,Fwd Pkt Len Min,t-3,0.00024211406707763672,attack
15853,Fwd Pkt Len Std,t-3,-0.00024753808975219727,benign
15853,Fwd Pkts/s,t-3,-0.0001112222671508789,benign
15853,Fwd Seg Size Avg,t-3,0.0017484426498413086,attack
15853,Fwd Seg Size Min,t-3,7.712841033935547e-05,attack
15853,Idle Max,t-3,5.650520324707031e-05,attack
15853,Idle Mean,t-3,0.00013971328735351562,attack
15853,Idle Min,t-3,2.5928020477294922e-05,attack
15853,Idle Std,t-3,-0.00047981739044189453,benign
15853,Init Bwd Win Byts,t-3,-8.350610733032227e-05,benign
15853,Init Fwd Win Byts,t-3,2.5928020477294922e-05,attack
15853,PSH Flag Cnt,t-3,-3.796815872192383e-05,benign
15853,Pkt Len Max,t-3,0.0009272098541259766,attack
15853,Pkt Len Mean,t-3,0.0001679062843322754,attack
15853,Pkt Len Min,t-3,0.00017601251602172852,attack
15853,Pkt Len Std,t-3,0.0007358193397521973,attack
15853,Pkt Len Var,t-3,-0.0003351569175720215,benign
15853,Pkt Size Avg,t-3,0.0006134510040283203,attack
15853,RST Flag Cnt,t-3,0.00048679113388061523,attack
15853,SYN Flag Cnt,t-3,0.0013300180435180664,attack
15853,Subflow Bwd Byts,t-3,-5.9664249420166016e-05,benign
15853,Subflow Bwd Pkts,t-3,-3.0994415283203125e-05,benign
15853,Subflow Fwd Byts,t-3,-6.133317947387695e-05,benign
15853,Subflow Fwd Pkts,t-3,-7.104873657226562e-05,benign
15853,Tot Bwd Pkts,t-3,-0.00013566017150878906,benign
15853,Tot Fwd Pkts,t-3,-1.0192394256591797e-05,benign
15853,TotLen Bwd Pkts,t-3,-5.5849552154541016e-05,benign
15853,TotLen Fwd Pkts,t-3,-3.5643577575683594e-05,benign
15853,URG Flag Cnt,t-3,0.0005456209182739258,attack
15853,Protocol_0,t-3,-4.875659942626953e-05,benign
15853,Protocol_6,t-3,7.927417755126953e-06,attack
15853,Protocol_17,t-3,1.0192394256591797e-05,attack
15853,ACK Flag Cnt,t-2,-0.0007939338684082031,benign
15853,Active Max,t-2,2.0682811737060547e-05,attack
15853,Active Mean,t-2,-9.316205978393555e-05,benign
15853,Active Min,t-2,-5.257129669189453e-05,benign
15853,Active Std,t-2,0.00025832653045654297,attack
15853,Bwd Header Len,t-2,8.618831634521484e-05,attack
15853,Bwd IAT Max,t-2,0.00014448165893554688,attack
15853,Bwd IAT Mean,t-2,0.00018405914306640625,attack
15853,Bwd IAT Min,t-2,6.735324859619141e-06,attack
15853,Bwd IAT Std,t-2,0.0003865957260131836,attack
15853,Bwd IAT Tot,t-2,-0.00017249584197998047,benign
15853,Bwd Pkt Len Max,t-2,0.0005867481231689453,attack
15853,Bwd Pkt Len Mean,t-2,-0.0003024935722351074,benign
15853,Bwd Pkt Len Min,t-2,-0.000494837760925293,benign
15853,Bwd Pkt Len Std,t-2,0.0006309151649475098,attack
15853,Bwd Pkts/s,t-2,0.00021505355834960938,attack
15853,Bwd Seg Size Avg,t-2,0.0001944899559020996,attack
15853,Down/Up Ratio,t-2,-0.0006320476531982422,benign
15853,ECE Flag Cnt,t-2,-0.002822697162628174,benign
15853,Flow Byts/s,t-2,2.205371856689453e-05,attack
15853,Flow Duration,t-2,-0.0005331039428710938,benign
15853,Flow IAT Max,t-2,-0.0001919865608215332,benign
15853,Flow IAT Mean,t-2,0.00040453672409057617,attack
15853,Flow IAT Min,t-2,0.0005803108215332031,attack
15853,Flow IAT Std,t-2,0.00041866302490234375,attack
15853,Flow Pkts/s,t-2,0.00027066469192504883,attack
15853,Fwd Act Data Pkts,t-2,7.712841033935547e-05,attack
15853,Fwd Header Len,t-2,0.0010030269622802734,attack
15853,Fwd IAT Max,t-2,-5.924701690673828e-05,benign
15853,Fwd IAT Mean,t-2,0.0006989836692810059,attack
15853,Fwd IAT Min,t-2,0.0004953145980834961,attack
15853,Fwd IAT Std,t-2,-0.0014597773551940918,benign
15853,Fwd IAT Tot,t-2,-0.0014470815658569336,benign
15853,Fwd PSH Flags,t-2,-0.0022131800651550293,benign
15853,Fwd Pkt Len Max,t-2,0.0004724860191345215,attack
15853,Fwd Pkt Len Mean,t-2,-5.310773849487305e-05,benign
15853,Fwd Pkt Len Min,t-2,2.8252601623535156e-05,attack
15853,Fwd Pkt Len Std,t-2,0.0003994107246398926,attack
15853,Fwd Pkts/s,t-2,7.081031799316406e-05,attack
15853,Fwd Seg Size Avg,t-2,0.0010523200035095215,attack
15853,Fwd Seg Size Min,t-2,0.0017490983009338379,attack
15853,Idle Max,t-2,-3.8623809814453125e-05,benign
15853,Idle Mean,t-2,-0.00014990568161010742,benign
15853,Idle Min,t-2,4.1604042053222656e-05,attack
15853,Idle Std,t-2,-0.00037556886672973633,benign
15853,Init Bwd Win Byts,t-2,-4.1961669921875e-05,benign
15853,Init Fwd Win Byts,t-2,-0.0004260540008544922,benign
15853,PSH Flag Cnt,t-2,-0.0010466575622558594,benign
15853,Pkt Len Max,t-2,0.0006554126739501953,attack
15853,Pkt Len Mean,t-2,0.0002993941307067871,attack
15853,Pkt Len Min,t-2,4.57763671875e-05,attack
15853,Pkt Len Std,t-2,-3.0159950256347656e-05,benign
15853,Pkt Len Var,t-2,-0.0003229975700378418,benign
15853,Pkt Size Avg,t-2,0.000941157341003418,attack
15853,RST Flag Cnt,t-2,-0.0026988983154296875,benign
15853,SYN Flag Cnt,t-2,-0.00198286771774292,benign
15853,Subflow Bwd Byts,t-2,-7.009506225585938e-05,benign
15853,Subflow Bwd Pkts,t-2,2.866983413696289e-05,attack
15853,Subflow Fwd Byts,t-2,1.1980533599853516e-05,attack
15853,Subflow Fwd Pkts,t-2,0.00019484758377075195,attack
15853,Tot Bwd Pkts,t-2,3.361701965332031e-05,attack
15853,Tot Fwd Pkts,t-2,3.5762786865234375e-05,attack
15853,TotLen Bwd Pkts,t-2,-5.4776668548583984e-05,benign
15853,TotLen Fwd Pkts,t-2,1.2755393981933594e-05,attack
15853,URG Flag Cnt,t-2,-0.0005842447280883789,benign
15853,Protocol_0,t-2,1.6093254089355469e-06,attack
15853,Protocol_6,t-2,-0.00018221139907836914,benign
15853,Protocol_17,t-2,0.00011718273162841797,attack
15853,ACK Flag Cnt,t-1,1.0967254638671875e-05,attack
15853,Active Max,t-1,5.185604095458984e-06,attack
15853,Active Mean,t-1,-7.927417755126953e-05,benign
15853,Active Min,t-1,-2.8789043426513672e-05,benign
15853,Active Std,t-1,0.0001271963119506836,attack
15853,Bwd Header Len,t-1,-6.371736526489258e-05,benign
15853,Bwd IAT Max,t-1,9.864568710327148e-05,attack
15853,Bwd IAT Mean,t-1,-3.9637088775634766e-05,benign
15853,Bwd IAT Min,t-1,-8.26716423034668e-05,benign
15853,Bwd IAT Std,t-1,0.0005351901054382324,attack
15853,Bwd IAT Tot,t-1,-0.0004405379295349121,benign
15853,Bwd Pkt Len Max,t-1,0.0012712478637695312,attack
15853,Bwd Pkt Len Mean,t-1,-0.00029206275939941406,benign
15853,Bwd Pkt Len Min,t-1,-0.00024831295013427734,benign
15853,Bwd Pkt Len Std,t-1,0.0007293224334716797,attack
15853,Bwd Pkts/s,t-1,-0.0003215670585632324,benign
15853,Bwd Seg Size Avg,t-1,0.0009064674377441406,attack
15853,Down/Up Ratio,t-1,0.00011539459228515625,attack
15853,ECE Flag Cnt,t-1,0.00020676851272583008,attack
15853,Flow Byts/s,t-1,0.00038230419158935547,attack
15853,Flow Duration,t-1,-0.0014171004295349121,benign
15853,Flow IAT Max,t-1,-0.000766456127166748,benign
15853,Flow IAT Mean,t-1,-0.0005245208740234375,benign
15853,Flow IAT Min,t-1,-0.00038874149322509766,benign
15853,Flow IAT Std,t-1,-0.0001844167709350586,benign
15853,Flow Pkts/s,t-1,0.0004686713218688965,attack
15853,Fwd Act Data Pkts,t-1,-0.00018161535263061523,benign
15853,Fwd Header Len,t-1,0.0006057620048522949,attack
15853,Fwd IAT Max,t-1,-0.0008193850517272949,benign
15853,Fwd IAT Mean,t-1,4.082918167114258e-05,attack
15853,Fwd IAT Min,t-1,-1.0728836059570312e-06,benign
15853,Fwd IAT Std,t-1,-0.0010904669761657715,benign
15853,Fwd IAT Tot,t-1,-0.0017209649085998535,benign
15853,Fwd PSH Flags,t-1,-0.0035856962203979492,benign
15853,Fwd Pkt Len Max,t-1,0.0008375644683837891,attack
15853,Fwd Pkt Len Mean,t-1,0.00016129016876220703,attack
15853,Fwd Pkt Len Min,t-1,-0.00030303001403808594,benign
15853,Fwd Pkt Len Std,t-1,0.0007229447364807129,attack
15853,Fwd Pkts/s,t-1,0.0003701448440551758,attack
15853,Fwd Seg Size Avg,t-1,0.001010298728942871,attack
15853,Fwd Seg Size Min,t-1,0.006088972091674805,attack
15853,Idle Max,t-1,-0.0007122159004211426,benign
15853,Idle Mean,t-1,-0.0006576180458068848,benign
15853,Idle Min,t-1,-0.0007711648941040039,benign
15853,Idle Std,t-1,7.027387619018555e-05,attack
15853,Init Bwd Win Byts,t-1,-0.00021606683731079102,benign
15853,Init Fwd Win Byts,t-1,-0.0003095269203186035,benign
15853,PSH Flag Cnt,t-1,-0.00015532970428466797,benign
15853,Pkt Len Max,t-1,0.0014164447784423828,attack
15853,Pkt Len Mean,t-1,0.00037473440170288086,attack
15853,Pkt Len Min,t-1,-0.00037407875061035156,benign
15853,Pkt Len Std,t-1,0.00046956539154052734,attack
15853,Pkt Len Var,t-1,0.00010079145431518555,attack
15853,Pkt Size Avg,t-1,0.0014777183532714844,attack
15853,RST Flag Cnt,t-1,0.00028210878372192383,attack
15853,SYN Flag Cnt,t-1,-0.0029970407485961914,benign
15853,Subflow Bwd Byts,t-1,-6.449222564697266e-05,benign
15853,Subflow Bwd Pkts,t-1,-8.034706115722656e-05,benign
15853,Subflow Fwd Byts,t-1,-3.9696693420410156e-05,benign
15853,Subflow Fwd Pkts,t-1,5.900859832763672e-05,attack
15853,Tot Bwd Pkts,t-1,-7.998943328857422e-05,benign
15853,Tot Fwd Pkts,t-1,1.0192394256591797e-05,attack
15853,TotLen Bwd Pkts,t-1,-6.514787673950195e-05,benign
15853,TotLen Fwd Pkts,t-1,-2.866983413696289e-05,benign
15853,URG Flag Cnt,t-1,0.0011667609214782715,attack
15853,Protocol_0,t-1,-1.055002212524414e-05,benign
15853,Protocol_6,t-1,-0.00021189451217651367,benign
15853,Protocol_17,t-1,0.0001266002655029297,attack
15853,ACK Flag Cnt,t,0.0007771849632263184,attack
15853,Active Max,t,0.005526900291442871,attack
15853,Active Mean,t,-5.429983139038086e-05,benign
15853,Active Min,t,-0.010370731353759766,benign
15853,Active Std,t,-0.00033992528915405273,benign
15853,Bwd Header Len,t,-0.000376284122467041,benign
15853,Bwd IAT Max,t,-0.0008496642112731934,benign
15853,Bwd IAT Mean,t,-0.0003604888916015625,benign
15853,Bwd IAT Min,t,-7.987022399902344e-06,benign
15853,Bwd IAT Std,t,-0.00018769502639770508,benign
15853,Bwd IAT Tot,t,-0.0008535981178283691,benign
15853,Bwd Pkt Len Max,t,2.944469451904297e-05,attack
15853,Bwd Pkt Len Mean,t,-0.002336859703063965,benign
15853,Bwd Pkt Len Min,t,0.0006690025329589844,attack
15853,Bwd Pkt Len Std,t,0.0007339119911193848,attack
15853,Bwd Pkts/s,t,4.285573959350586e-05,attack
15853,Bwd Seg Size Avg,t,0.0004125833511352539,attack
15853,Down/Up Ratio,t,0.0007044076919555664,attack
15853,ECE Flag Cnt,t,-0.0016241073608398438,benign
15853,Flow Byts/s,t,-0.0034461021423339844,benign
15853,Flow Duration,t,-0.00016838312149047852,benign
15853,Flow IAT Max,t,-0.0004202723503112793,benign
15853,Flow IAT Mean,t,-0.0008167624473571777,benign
15853,Flow IAT Min,t,-0.000698089599609375,benign
15853,Flow IAT Std,t,-0.00033533573150634766,benign
15853,Flow Pkts/s,t,0.00018662214279174805,attack
15853,Fwd Act Data Pkts,t,-0.0004067420959472656,benign
15853,Fwd Header Len,t,-0.0009824633598327637,benign
15853,Fwd IAT Max,t,-0.00018399953842163086,benign
15853,Fwd IAT Mean,t,-0.0001862049102783203,benign
15853,Fwd IAT Min,t,-0.0009830594062805176,benign
15853,Fwd IAT Std,t,-2.4974346160888672e-05,benign
15853,Fwd IAT Tot,t,-2.0444393157958984e-05,benign
15853,Fwd PSH Flags,t,0.002451181411743164,attack
15853,Fwd Pkt Len Max,t,-0.0008119940757751465,benign
15853,Fwd Pkt Len Mean,t,0.0017639994621276855,attack
15853,Fwd Pkt Len Min,t,0.0018838047981262207,attack
15853,Fwd Pkt Len Std,t,0.0006951689720153809,attack
15853,Fwd Pkts/s,t,-0.0017061829566955566,benign
15853,Fwd Seg Size Avg,t,0.0031426548957824707,attack
15853,Fwd Seg Size Min,t,0.003384113311767578,attack
15853,Idle Max,t,-0.0006543993949890137,benign
15853,Idle Mean,t,-0.0005118846893310547,benign
15853,Idle Min,t,-0.0005328059196472168,benign
15853,Idle Std,t,-0.0004240274429321289,benign
15853,Init Bwd Win Byts,t,-0.0010549426078796387,benign
15853,Init Fwd Win Byts,t,-0.0003330111503601074,benign
15853,PSH Flag Cnt,t,-0.000531315803527832,benign
15853,Pkt Len Max,t,0.0017421841621398926,attack
15853,Pkt Len Mean,t,-0.0005431771278381348,benign
15853,Pkt Len Min,t,0.00046056509017944336,attack
15853,Pkt Len Std,t,-0.0012254118919372559,benign
15853,Pkt Len Var,t,-0.0012110471725463867,benign
15853,Pkt Size Avg,t,0.0013536810874938965,attack
15853,RST Flag Cnt,t,-0.0010163187980651855,benign
15853,SYN Flag Cnt,t,0.0026886463165283203,attack
15853,Subflow Bwd Byts,t,-0.00017690658569335938,benign
15853,Subflow Bwd Pkts,t,-0.0004730820655822754,benign
15853,Subflow Fwd Byts,t,-0.0002313852310180664,benign
15853,Subflow Fwd Pkts,t,0.000288546085357666,attack
15853,Tot Bwd Pkts,t,-0.0003421306610107422,benign
15853,Tot Fwd Pkts,t,0.00013875961303710938,attack
15853,TotLen Bwd Pkts,t,-0.00020080804824829102,benign
15853,TotLen Fwd Pkts,t,-0.00021195411682128906,benign
15853,URG Flag Cnt,t,0.0008742809295654297,attack
15853,Protocol_0,t,-0.00028383731842041016,benign
15853,Protocol_6,t,-0.0001792311668395996,benign
15853,Protocol_17,t,0.000164031982421875,attack
16037,ACK Flag Cnt,t-9,1.3470649719238281e-05,attack
16037,Active Max,t-9,-1.3113021850585938e-06,benign
16037,Active Mean,t-9,-3.904104232788086e-05,benign
16037,Active Min,t-9,-4.4465065002441406e-05,benign
16037,Active Std,t-9,4.2319297790527344e-05,attack
16037,Bwd Header Len,t-9,1.239776611328125e-05,attack
16037,Bwd IAT Max,t-9,0.00016927719116210938,attack
16037,Bwd IAT Mean,t-9,-8.386373519897461e-05,benign
16037,Bwd IAT Min,t-9,-6.449222564697266e-05,benign
16037,Bwd IAT Std,t-9,0.00026684999465942383,attack
16037,Bwd IAT Tot,t-9,-0.00028401613235473633,benign
16037,Bwd Pkt Len Max,t-9,7.802248001098633e-05,attack
16037,Bwd Pkt Len Mean,t-9,7.778406143188477e-05,attack
16037,Bwd Pkt Len Min,t-9,-0.0003313422203063965,benign
16037,Bwd Pkt Len Std,t-9,0.00010591745376586914,attack
16037,Bwd Pkts/s,t-9,-6.830692291259766e-05,benign
16037,Bwd Seg Size Avg,t-9,0.00016164779663085938,attack
16037,Down/Up Ratio,t-9,0.0005840659141540527,attack
16037,ECE Flag Cnt,t-9,9.971857070922852e-05,attack
16037,Flow Byts/s,t-9,7.802248001098633e-05,attack
16037,Flow Duration,t-9,0.00015687942504882812,attack
16037,Flow IAT Max,t-9,-3.0100345611572266e-05,benign
16037,Flow IAT Mean,t-9,-0.0001977086067199707,benign
16037,Flow IAT Min,t-9,-6.55055046081543e-05,benign
16037,Flow IAT Std,t-9,3.3736228942871094e-05,attack
16037,Flow Pkts/s,t-9,4.3332576751708984e-05,attack
16037,Fwd Act Data Pkts,t-9,-4.017353057861328e-05,benign
16037,Fwd Header Len,t-9,-1.9788742065429688e-05,benign
16037,Fwd IAT Max,t-9,-0.0003178715705871582,benign
16037,Fwd IAT Mean,t-9,-0.0001831650733947754,benign
16037,Fwd IAT Min,t-9,-0.00020116567611694336,benign
16037,Fwd IAT Std,t-9,8.928775787353516e-05,attack
16037,Fwd IAT Tot,t-9,-6.604194641113281e-05,benign
16037,Fwd PSH Flags,t-9,0.00042825937271118164,attack
16037,Fwd Pkt Len Max,t-9,2.3186206817626953e-05,attack
16037,Fwd Pkt Len Mean,t-9,-1.9788742065429688e-05,benign
16037,Fwd Pkt Len Min,t-9,0.000254213809967041,attack
16037,Fwd Pkt Len Std,t-9,-2.4378299713134766e-05,benign
16037,Fwd Pkts/s,t-9,-3.236532211303711e-05,benign
16037,Fwd Seg Size Avg,t-9,8.410215377807617e-05,attack
16037,Fwd Seg Size Min,t-9,8.821487426757812e-06,attack
16037,Idle Max,t-9,-0.0002695918083190918,benign
16037,Idle Mean,t-9,-4.7087669372558594e-05,benign
16037,Idle Min,t-9,-0.00017601251602172852,benign
16037,Idle Std,t-9,6.29425048828125e-05,attack
16037,Init Bwd Win Byts,t-9,3.993511199951172e-06,attack
16037,Init Fwd Win Byts,t-9,7.033348083496094e-06,attack
16037,PSH Flag Cnt,t-9,4.488229751586914e-05,attack
16037,Pkt Len Max,t-9,-1.2159347534179688e-05,benign
16037,Pkt Len Mean,t-9,-5.930662155151367e-05,benign
16037,Pkt Len Min,t-9,6.663799285888672e-05,attack
16037,Pkt Len Std,t-9,-1.7940998077392578e-05,benign
16037,Pkt Len Var,t-9,1.6570091247558594e-05,attack
16037,Pkt Size Avg,t-9,-8.64267349243164e-06,benign
16037,RST Flag Cnt,t-9,6.604194641113281e-05,attack
16037,SYN Flag Cnt,t-9,0.0005866289138793945,attack
16037,Subflow Bwd Byts,t-9,1.817941665649414e-05,attack
16037,Subflow Bwd Pkts,t-9,1.329183578491211e-05,attack
16037,Subflow Fwd Byts,t-9,-2.1755695343017578e-05,benign
16037,Subflow Fwd Pkts,t-9,-3.451108932495117e-05,benign
16037,Tot Bwd Pkts,t-9,-3.141164779663086e-05,benign
16037,Tot Fwd Pkts,t-9,-1.1026859283447266e-05,benign
16037,TotLen Bwd Pkts,t-9,4.470348358154297e-06,attack
16037,TotLen Fwd Pkts,t-9,-1.8715858459472656e-05,benign
16037,URG Flag Cnt,t-9,0.00032317638397216797,attack
16037,Protocol_0,t-9,6.508827209472656e-05,attack
16037,Protocol_6,t-9,-5.638599395751953e-05,benign
16037,Protocol_17,t-9,0.00010788440704345703,attack
16037,ACK Flag Cnt,t-8,-0.0001672506332397461,benign
16037,Active Max,t-8,-3.5643577575683594e-05,benign
16037,Active Mean,t-8,-0.00013273954391479492,benign
16037,Active Min,t-8,-0.0001246929168701172,benign
16037,Active Std,t-8,5.131959915161133e-05,attack
16037,Bwd Header Len,t-8,1.2278556823730469e-05,attack
16037,Bwd IAT Max,t-8,0.00017982721328735352,attack
16037,Bwd IAT Mean,t-8,-6.80088996887207e-05,benign
16037,Bwd IAT Min,t-8,-6.699562072753906e-05,benign
16037,Bwd IAT Std,t-8,0.00017845630645751953,attack
16037,Bwd IAT Tot,t-8,-0.0002671480178833008,benign
16037,Bwd Pkt Len Max,t-8,-0.00018841028213500977,benign
16037,Bwd Pkt Len Mean,t-8,-8.285045623779297e-06,benign
16037,Bwd Pkt Len Min,t-8,-0.0002682805061340332,benign
16037,Bwd Pkt Len Std,t-8,-0.0005097389221191406,benign
16037,Bwd Pkts/s,t-8,-3.981590270996094e-05,benign
16037,Bwd Seg Size Avg,t-8,-3.1054019927978516e-05,benign
16037,Down/Up Ratio,t-8,0.000522911548614502,attack
16037,ECE Flag Cnt,t-8,0.0002766251564025879,attack
16037,Flow Byts/s,t-8,6.55055046081543e-05,attack
16037,Flow Duration,t-8,0.00012832880020141602,attack
16037,Flow IAT Max,t-8,-2.4557113647460938e-05,benign
16037,Flow IAT Mean,t-8,-8.910894393920898e-05,benign
16037,Flow IAT Min,t-8,-3.0875205993652344e-05,benign
16037,Flow IAT Std,t-8,3.3974647521972656e-06,attack
16037,Flow Pkts/s,t-8,8.088350296020508e-05,attack
16037,Fwd Act Data Pkts,t-8,-5.179643630981445e-05,benign
16037,Fwd Header Len,t-8,-2.956390380859375e-05,benign
16037,Fwd IAT Max,t-8,-0.00020933151245117188,benign
16037,Fwd IAT Mean,t-8,-6.413459777832031e-05,benign
16037,Fwd IAT Min,t-8,-0.000110626220703125,benign
16037,Fwd IAT Std,t-8,1.6689300537109375e-05,attack
16037,Fwd IAT Tot,t-8,-8.356571197509766e-05,benign
16037,Fwd PSH Flags,t-8,0.00027167797088623047,attack
16037,Fwd Pkt Len Max,t-8,-5.370378494262695e-05,benign
16037,Fwd Pkt Len Mean,t-8,-8.344650268554688e-06,benign
16037,Fwd Pkt Len Min,t-8,0.0002630949020385742,attack
16037,Fwd Pkt Len Std,t-8,5.996227264404297e-05,attack
16037,Fwd Pkts/s,t-8,-1.710653305053711e-05,benign
16037,Fwd Seg Size Avg,t-8,-5.5849552154541016e-05,benign
16037,Fwd Seg Size Min,t-8,0.0002402663230895996,attack
16037,Idle Max,t-8,-0.00019401311874389648,benign
16037,Idle Mean,t-8,-3.5703182220458984e-05,benign
16037,Idle Min,t-8,-9.870529174804688e-05,benign
16037,Idle Std,t-8,5.179643630981445e-05,attack
16037,Init Bwd Win Byts,t-8,-9.834766387939453e-06,benign
16037,Init Fwd Win Byts,t-8,-3.504753112792969e-05,benign
16037,PSH Flag Cnt,t-8,5.233287811279297e-05,attack
16037,Pkt Len Max,t-8,1.615285873413086e-05,attack
16037,Pkt Len Mean,t-8,1.049041748046875e-05,attack
16037,Pkt Len Min,t-8,4.13060188293457e-05,attack
16037,Pkt Len Std,t-8,1.5616416931152344e-05,attack
16037,Pkt Len Var,t-8,2.7060508728027344e-05,attack
16037,Pkt Size Avg,t-8,-1.4901161193847656e-06,benign
16037,RST Flag Cnt,t-8,0.00012135505676269531,attack
16037,SYN Flag Cnt,t-8,0.00042748451232910156,attack
16037,Subflow Bwd Byts,t-8,1.8596649169921875e-05,attack
16037,Subflow Bwd Pkts,t-8,1.6927719116210938e-05,attack
16037,Subflow Fwd Byts,t-8,-2.2113323211669922e-05,benign
16037,Subflow Fwd Pkts,t-8,-2.8967857360839844e-05,benign
16037,Tot Bwd Pkts,t-8,-2.1457672119140625e-05,benign
16037,Tot Fwd Pkts,t-8,-2.1517276763916016e-05,benign
16037,TotLen Bwd Pkts,t-8,1.1682510375976562e-05,attack
16037,TotLen Fwd Pkts,t-8,-2.4557113647460938e-05,benign
16037,URG Flag Cnt,t-8,0.00026410818099975586,attack
16037,Protocol_0,t-8,5.239248275756836e-05,attack
16037,Protocol_6,t-8,-6.771087646484375e-05,benign
16037,Protocol_17,t-8,9.649991989135742e-05,attack
16037,ACK Flag Cnt,t-7,-0.00012063980102539062,benign
16037,Active Max,t-7,2.7477741241455078e-05,attack
16037,Active Mean,t-7,5.1140785217285156e-05,attack
16037,Active Min,t-7,3.2901763916015625e-05,attack
16037,Active Std,t-7,4.953145980834961e-05,attack
16037,Bwd Header Len,t-7,5.602836608886719e-06,attack
16037,Bwd IAT Max,t-7,7.849931716918945e-05,attack
16037,Bwd IAT Mean,t-7,-4.83393669128418e-05,benign
16037,Bwd IAT Min,t-7,-4.416704177856445e-05,benign
16037,Bwd IAT Std,t-7,6.0617923736572266e-05,attack
16037,Bwd IAT Tot,t-7,-0.0002289414405822754,benign
16037,Bwd Pkt Len Max,t-7,-0.0002282261848449707,benign
16037,Bwd Pkt Len Mean,t-7,3.3855438232421875e-05,attack
16037,Bwd Pkt Len Min,t-7,-0.0001977682113647461,benign
16037,Bwd Pkt Len Std,t-7,-0.0007158517837524414,benign
16037,Bwd Pkts/s,t-7,-3.057718276977539e-05,benign
16037,Bwd Seg Size Avg,t-7,-0.0003635883331298828,benign
16037,Down/Up Ratio,t-7,0.00025725364685058594,attack
16037,ECE Flag Cnt,t-7,0.0003146529197692871,attack
16037,Flow Byts/s,t-7,-1.0132789611816406e-06,benign
16037,Flow Duration,t-7,0.00013184547424316406,attack
16037,Flow IAT Max,t-7,-3.504753112792969e-05,benign
16037,Flow IAT Mean,t-7,-0.0001500248908996582,benign
16037,Flow IAT Min,t-7,-1.8417835235595703e-05,benign
16037,Flow IAT Std,t-7,1.329183578491211e-05,attack
16037,Flow Pkts/s,t-7,6.866455078125e-05,attack
16037,Fwd Act Data Pkts,t-7,5.960464477539063e-08,attack
16037,Fwd Header Len,t-7,-1.5556812286376953e-05,benign
16037,Fwd IAT Max,t-7,-0.00023925304412841797,benign
16037,Fwd IAT Mean,t-7,2.384185791015625e-06,attack
16037,Fwd IAT Min,t-7,-0.00016796588897705078,benign
16037,Fwd IAT Std,t-7,6.014108657836914e-05,attack
16037,Fwd IAT Tot,t-7,-0.00018769502639770508,benign
16037,Fwd PSH Flags,t-7,0.0002498626708984375,attack
16037,Fwd Pkt Len Max,t-7,-0.00011980533599853516,benign
16037,Fwd Pkt Len Mean,t-7,-0.0002607107162475586,benign
16037,Fwd Pkt Len Min,t-7,0.00022596120834350586,attack
16037,Fwd Pkt Len Std,t-7,1.436471939086914e-05,attack
16037,Fwd Pkts/s,t-7,6.020069122314453e-06,attack
16037,Fwd Seg Size Avg,t-7,-0.00010627508163452148,benign
16037,Fwd Seg Size Min,t-7,9.584426879882812e-05,attack
16037,Idle Max,t-7,-0.0003860592842102051,benign
16037,Idle Mean,t-7,-0.00010579824447631836,benign
16037,Idle Min,t-7,-0.00018841028213500977,benign
16037,Idle Std,t-7,4.965066909790039e-05,attack
16037,Init Bwd Win Byts,t-7,0.00015103816986083984,attack
16037,Init Fwd Win Byts,t-7,-4.214048385620117e-05,benign
16037,PSH Flag Cnt,t-7,2.6524066925048828e-05,attack
16037,Pkt Len Max,t-7,0.0006110668182373047,attack
16037,Pkt Len Mean,t-7,0.00017571449279785156,attack
16037,Pkt Len Min,t-7,-9.000301361083984e-06,benign
16037,Pkt Len Std,t-7,8.386373519897461e-05,attack
16037,Pkt Len Var,t-7,0.0004964470863342285,attack
16037,Pkt Size Avg,t-7,0.00015163421630859375,attack
16037,RST Flag Cnt,t-7,8.863210678100586e-05,attack
16037,SYN Flag Cnt,t-7,0.00025457143783569336,attack
16037,Subflow Bwd Byts,t-7,3.3974647521972656e-06,attack
16037,Subflow Bwd Pkts,t-7,1.0967254638671875e-05,attack
16037,Subflow Fwd Byts,t-7,-5.245208740234375e-06,benign
16037,Subflow Fwd Pkts,t-7,-1.1146068572998047e-05,benign
16037,Tot Bwd Pkts,t-7,-1.9371509552001953e-05,benign
16037,Tot Fwd Pkts,t-7,-1.4662742614746094e-05,benign
16037,TotLen Bwd Pkts,t-7,1.4007091522216797e-05,attack
16037,TotLen Fwd Pkts,t-7,-8.404254913330078e-06,benign
16037,URG Flag Cnt,t-7,0.00023227930068969727,attack
16037,Protocol_0,t-7,2.6524066925048828e-05,attack
16037,Protocol_6,t-7,-6.091594696044922e-05,benign
16037,Protocol_17,t-7,5.2869319915771484e-05,attack
16037,ACK Flag Cnt,t-6,-0.0005767941474914551,benign
16037,Active Max,t-6,4.5180320739746094e-05,attack
16037,Active Mean,t-6,7.402896881103516e-05,attack
16037,Active Min,t-6,2.0444393157958984e-05,attack
16037,Active Std,t-6,0.0001628398895263672,attack
16037,Bwd Header Len,t-6,1.3172626495361328e-05,attack
16037,Bwd IAT Max,t-6,0.00020760297775268555,attack
16037,Bwd IAT Mean,t-6,-8.845329284667969e-05,benign
16037,Bwd IAT Min,t-6,-6.598234176635742e-05,benign
16037,Bwd IAT Std,t-6,6.365776062011719e-05,attack
16037,Bwd IAT Tot,t-6,-0.0003173947334289551,benign
16037,Bwd Pkt Len Max,t-6,-0.00012612342834472656,benign
16037,Bwd Pkt Len Mean,t-6,4.172325134277344e-07,attack
16037,Bwd Pkt Len Min,t-6,-0.00012111663818359375,benign
16037,Bwd Pkt Len Std,t-6,-0.00039964914321899414,benign
16037,Bwd Pkts/s,t-6,-1.430511474609375e-05,benign
16037,Bwd Seg Size Avg,t-6,1.3172626495361328e-05,attack
16037,Down/Up Ratio,t-6,0.0002662539482116699,attack
16037,ECE Flag Cnt,t-6,0.0004569888114929199,attack
16037,Flow Byts/s,t-6,9.85860824584961e-05,attack
16037,Flow Duration,t-6,0.00017571449279785156,attack
16037,Flow IAT Max,t-6,-0.00015878677368164062,benign
16037,Flow IAT Mean,t-6,-0.0002918839454650879,benign
16037,Flow IAT Min,t-6,-0.0001773238182067871,benign
16037,Flow IAT Std,t-6,0.00010257959365844727,attack
16037,Flow Pkts/s,t-6,0.00015926361083984375,attack
16037,Fwd Act Data Pkts,t-6,-6.443262100219727e-05,benign
16037,Fwd Header Len,t-6,-6.335973739624023e-05,benign
16037,Fwd IAT Max,t-6,-0.00040400028228759766,benign
16037,Fwd IAT Mean,t-6,4.595518112182617e-05,attack
16037,Fwd IAT Min,t-6,-0.00015181303024291992,benign
16037,Fwd IAT Std,t-6,0.0001214146614074707,attack
16037,Fwd IAT Tot,t-6,-0.00022089481353759766,benign
16037,Fwd PSH Flags,t-6,1.3113021850585938e-05,attack
16037,Fwd Pkt Len Max,t-6,-8.219480514526367e-05,benign
16037,Fwd Pkt Len Mean,t-6,-0.00012415647506713867,benign
16037,Fwd Pkt Len Min,t-6,0.0003299713134765625,attack
16037,Fwd Pkt Len Std,t-6,-0.00022488832473754883,benign
16037,Fwd Pkts/s,t-6,-6.0617923736572266e-05,benign
16037,Fwd Seg Size Avg,t-6,-0.00029671192169189453,benign
16037,Fwd Seg Size Min,t-6,0.00020837783813476562,attack
16037,Idle Max,t-6,-0.0005779266357421875,benign
16037,Idle Mean,t-6,-1.9073486328125e-06,benign
16037,Idle Min,t-6,-0.00025957822799682617,benign
16037,Idle Std,t-6,4.208087921142578e-05,attack
16037,Init Bwd Win Byts,t-6,-2.378225326538086e-05,benign
16037,Init Fwd Win Byts,t-6,-0.00011926889419555664,benign
16037,PSH Flag Cnt,t-6,9.417533874511719e-06,attack
16037,Pkt Len Max,t-6,-2.9206275939941406e-06,benign
16037,Pkt Len Mean,t-6,2.950429916381836e-05,attack
16037,Pkt Len Min,t-6,0.00012087821960449219,attack
16037,Pkt Len Std,t-6,-0.00010317564010620117,benign
16037,Pkt Len Var,t-6,-2.1159648895263672e-05,benign
16037,Pkt Size Avg,t-6,-9.47713851928711e-06,benign
16037,RST Flag Cnt,t-6,0.00015312433242797852,attack
16037,SYN Flag Cnt,t-6,9.429454803466797e-05,attack
16037,Subflow Bwd Byts,t-6,2.580881118774414e-05,attack
16037,Subflow Bwd Pkts,t-6,3.7610530853271484e-05,attack
16037,Subflow Fwd Byts,t-6,-4.6133995056152344e-05,benign
16037,Subflow Fwd Pkts,t-6,-5.4001808166503906e-05,benign
16037,Tot Bwd Pkts,t-6,-3.218650817871094e-05,benign
16037,Tot Fwd Pkts,t-6,-2.0742416381835938e-05,benign
16037,TotLen Bwd Pkts,t-6,1.1622905731201172e-05,attack
16037,TotLen Fwd Pkts,t-6,-4.494190216064453e-05,benign
16037,URG Flag Cnt,t-6,0.00038176774978637695,attack
16037,Protocol_0,t-6,5.5730342864990234e-05,attack
16037,Protocol_6,t-6,-0.0001035928726196289,benign
16037,Protocol_17,t-6,0.00011235475540161133,attack
16037,ACK Flag Cnt,t-5,-0.00012981891632080078,benign
16037,Active Max,t-5,0.00014084577560424805,attack
16037,Active Mean,t-5,0.00014084577560424805,attack
16037,Active Min,t-5,1.4722347259521484e-05,attack
16037,Active Std,t-5,0.00018590688705444336,attack
16037,Bwd Header Len,t-5,-4.827976226806641e-06,benign
16037,Bwd IAT Max,t-5,0.0003508925437927246,attack
16037,Bwd IAT Mean,t-5,-0.00010114908218383789,benign
16037,Bwd IAT Min,t-5,-7.420778274536133e-05,benign
16037,Bwd IAT Std,t-5,-9.97781753540039e-05,benign
16037,Bwd IAT Tot,t-5,-0.00040036439895629883,benign
16037,Bwd Pkt Len Max,t-5,-1.2695789337158203e-05,benign
16037,Bwd Pkt Len Mean,t-5,-0.0014274120330810547,benign
16037,Bwd Pkt Len Min,t-5,0.002041459083557129,attack
16037,Bwd Pkt Len Std,t-5,9.626150131225586e-05,attack
16037,Bwd Pkts/s,t-5,-9.369850158691406e-05,benign
16037,Bwd Seg Size Avg,t-5,-0.001378178596496582,benign
16037,Down/Up Ratio,t-5,-1.621246337890625e-05,benign
16037,ECE Flag Cnt,t-5,0.000755012035369873,attack
16037,Flow Byts/s,t-5,3.993511199951172e-06,attack
16037,Flow Duration,t-5,0.00017082691192626953,attack
16037,Flow IAT Max,t-5,0.00014275312423706055,attack
16037,Flow IAT Mean,t-5,-0.00012558698654174805,benign
16037,Flow IAT Min,t-5,-5.3822994232177734e-05,benign
16037,Flow IAT Std,t-5,5.614757537841797e-05,attack
16037,Flow Pkts/s,t-5,4.869699478149414e-05,attack
16037,Fwd Act Data Pkts,t-5,-3.504753112792969e-05,benign
16037,Fwd Header Len,t-5,5.1915645599365234e-05,attack
16037,Fwd IAT Max,t-5,-0.00032716989517211914,benign
16037,Fwd IAT Mean,t-5,0.00023126602172851562,attack
16037,Fwd IAT Min,t-5,0.0001417994499206543,attack
16037,Fwd IAT Std,t-5,-0.00015115737915039062,benign
16037,Fwd IAT Tot,t-5,-0.00024574995040893555,benign
16037,Fwd PSH Flags,t-5,0.0002770423889160156,attack
16037,Fwd Pkt Len Max,t-5,-0.00021451711654663086,benign
16037,Fwd Pkt Len Mean,t-5,-0.000911414623260498,benign
16037,Fwd Pkt Len Min,t-5,-0.001128077507019043,benign
16037,Fwd Pkt Len Std,t-5,-1.2516975402832031e-06,benign
16037,Fwd Pkts/s,t-5,5.1856040954589844e-05,attack
16037,Fwd Seg Size Avg,t-5,-0.0006334185600280762,benign
16037,Fwd Seg Size Min,t-5,-0.0008937716484069824,benign
16037,Idle Max,t-5,-0.0006053447723388672,benign
16037,Idle Mean,t-5,0.0002670884132385254,attack
16037,Idle Min,t-5,-3.719329833984375e-05,benign
16037,Idle Std,t-5,-0.00014841556549072266,benign
16037,Init Bwd Win Byts,t-5,0.00015425682067871094,attack
16037,Init Fwd Win Byts,t-5,0.00016313791275024414,attack
16037,PSH Flag Cnt,t-5,0.0001531839370727539,attack
16037,Pkt Len Max,t-5,0.0007991790771484375,attack
16037,Pkt Len Mean,t-5,0.00114518404006958,attack
16037,Pkt Len Min,t-5,-0.00023758411407470703,benign
16037,Pkt Len Std,t-5,-4.881620407104492e-05,benign
16037,Pkt Len Var,t-5,0.0001697540283203125,attack
16037,Pkt Size Avg,t-5,-0.00042515993118286133,benign
16037,RST Flag Cnt,t-5,0.0006589889526367188,attack
16037,SYN Flag Cnt,t-5,0.00045162439346313477,attack
16037,Subflow Bwd Byts,t-5,2.378225326538086e-05,attack
16037,Subflow Bwd Pkts,t-5,5.167722702026367e-05,attack
16037,Subflow Fwd Byts,t-5,-3.0934810638427734e-05,benign
16037,Subflow Fwd Pkts,t-5,3.838539123535156e-05,attack
16037,Tot Bwd Pkts,t-5,-3.0934810638427734e-05,benign
16037,Tot Fwd Pkts,t-5,7.18832015991211e-05,attack
16037,TotLen Bwd Pkts,t-5,2.4020671844482422e-05,attack
16037,TotLen Fwd Pkts,t-5,7.3909759521484375e-06,attack
16037,URG Flag Cnt,t-5,0.000579535961151123,attack
16037,Protocol_0,t-5,3.4749507904052734e-05,attack
16037,Protocol_6,t-5,5.27501106262207e-05,attack
16037,Protocol_17,t-5,-0.00021374225616455078,benign
16037,ACK Flag Cnt,t-4,-0.0006200075149536133,benign
16037,Active Max,t-4,0.00013691186904907227,attack
16037,Active Mean,t-4,0.00018286705017089844,attack
16037,Active Min,t-4,1.9669532775878906e-06,attack
16037,Active Std,t-4,0.00030922889709472656,attack
16037,Bwd Header Len,t-4,3.212690353393555e-05,attack
16037,Bwd IAT Max,t-4,7.367134094238281e-05,attack
16037,Bwd IAT Mean,t-4,-0.00022923946380615234,benign
16037,Bwd IAT Min,t-4,-8.302927017211914e-05,benign
16037,Bwd IAT Std,t-4,-0.0001983046531677246,benign
16037,Bwd IAT Tot,t-4,-0.0004165768623352051,benign
16037,Bwd Pkt Len Max,t-4,-0.00046569108963012695,benign
16037,Bwd Pkt Len Mean,t-4,-7.486343383789062e-05,benign
16037,Bwd Pkt Len Min,t-4,9.697675704956055e-05,attack
16037,Bwd Pkt Len Std,t-4,-0.0003115534782409668,benign
16037,Bwd Pkts/s,t-4,9.1552734375e-05,attack
16037,Bwd Seg Size Avg,t-4,-0.0004956722259521484,benign
16037,Down/Up Ratio,t-4,0.0005373358726501465,attack
16037,ECE Flag Cnt,t-4,0.00029593706130981445,attack
16037,Flow Byts/s,t-4,-3.9458274841308594e-05,benign
16037,Flow Duration,t-4,0.000549614429473877,attack
16037,Flow IAT Max,t-4,0.0002275705337524414,attack
16037,Flow IAT Mean,t-4,-9.834766387939453e-05,benign
16037,Flow IAT Min,t-4,8.386373519897461e-05,attack
16037,Flow IAT Std,t-4,-0.00018078088760375977,benign
16037,Flow Pkts/s,t-4,0.0001571178436279297,attack
16037,Fwd Act Data Pkts,t-4,-8.726119995117188e-05,benign
16037,Fwd Header Len,t-4,-5.829334259033203e-05,benign
16037,Fwd IAT Max,t-4,-0.00017130374908447266,benign
16037,Fwd IAT Mean,t-4,0.000545501708984375,attack
16037,Fwd IAT Min,t-4,0.00014001131057739258,attack
16037,Fwd IAT Std,t-4,-0.00020307302474975586,benign
16037,Fwd IAT Tot,t-4,-0.00016736984252929688,benign
16037,Fwd PSH Flags,t-4,8.547306060791016e-05,attack
16037,Fwd Pkt Len Max,t-4,-0.00020700693130493164,benign
16037,Fwd Pkt Len Mean,t-4,-0.0006145834922790527,benign
16037,Fwd Pkt Len Min,t-4,0.00032901763916015625,attack
16037,Fwd Pkt Len Std,t-4,-0.0010828375816345215,benign
16037,Fwd Pkts/s,t-4,0.0001488327980041504,attack
16037,Fwd Seg Size Avg,t-4,-0.00031942129135131836,benign
16037,Fwd Seg Size Min,t-4,0.001049637794494629,attack
16037,Idle Max,t-4,-0.0008983016014099121,benign
16037,Idle Mean,t-4,0.00042766332626342773,attack
16037,Idle Min,t-4,-0.00020992755889892578,benign
16037,Idle Std,t-4,-0.00016003847122192383,benign
16037,Init Bwd Win Byts,t-4,-0.0002409219741821289,benign
16037,Init Fwd Win Byts,t-4,-0.00014257431030273438,benign
16037,PSH Flag Cnt,t-4,3.9637088775634766e-05,attack
16037,Pkt Len Max,t-4,0.00017547607421875,attack
16037,Pkt Len Mean,t-4,3.045797348022461e-05,attack
16037,Pkt Len Min,t-4,0.00016123056411743164,attack
16037,Pkt Len Std,t-4,-0.0004069209098815918,benign
16037,Pkt Len Var,t-4,-3.4809112548828125e-05,benign
16037,Pkt Size Avg,t-4,-0.00017571449279785156,benign
16037,RST Flag Cnt,t-4,0.00028324127197265625,attack
16037,SYN Flag Cnt,t-4,0.00027292966842651367,attack
16037,Subflow Bwd Byts,t-4,1.71661376953125e-05,attack
16037,Subflow Bwd Pkts,t-4,4.649162292480469e-05,attack
16037,Subflow Fwd Byts,t-4,-5.829334259033203e-05,benign
16037,Subflow Fwd Pkts,t-4,-1.1205673217773438e-05,benign
16037,Tot Bwd Pkts,t-4,-8.428096771240234e-05,benign
16037,Tot Fwd Pkts,t-4,0.00011372566223144531,attack
16037,TotLen Bwd Pkts,t-4,9.59634780883789e-06,attack
16037,TotLen Fwd Pkts,t-4,-4.7266483306884766e-05,benign
16037,URG Flag Cnt,t-4,0.0005944967269897461,attack
16037,Protocol_0,t-4,5.936622619628906e-05,attack
16037,Protocol_6,t-4,-0.00013589859008789062,benign
16037,Protocol_17,t-4,0.00015908479690551758,attack
16037,ACK Flag Cnt,t-3,-7.56382942199707e-05,benign
16037,Active Max,t-3,0.00015729665756225586,attack
16037,Active Mean,t-3,0.00028377771377563477,attack
16037,Active Min,t-3,-5.632638931274414e-05,benign
16037,Active Std,t-3,0.00033080577850341797,attack
16037,Bwd Header Len,t-3,-1.6391277313232422e-05,benign
16037,Bwd IAT Max,t-3,0.0001061558723449707,attack
16037,Bwd IAT Mean,t-3,-0.0004757046699523926,benign
16037,Bwd IAT Min,t-3,-0.00021225214004516602,benign
16037,Bwd IAT Std,t-3,0.0001881718635559082,attack
16037,Bwd IAT Tot,t-3,0.002090752124786377,attack
16037,Bwd Pkt Len Max,t-3,0.0004196763038635254,attack
16037,Bwd Pkt Len Mean,t-3,0.00033658742904663086,attack
16037,Bwd Pkt Len Min,t-3,0.00012034177780151367,attack
16037,Bwd Pkt Len Std,t-3,0.0005087852478027344,attack
16037,Bwd Pkts/s,t-3,0.0001602768898010254,attack
16037,Bwd Seg Size Avg,t-3,0.0004977583885192871,attack
16037,Down/Up Ratio,t-3,0.000314176082611084,attack
16037,ECE Flag Cnt,t-3,0.0007855892181396484,attack
16037,Flow Byts/s,t-3,-8.153915405273438e-05,benign
16037,Flow Duration,t-3,-0.0020249485969543457,benign
16037,Flow IAT Max,t-3,0.0009922981262207031,attack
16037,Flow IAT Mean,t-3,0.00019073486328125,attack
16037,Flow IAT Min,t-3,0.0004782676696777344,attack
16037,Flow IAT Std,t-3,-0.00040924549102783203,benign
16037,Flow Pkts/s,t-3,3.1113624572753906e-05,attack
16037,Fwd Act Data Pkts,t-3,-0.00024366378784179688,benign
16037,Fwd Header Len,t-3,0.0003268718719482422,attack
16037,Fwd IAT Max,t-3,0.0006847381591796875,attack
16037,Fwd IAT Mean,t-3,0.0010762810707092285,attack
16037,Fwd IAT Min,t-3,0.000569760799407959,attack
16037,Fwd IAT Std,t-3,-4.583597183227539e-05,benign
16037,Fwd IAT Tot,t-3,-0.0004000663757324219,benign
16037,Fwd PSH Flags,t-3,-6.29425048828125e-05,benign
16037,Fwd Pkt Len Max,t-3,-0.0004685521125793457,benign
16037,Fwd Pkt Len Mean,t-3,0.000874638557434082,attack
16037,Fwd Pkt Len Min,t-3,0.000540316104888916,attack
16037,Fwd Pkt Len Std,t-3,0.00033926963806152344,attack
16037,Fwd Pkts/s,t-3,-2.0444393157958984e-05,benign
16037,Fwd Seg Size Avg,t-3,0.0012764930725097656,attack
16037,Fwd Seg Size Min,t-3,0.0022589564323425293,attack
16037,Idle Max,t-3,-0.0003749728202819824,benign
16037,Idle Mean,t-3,0.0012957453727722168,attack
16037,Idle Min,t-3,0.00016480684280395508,attack
16037,Idle Std,t-3,-0.00038379430770874023,benign
16037,Init Bwd Win Byts,t-3,7.838010787963867e-05,attack
16037,Init Fwd Win Byts,t-3,-0.00015050172805786133,benign
16037,PSH Flag Cnt,t-3,0.00019979476928710938,attack
16037,Pkt Len Max,t-3,-0.00030177831649780273,benign
16037,Pkt Len Mean,t-3,-0.00014084577560424805,benign
16037,Pkt Len Min,t-3,0.000492393970489502,attack
16037,Pkt Len Std,t-3,0.00013333559036254883,attack
16037,Pkt Len Var,t-3,-8.940696716308594e-05,benign
16037,Pkt Size Avg,t-3,0.0005686283111572266,attack
16037,RST Flag Cnt,t-3,0.0011352300643920898,attack
16037,SYN Flag Cnt,t-3,-0.0001774430274963379,benign
16037,Subflow Bwd Byts,t-3,3.0159950256347656e-05,attack
16037,Subflow Bwd Pkts,t-3,-5.507469177246094e-05,benign
16037,Subflow Fwd Byts,t-3,-0.0001423358917236328,benign
16037,Subflow Fwd Pkts,t-3,0.00019747018814086914,attack
16037,Tot Bwd Pkts,t-3,0.00018358230590820312,attack
16037,Tot Fwd Pkts,t-3,-6.282329559326172e-05,benign
16037,TotLen Bwd Pkts,t-3,-3.212690353393555e-05,benign
16037,TotLen Fwd Pkts,t-3,-0.00011479854583740234,benign
16037,URG Flag Cnt,t-3,0.0013309717178344727,attack
16037,Protocol_0,t-3,0.00011104345321655273,attack
16037,Protocol_6,t-3,-0.00028908252716064453,benign
16037,Protocol_17,t-3,0.00031876564025878906,attack
16037,ACK Flag Cnt,t-2,-0.0002644062042236328,benign
16037,Active Max,t-2,0.00027614831924438477,attack
16037,Active Mean,t-2,0.00038373470306396484,attack
16037,Active Min,t-2,-4.309415817260742e-05,benign
16037,Active Std,t-2,0.0004456043243408203,attack
16037,Bwd Header Len,t-2,3.2901763916015625e-05,attack
16037,Bwd IAT Max,t-2,0.00015777349472045898,attack
16037,Bwd IAT Mean,t-2,-0.0006347894668579102,benign
16037,Bwd IAT Min,t-2,-0.00037723779678344727,benign
16037,Bwd IAT Std,t-2,2.7894973754882812e-05,attack
16037,Bwd IAT Tot,t-2,-0.00031948089599609375,benign
16037,Bwd Pkt Len Max,t-2,0.00031632184982299805,attack
16037,Bwd Pkt Len Mean,t-2,-0.00014406442642211914,benign
16037,Bwd Pkt Len Min,t-2,0.0014863014221191406,attack
16037,Bwd Pkt Len Std,t-2,0.00027745962142944336,attack
16037,Bwd Pkts/s,t-2,2.276897430419922e-05,attack
16037,Bwd Seg Size Avg,t-2,0.0007476210594177246,attack
16037,Down/Up Ratio,t-2,0.00023621320724487305,attack
16037,ECE Flag Cnt,t-2,0.0012287497520446777,attack
16037,Flow Byts/s,t-2,-7.75456428527832e-05,benign
16037,Flow Duration,t-2,0.0011699795722961426,attack
16037,Flow IAT Max,t-2,0.0010695457458496094,attack
16037,Flow IAT Mean,t-2,0.00029790401458740234,attack
16037,Flow IAT Min,t-2,0.00013118982315063477,attack
16037,Flow IAT Std,t-2,-0.0008937716484069824,benign
16037,Flow Pkts/s,t-2,0.00011515617370605469,attack
16037,Fwd Act Data Pkts,t-2,-0.00016617774963378906,benign
16037,Fwd Header Len,t-2,-0.00018835067749023438,benign
16037,Fwd IAT Max,t-2,7.909536361694336e-05,attack
16037,Fwd IAT Mean,t-2,0.001166224479675293,attack
16037,Fwd IAT Min,t-2,0.0005264878273010254,attack
16037,Fwd IAT Std,t-2,-0.0001570582389831543,benign
16037,Fwd IAT Tot,t-2,0.00034427642822265625,attack
16037,Fwd PSH Flags,t-2,0.0005460381507873535,attack
16037,Fwd Pkt Len Max,t-2,3.3974647521972656e-05,attack
16037,Fwd Pkt Len Mean,t-2,0.0001055002212524414,attack
16037,Fwd Pkt Len Min,t-2,6.914138793945312e-05,attack
16037,Fwd Pkt Len Std,t-2,0.00011461973190307617,attack
16037,Fwd Pkts/s,t-2,0.0001170039176940918,attack
16037,Fwd Seg Size Avg,t-2,0.00033277273178100586,attack
16037,Fwd Seg Size Min,t-2,0.0023071765899658203,attack
16037,Idle Max,t-2,-0.00026476383209228516,benign
16037,Idle Mean,t-2,0.0014778971672058105,attack
16037,Idle Min,t-2,9.483098983764648e-05,attack
16037,Idle Std,t-2,-0.0006267428398132324,benign
16037,Init Bwd Win Byts,t-2,5.185604095458984e-06,attack
16037,Init Fwd Win Byts,t-2,1.2934207916259766e-05,attack
16037,PSH Flag Cnt,t-2,4.9114227294921875e-05,attack
16037,Pkt Len Max,t-2,0.0002275705337524414,attack
16037,Pkt Len Mean,t-2,0.0002872943878173828,attack
16037,Pkt Len Min,t-2,5.08427619934082e-05,attack
16037,Pkt Len Std,t-2,0.0004298686981201172,attack
16037,Pkt Len Var,t-2,-0.0001227855682373047,benign
16037,Pkt Size Avg,t-2,0.00042957067489624023,attack
16037,RST Flag Cnt,t-2,0.001370251178741455,attack
16037,SYN Flag Cnt,t-2,0.0010259151458740234,attack
16037,Subflow Bwd Byts,t-2,4.965066909790039e-05,attack
16037,Subflow Bwd Pkts,t-2,9.250640869140625e-05,attack
16037,Subflow Fwd Byts,t-2,-0.00011873245239257812,benign
16037,Subflow Fwd Pkts,t-2,-3.6835670471191406e-05,benign
16037,Tot Bwd Pkts,t-2,-0.00011074542999267578,benign
16037,Tot Fwd Pkts,t-2,0.00024563074111938477,attack
16037,TotLen Bwd Pkts,t-2,-4.4226646423339844e-05,benign
16037,TotLen Fwd Pkts,t-2,-6.842613220214844e-05,benign
16037,URG Flag Cnt,t-2,0.0004763603210449219,attack
16037,Protocol_0,t-2,2.6404857635498047e-05,attack
16037,Protocol_6,t-2,-0.0005588531494140625,benign
16037,Protocol_17,t-2,0.00046890974044799805,attack
16037,ACK Flag Cnt,t-1,-0.0005748867988586426,benign
16037,Active Max,t-1,-7.2479248046875e-05,benign
16037,Active Mean,t-1,-0.00019425153732299805,benign
16037,Active Min,t-1,8.851289749145508e-05,attack
16037,Active Std,t-1,0.00020837783813476562,attack
16037,Bwd Header Len,t-1,1.6391277313232422e-05,attack
16037,Bwd IAT Max,t-1,-0.0006808638572692871,benign
16037,Bwd IAT Mean,t-1,-0.0008851289749145508,benign
16037,Bwd IAT Min,t-1,-0.0004704594612121582,benign
16037,Bwd IAT Std,t-1,-0.00034880638122558594,benign
16037,Bwd IAT Tot,t-1,0.00011068582534790039,attack
16037,Bwd Pkt Len Max,t-1,0.0006470680236816406,attack
16037,Bwd Pkt Len Mean,t-1,-0.000377655029296875,benign
16037,Bwd Pkt Len Min,t-1,0.0005210638046264648,attack
16037,Bwd Pkt Len Std,t-1,0.00018078088760375977,attack
16037,Bwd Pkts/s,t-1,7.992982864379883e-05,attack
16037,Bwd Seg Size Avg,t-1,0.0003597140312194824,attack
16037,Down/Up Ratio,t-1,-0.0004672408103942871,benign
16037,ECE Flag Cnt,t-1,-0.0015646815299987793,benign
16037,Flow Byts/s,t-1,-0.00010848045349121094,benign
16037,Flow Duration,t-1,0.0007734894752502441,attack
16037,Flow IAT Max,t-1,0.0006618499755859375,attack
16037,Flow IAT Mean,t-1,0.00026220083236694336,attack
16037,Flow IAT Min,t-1,0.0001404285430908203,attack
16037,Flow IAT Std,t-1,4.0590763092041016e-05,attack
16037,Flow Pkts/s,t-1,-0.00010645389556884766,benign
16037,Fwd Act Data Pkts,t-1,-1.1324882507324219e-05,benign
16037,Fwd Header Len,t-1,-0.00013452768325805664,benign
16037,Fwd IAT Max,t-1,8.45789909362793e-05,attack
16037,Fwd IAT Mean,t-1,0.001011967658996582,attack
16037,Fwd IAT Min,t-1,0.0002529025077819824,attack
16037,Fwd IAT Std,t-1,-2.5033950805664062e-06,benign
16037,Fwd IAT Tot,t-1,0.0007298588752746582,attack
16037,Fwd PSH Flags,t-1,-2.9206275939941406e-06,benign
16037,Fwd Pkt Len Max,t-1,0.0003085136413574219,attack
16037,Fwd Pkt Len Mean,t-1,0.00022679567337036133,attack
16037,Fwd Pkt Len Min,t-1,-2.682209014892578e-06,benign
16037,Fwd Pkt Len Std,t-1,0.0002932548522949219,attack
16037,Fwd Pkts/s,t-1,0.00030815601348876953,attack
16037,Fwd Seg Size Avg,t-1,0.00020867586135864258,attack
16037,Fwd Seg Size Min,t-1,0.00043779611587524414,attack
16037,Idle Max,t-1,-1.5020370483398438e-05,benign
16037,Idle Mean,t-1,0.0008900165557861328,attack
16037,Idle Min,t-1,0.000510096549987793,attack
16037,Idle Std,t-1,0.002342402935028076,attack
16037,Init Bwd Win Byts,t-1,4.76837158203125e-06,attack
16037,Init Fwd Win Byts,t-1,-0.00020295381546020508,benign
16037,PSH Flag Cnt,t-1,9.298324584960938e-05,attack
16037,Pkt Len Max,t-1,0.0004931092262268066,attack
16037,Pkt Len Mean,t-1,2.3603439331054688e-05,attack
16037,Pkt Len Min,t-1,-0.00011783838272094727,benign
16037,Pkt Len Std,t-1,0.0006507039070129395,attack
16037,Pkt Len Var,t-1,-0.0003262758255004883,benign
16037,Pkt Size Avg,t-1,-6.80088996887207e-05,benign
16037,RST Flag Cnt,t-1,-0.0015121102333068848,benign
16037,SYN Flag Cnt,t-1,0.00025576353073120117,attack
16037,Subflow Bwd Byts,t-1,2.6881694793701172e-05,attack
16037,Subflow Bwd Pkts,t-1,1.4483928680419922e-05,attack
16037,Subflow Fwd Byts,t-1,-5.322694778442383e-05,benign
16037,Subflow Fwd Pkts,t-1,-3.17692756652832e-05,benign
16037,Tot Bwd Pkts,t-1,-0.00013506412506103516,benign
16037,Tot Fwd Pkts,t-1,6.031990051269531e-05,attack
16037,TotLen Bwd Pkts,t-1,-0.00013005733489990234,benign
16037,TotLen Fwd Pkts,t-1,-2.0503997802734375e-05,benign
16037,URG Flag Cnt,t-1,-0.0009263753890991211,benign
16037,Protocol_0,t-1,-3.0100345611572266e-05,benign
16037,Protocol_6,t-1,0.00015813112258911133,attack
16037,Protocol_17,t-1,-6.210803985595703e-05,benign
16037,ACK Flag Cnt,t,0.007270395755767822,attack
16037,Active Max,t,2.3245811462402344e-05,attack
16037,Active Mean,t,3.2782554626464844e-05,attack
16037,Active Min,t,-9.196996688842773e-05,benign
16037,Active Std,t,0.0001266002655029297,attack
16037,Bwd Header Len,t,-0.00012946128845214844,benign
16037,Bwd IAT Max,t,-0.0004367828369140625,benign
16037,Bwd IAT Mean,t,-0.0006846785545349121,benign
16037,Bwd IAT Min,t,-0.0002506375312805176,benign
16037,Bwd IAT Std,t,-0.0001806020736694336,benign
16037,Bwd IAT Tot,t,-8.547306060791016e-05,benign
16037,Bwd Pkt Len Max,t,0.0032723546028137207,attack
16037,Bwd Pkt Len Mean,t,-0.0016510486602783203,benign
16037,Bwd Pkt Len Min,t,0.002012789249420166,attack
16037,Bwd Pkt Len Std,t,0.0008003115653991699,attack
16037,Bwd Pkts/s,t,-0.00010764598846435547,benign
16037,Bwd Seg Size Avg,t,-0.0006195306777954102,benign
16037,Down/Up Ratio,t,-0.0014799833297729492,benign
16037,ECE Flag Cnt,t,-0.0004324913024902344,benign
16037,Flow Byts/s,t,-0.00024890899658203125,benign
16037,Flow Duration,t,0.00019222497940063477,attack
16037,Flow IAT Max,t,3.0994415283203125e-06,attack
16037,Flow IAT Mean,t,-0.0002783536911010742,benign
16037,Flow IAT Min,t,0.0013172030448913574,attack
16037,Flow IAT Std,t,-0.0004183053970336914,benign
16037,Flow Pkts/s,t,-0.00034117698669433594,benign
16037,Fwd Act Data Pkts,t,3.3915042877197266e-05,attack
16037,Fwd Header Len,t,-0.0004528164863586426,benign
16037,Fwd IAT Max,t,5.900859832763672e-06,attack
16037,Fwd IAT Mean,t,-0.0004991888999938965,benign
16037,Fwd IAT Min,t,0.0004769563674926758,attack
16037,Fwd IAT Std,t,9.572505950927734e-05,attack
16037,Fwd IAT Tot,t,0.00012755393981933594,attack
16037,Fwd PSH Flags,t,0.0007426738739013672,attack
16037,Fwd Pkt Len Max,t,0.0003083348274230957,attack
16037,Fwd Pkt Len Mean,t,-0.0001652836799621582,benign
16037,Fwd Pkt Len Min,t,-0.0003783702850341797,benign
16037,Fwd Pkt Len Std,t,-0.0006299614906311035,benign
16037,Fwd Pkts/s,t,0.00026851892471313477,attack
16037,Fwd Seg Size Avg,t,0.0004534125328063965,attack
16037,Fwd Seg Size Min,t,0.0005878210067749023,attack
16037,Idle Max,t,4.929304122924805e-05,attack
16037,Idle Mean,t,-0.00011301040649414062,benign
16037,Idle Min,t,-1.0192394256591797e-05,benign
16037,Idle Std,t,-0.0014581680297851562,benign
16037,Init Bwd Win Byts,t,1.436471939086914e-05,attack
16037,Init Fwd Win Byts,t,0.00011432170867919922,attack
16037,PSH Flag Cnt,t,-0.00048106908798217773,benign
16037,Pkt Len Max,t,0.0010161995887756348,attack
16037,Pkt Len Mean,t,0.0006465315818786621,attack
16037,Pkt Len Min,t,0.00018602609634399414,attack
16037,Pkt Len Std,t,0.0017728805541992188,attack
16037,Pkt Len Var,t,-0.0018833279609680176,benign
16037,Pkt Size Avg,t,-0.000786125659942627,benign
16037,RST Flag Cnt,t,-7.271766662597656e-05,benign
16037,SYN Flag Cnt,t,0.0006085038185119629,attack
16037,Subflow Bwd Byts,t,-4.6253204345703125e-05,benign
16037,Subflow Bwd Pkts,t,-8.761882781982422e-05,benign
16037,Subflow Fwd Byts,t,-0.00012725591659545898,benign
16037,Subflow Fwd Pkts,t,-0.0002816319465637207,benign
16037,Tot Bwd Pkts,t,-0.0002173781394958496,benign
16037,Tot Fwd Pkts,t,7.212162017822266e-05,attack
16037,TotLen Bwd Pkts,t,-0.00017791986465454102,benign
16037,TotLen Fwd Pkts,t,-9.119510650634766e-05,benign
16037,URG Flag Cnt,t,0.0010721683502197266,attack
16037,Protocol_0,t,-0.00042361021041870117,benign
16037,Protocol_6,t,5.078315734863281e-05,attack
16037,Protocol_17,t,-7.766485214233398e-05,benign
16221,ACK Flag Cnt,t-9,-4.184246063232422e-05,benign
16221,Active Max,t-9,-2.4497509002685547e-05,benign
16221,Active Mean,t-9,-2.1457672119140625e-06,benign
16221,Active Min,t-9,7.289648056030273e-05,attack
16221,Active Std,t-9,8.761882781982422e-06,attack
16221,Bwd Header Len,t-9,-5.424022674560547e-06,benign
16221,Bwd IAT Max,t-9,9.357929229736328e-05,attack
16221,Bwd IAT Mean,t-9,9.655952453613281e-06,attack
16221,Bwd IAT Min,t-9,-0.00010055303573608398,benign
16221,Bwd IAT Std,t-9,0.00019496679306030273,attack
16221,Bwd IAT Tot,t-9,0.00011903047561645508,attack
16221,Bwd Pkt Len Max,t-9,5.173683166503906e-05,attack
16221,Bwd Pkt Len Mean,t-9,0.0001010894775390625,attack
16221,Bwd Pkt Len Min,t-9,-6.23464584350586e-05,benign
16221,Bwd Pkt Len Std,t-9,2.4199485778808594e-05,attack
16221,Bwd Pkts/s,t-9,8.404254913330078e-06,attack
16221,Bwd Seg Size Avg,t-9,4.392862319946289e-05,attack
16221,Down/Up Ratio,t-9,-1.531839370727539e-05,benign
16221,ECE Flag Cnt,t-9,0.00011926889419555664,attack
16221,Flow Byts/s,t-9,-2.6881694793701172e-05,benign
16221,Flow Duration,t-9,2.1517276763916016e-05,attack
16221,Flow IAT Max,t-9,-2.2292137145996094e-05,benign
16221,Flow IAT Mean,t-9,-2.956390380859375e-05,benign
16221,Flow IAT Min,t-9,5.543231964111328e-05,attack
16221,Flow IAT Std,t-9,6.657838821411133e-05,attack
16221,Flow Pkts/s,t-9,-5.0067901611328125e-06,benign
16221,Fwd Act Data Pkts,t-9,-2.2709369659423828e-05,benign
16221,Fwd Header Len,t-9,-2.0802021026611328e-05,benign
16221,Fwd IAT Max,t-9,4.9233436584472656e-05,attack
16221,Fwd IAT Mean,t-9,9.077787399291992e-05,attack
16221,Fwd IAT Min,t-9,5.5670738220214844e-05,attack
16221,Fwd IAT Std,t-9,-3.0994415283203125e-06,benign
16221,Fwd IAT Tot,t-9,-5.5909156799316406e-05,benign
16221,Fwd PSH Flags,t-9,-4.649162292480469e-06,benign
16221,Fwd Pkt Len Max,t-9,-8.33272933959961e-05,benign
16221,Fwd Pkt Len Mean,t-9,1.3589859008789062e-05,attack
16221,Fwd Pkt Len Min,t-9,1.5020370483398438e-05,attack
16221,Fwd Pkt Len Std,t-9,-5.728006362915039e-05,benign
16221,Fwd Pkts/s,t-9,2.8014183044433594e-06,attack
16221,Fwd Seg Size Avg,t-9,0.00012493133544921875,attack
16221,Fwd Seg Size Min,t-9,-8.100271224975586e-05,benign
16221,Idle Max,t-9,7.510185241699219e-06,attack
16221,Idle Mean,t-9,-1.8298625946044922e-05,benign
16221,Idle Min,t-9,-3.5762786865234375e-07,benign
16221,Idle Std,t-9,9.340047836303711e-05,attack
16221,Init Bwd Win Byts,t-9,-7.337331771850586e-05,benign
16221,Init Fwd Win Byts,t-9,-2.6345252990722656e-05,benign
16221,PSH Flag Cnt,t-9,2.6345252990722656e-05,attack
16221,Pkt Len Max,t-9,4.00543212890625e-05,attack
16221,Pkt Len Mean,t-9,-5.5670738220214844e-05,benign
16221,Pkt Len Min,t-9,-2.3603439331054688e-05,benign
16221,Pkt Len Std,t-9,0.0001341104507446289,attack
16221,Pkt Len Var,t-9,-9.715557098388672e-06,benign
16221,Pkt Size Avg,t-9,4.571676254272461e-05,attack
16221,RST Flag Cnt,t-9,7.039308547973633e-05,attack
16221,SYN Flag Cnt,t-9,1.1920928955078125e-05,attack
16221,Subflow Bwd Byts,t-9,-1.3709068298339844e-06,benign
16221,Subflow Bwd Pkts,t-9,5.185604095458984e-06,attack
16221,Subflow Fwd Byts,t-9,-4.76837158203125e-07,benign
16221,Subflow Fwd Pkts,t-9,7.212162017822266e-06,attack
16221,Tot Bwd Pkts,t-9,-9.59634780883789e-06,benign
16221,Tot Fwd Pkts,t-9,2.5033950805664062e-05,attack
16221,TotLen Bwd Pkts,t-9,-5.960464477539062e-07,benign
16221,TotLen Fwd Pkts,t-9,-3.5762786865234375e-07,benign
16221,URG Flag Cnt,t-9,-3.2782554626464844e-05,benign
16221,Protocol_0,t-9,-6.318092346191406e-06,benign
16221,Protocol_6,t-9,1.0132789611816406e-06,attack
16221,Protocol_17,t-9,-5.781650543212891e-06,benign
16221,ACK Flag Cnt,t-8,-0.00013637542724609375,benign
16221,Active Max,t-8,1.7881393432617188e-06,attack
16221,Active Mean,t-8,-1.1920928955078125e-07,benign
16221,Active Min,t-8,-1.430511474609375e-06,benign
16221,Active Std,t-8,-5.364418029785156e-07,benign
16221,Bwd Header Len,t-8,-5.960464477539062e-07,benign
16221,Bwd IAT Max,t-8,-1.71661376953125e-05,benign
16221,Bwd IAT Mean,t-8,1.0728836059570312e-06,attack
16221,Bwd IAT Min,t-8,-1.1920928955078125e-07,benign
16221,Bwd IAT Std,t-8,-1.6689300537109375e-06,benign
16221,Bwd IAT Tot,t-8,-0.00011998414993286133,benign
16221,Bwd Pkt Len Max,t-8,-8.052587509155273e-05,benign
16221,Bwd Pkt Len Mean,t-8,-2.3245811462402344e-06,benign
16221,Bwd Pkt Len Min,t-8,-3.272294998168945e-05,benign
16221,Bwd Pkt Len Std,t-8,-7.939338684082031e-05,benign
16221,Bwd Pkts/s,t-8,3.6597251892089844e-05,attack
16221,Bwd Seg Size Avg,t-8,-5.364418029785156e-07,benign
16221,Down/Up Ratio,t-8,5.185604095458984e-06,attack
16221,ECE Flag Cnt,t-8,-3.8623809814453125e-05,benign
16221,Flow Byts/s,t-8,-1.9431114196777344e-05,benign
16221,Flow Duration,t-8,-6.526708602905273e-05,benign
16221,Flow IAT Max,t-8,3.272294998168945e-05,attack
16221,Flow IAT Mean,t-8,9.101629257202148e-05,attack
16221,Flow IAT Min,t-8,0.0001189112663269043,attack
16221,Flow IAT Std,t-8,-7.569789886474609e-06,benign
16221,Flow Pkts/s,t-8,5.781650543212891e-06,attack
16221,Fwd Act Data Pkts,t-8,-6.020069122314453e-06,benign
16221,Fwd Header Len,t-8,-1.633167266845703e-05,benign
16221,Fwd IAT Max,t-8,6.133317947387695e-05,attack
16221,Fwd IAT Mean,t-8,0.00015121698379516602,attack
16221,Fwd IAT Min,t-8,9.804964065551758e-05,attack
16221,Fwd IAT Std,t-8,-1.3113021850585938e-06,benign
16221,Fwd IAT Tot,t-8,-9.316205978393555e-05,benign
16221,Fwd PSH Flags,t-8,3.904104232788086e-05,attack
16221,Fwd Pkt Len Max,t-8,1.6570091247558594e-05,attack
16221,Fwd Pkt Len Mean,t-8,-9.512901306152344e-05,benign
16221,Fwd Pkt Len Min,t-8,4.5359134674072266e-05,attack
16221,Fwd Pkt Len Std,t-8,-9.065866470336914e-05,benign
16221,Fwd Pkts/s,t-8,-2.3305416107177734e-05,benign
16221,Fwd Seg Size Avg,t-8,-0.00013017654418945312,benign
16221,Fwd Seg Size Min,t-8,-8.589029312133789e-05,benign
16221,Idle Max,t-8,3.260374069213867e-05,attack
16221,Idle Mean,t-8,4.26173210144043e-05,attack
16221,Idle Min,t-8,3.6835670471191406e-05,attack
16221,Idle Std,t-8,2.1696090698242188e-05,attack
16221,Init Bwd Win Byts,t-8,-3.7789344787597656e-05,benign
16221,Init Fwd Win Byts,t-8,2.47955322265625e-05,attack
16221,PSH Flag Cnt,t-8,-8.52346420288086e-06,benign
16221,Pkt Len Max,t-8,4.5299530029296875e-06,attack
16221,Pkt Len Mean,t-8,-5.7220458984375e-06,benign
16221,Pkt Len Min,t-8,-2.4139881134033203e-05,benign
16221,Pkt Len Std,t-8,-8.481740951538086e-05,benign
16221,Pkt Len Var,t-8,2.384185791015625e-05,attack
16221,Pkt Size Avg,t-8,-6.020069122314453e-06,benign
16221,RST Flag Cnt,t-8,-1.633167266845703e-05,benign
16221,SYN Flag Cnt,t-8,3.808736801147461e-05,attack
16221,Subflow Bwd Byts,t-8,3.5762786865234375e-06,attack
16221,Subflow Bwd Pkts,t-8,-2.086162567138672e-06,benign
16221,Subflow Fwd Byts,t-8,3.516674041748047e-06,attack
16221,Subflow Fwd Pkts,t-8,-6.079673767089844e-06,benign
16221,Tot Bwd Pkts,t-8,-5.424022674560547e-06,benign
16221,Tot Fwd Pkts,t-8,2.1159648895263672e-05,attack
16221,TotLen Bwd Pkts,t-8,-1.9073486328125e-06,benign
16221,TotLen Fwd Pkts,t-8,0.0,neutral
16221,URG Flag Cnt,t-8,-7.56382942199707e-05,benign
16221,Protocol_0,t-8,-2.3245811462402344e-06,benign
16221,Protocol_6,t-8,1.5795230865478516e-05,attack
16221,Protocol_17,t-8,-4.76837158203125e-06,benign
16221,ACK Flag Cnt,t-7,-6.80088996887207e-05,benign
16221,Active Max,t-7,-1.7285346984863281e-06,benign
16221,Active Mean,t-7,2.7418136596679688e-06,attack
16221,Active Min,t-7,-1.233816146850586e-05,benign
16221,Active Std,t-7,1.8477439880371094e-06,attack
16221,Bwd Header Len,t-7,1.1920928955078125e-06,attack
16221,Bwd IAT Max,t-7,7.444620132446289e-05,attack
16221,Bwd IAT Mean,t-7,3.927946090698242e-05,attack
16221,Bwd IAT Min,t-7,3.7550926208496094e-06,attack
16221,Bwd IAT Std,t-7,9.393692016601562e-05,attack
16221,Bwd IAT Tot,t-7,-2.8789043426513672e-05,benign
16221,Bwd Pkt Len Max,t-7,-7.086992263793945e-05,benign
16221,Bwd Pkt Len Mean,t-7,-7.212162017822266e-06,benign
16221,Bwd Pkt Len Min,t-7,-8.088350296020508e-05,benign
16221,Bwd Pkt Len Std,t-7,-9.566545486450195e-05,benign
16221,Bwd Pkts/s,t-7,3.9696693420410156e-05,attack
16221,Bwd Seg Size Avg,t-7,5.602836608886719e-06,attack
16221,Down/Up Ratio,t-7,-3.910064697265625e-05,benign
16221,ECE Flag Cnt,t-7,5.602836608886719e-05,attack
16221,Flow Byts/s,t-7,-1.8596649169921875e-05,benign
16221,Flow Duration,t-7,-6.562471389770508e-05,benign
16221,Flow IAT Max,t-7,1.7344951629638672e-05,attack
16221,Flow IAT Mean,t-7,7.653236389160156e-05,attack
16221,Flow IAT Min,t-7,0.00017029047012329102,attack
16221,Flow IAT Std,t-7,2.1517276763916016e-05,attack
16221,Flow Pkts/s,t-7,1.6033649444580078e-05,attack
16221,Fwd Act Data Pkts,t-7,-7.033348083496094e-06,benign
16221,Fwd Header Len,t-7,-2.014636993408203e-05,benign
16221,Fwd IAT Max,t-7,9.495019912719727e-05,attack
16221,Fwd IAT Mean,t-7,0.00019210577011108398,attack
16221,Fwd IAT Min,t-7,0.00014352798461914062,attack
16221,Fwd IAT Std,t-7,-4.5359134674072266e-05,benign
16221,Fwd IAT Tot,t-7,-0.0001856684684753418,benign
16221,Fwd PSH Flags,t-7,6.699562072753906e-05,attack
16221,Fwd Pkt Len Max,t-7,8.165836334228516e-06,attack
16221,Fwd Pkt Len Mean,t-7,-0.00014823675155639648,benign
16221,Fwd Pkt Len Min,t-7,5.7816505432128906e-05,attack
16221,Fwd Pkt Len Std,t-7,-0.00013625621795654297,benign
16221,Fwd Pkts/s,t-7,-1.9490718841552734e-05,benign
16221,Fwd Seg Size Avg,t-7,-0.0001856684684753418,benign
16221,Fwd Seg Size Min,t-7,-0.00012129545211791992,benign
16221,Idle Max,t-7,2.658367156982422e-05,attack
16221,Idle Mean,t-7,3.0159950256347656e-05,attack
16221,Idle Min,t-7,3.409385681152344e-05,attack
16221,Idle Std,t-7,0.00011235475540161133,attack
16221,Init Bwd Win Byts,t-7,-4.863739013671875e-05,benign
16221,Init Fwd Win Byts,t-7,3.653764724731445e-05,attack
16221,PSH Flag Cnt,t-7,-1.1801719665527344e-05,benign
16221,Pkt Len Max,t-7,-8.940696716308594e-06,benign
16221,Pkt Len Mean,t-7,-1.5735626220703125e-05,benign
16221,Pkt Len Min,t-7,-3.6835670471191406e-05,benign
16221,Pkt Len Std,t-7,-0.00012612342834472656,benign
16221,Pkt Len Var,t-7,3.3855438232421875e-05,attack
16221,Pkt Size Avg,t-7,-2.390146255493164e-05,benign
16221,RST Flag Cnt,t-7,3.838539123535156e-05,attack
16221,SYN Flag Cnt,t-7,6.407499313354492e-05,attack
16221,Subflow Bwd Byts,t-7,6.020069122314453e-06,attack
16221,Subflow Bwd Pkts,t-7,-1.0728836059570312e-06,benign
16221,Subflow Fwd Byts,t-7,4.827976226806641e-06,attack
16221,Subflow Fwd Pkts,t-7,-1.6689300537109375e-06,benign
16221,Tot Bwd Pkts,t-7,-6.973743438720703e-06,benign
16221,Tot Fwd Pkts,t-7,3.4749507904052734e-05,attack
16221,TotLen Bwd Pkts,t-7,-2.562999725341797e-06,benign
16221,TotLen Fwd Pkts,t-7,8.344650268554688e-07,attack
16221,URG Flag Cnt,t-7,-6.23464584350586e-05,benign
16221,Protocol_0,t-7,-7.271766662597656e-06,benign
16221,Protocol_6,t-7,6.735324859619141e-06,attack
16221,Protocol_17,t-7,-1.9669532775878906e-06,benign
16221,ACK Flag Cnt,t-6,2.8848648071289062e-05,attack
16221,Active Max,t-6,3.7550926208496094e-06,attack
16221,Active Mean,t-6,1.71661376953125e-05,attack
16221,Active Min,t-6,-9.715557098388672e-06,benign
16221,Active Std,t-6,1.2636184692382812e-05,attack
16221,Bwd Header Len,t-6,2.9802322387695312e-06,attack
16221,Bwd IAT Max,t-6,0.0002180337905883789,attack
16221,Bwd IAT Mean,t-6,0.0001747608184814453,attack
16221,Bwd IAT Min,t-6,-7.927417755126953e-06,benign
16221,Bwd IAT Std,t-6,0.00022858381271362305,attack
16221,Bwd IAT Tot,t-6,0.0001221299171447754,attack
16221,Bwd Pkt Len Max,t-6,1.9550323486328125e-05,attack
16221,Bwd Pkt Len Mean,t-6,-2.6226043701171875e-06,benign
16221,Bwd Pkt Len Min,t-6,-8.243322372436523e-05,benign
16221,Bwd Pkt Len Std,t-6,-1.1324882507324219e-05,benign
16221,Bwd Pkts/s,t-6,3.653764724731445e-05,attack
16221,Bwd Seg Size Avg,t-6,7.867813110351562e-06,attack
16221,Down/Up Ratio,t-6,-0.0001417398452758789,benign
16221,ECE Flag Cnt,t-6,0.0002894401550292969,attack
16221,Flow Byts/s,t-6,-2.378225326538086e-05,benign
16221,Flow Duration,t-6,-3.921985626220703e-05,benign
16221,Flow IAT Max,t-6,1.0311603546142578e-05,attack
16221,Flow IAT Mean,t-6,7.909536361694336e-05,attack
16221,Flow IAT Min,t-6,0.0003311634063720703,attack
16221,Flow IAT Std,t-6,0.00012952089309692383,attack
16221,Flow Pkts/s,t-6,6.377696990966797e-06,attack
16221,Fwd Act Data Pkts,t-6,-1.424551010131836e-05,benign
16221,Fwd Header Len,t-6,-1.8358230590820312e-05,benign
16221,Fwd IAT Max,t-6,0.0002652406692504883,attack
16221,Fwd IAT Mean,t-6,0.00035190582275390625,attack
16221,Fwd IAT Min,t-6,0.00032579898834228516,attack
16221,Fwd IAT Std,t-6,-0.0001252293586730957,benign
16221,Fwd IAT Tot,t-6,-0.00029033422470092773,benign
16221,Fwd PSH Flags,t-6,5.5849552154541016e-05,attack
16221,Fwd Pkt Len Max,t-6,-2.8967857360839844e-05,benign
16221,Fwd Pkt Len Mean,t-6,-6.139278411865234e-05,benign
16221,Fwd Pkt Len Min,t-6,3.272294998168945e-05,attack
16221,Fwd Pkt Len Std,t-6,-7.480382919311523e-05,benign
16221,Fwd Pkts/s,t-6,-1.0848045349121094e-05,benign
16221,Fwd Seg Size Avg,t-6,-8.034706115722656e-05,benign
16221,Fwd Seg Size Min,t-6,-0.00013047456741333008,benign
16221,Idle Max,t-6,1.3828277587890625e-05,attack
16221,Idle Mean,t-6,4.8279762268066406e-05,attack
16221,Idle Min,t-6,8.273124694824219e-05,attack
16221,Idle Std,t-6,0.00040203332901000977,attack
16221,Init Bwd Win Byts,t-6,-7.092952728271484e-06,benign
16221,Init Fwd Win Byts,t-6,-0.0008842945098876953,benign
16221,PSH Flag Cnt,t-6,8.404254913330078e-06,attack
16221,Pkt Len Max,t-6,-1.3709068298339844e-06,benign
16221,Pkt Len Mean,t-6,-3.635883331298828e-06,benign
16221,Pkt Len Min,t-6,-5.3882598876953125e-05,benign
16221,Pkt Len Std,t-6,-7.909536361694336e-05,benign
16221,Pkt Len Var,t-6,4.26173210144043e-05,attack
16221,Pkt Size Avg,t-6,1.3709068298339844e-06,attack
16221,RST Flag Cnt,t-6,0.00024127960205078125,attack
16221,SYN Flag Cnt,t-6,3.7610530853271484e-05,attack
16221,Subflow Bwd Byts,t-6,8.881092071533203e-06,attack
16221,Subflow Bwd Pkts,t-6,2.7418136596679688e-06,attack
16221,Subflow Fwd Byts,t-6,6.258487701416016e-06,attack
16221,Subflow Fwd Pkts,t-6,1.3709068298339844e-05,attack
16221,Tot Bwd Pkts,t-6,-1.1265277862548828e-05,benign
16221,Tot Fwd Pkts,t-6,6.502866744995117e-05,attack
16221,TotLen Bwd Pkts,t-6,-1.9073486328125e-06,benign
16221,TotLen Fwd Pkts,t-6,2.1457672119140625e-06,attack
16221,URG Flag Cnt,t-6,-8.082389831542969e-05,benign
16221,Protocol_0,t-6,-3.2067298889160156e-05,benign
16221,Protocol_6,t-6,-3.1054019927978516e-05,benign
16221,Protocol_17,t-6,3.039836883544922e-06,attack
16221,ACK Flag Cnt,t-5,0.00016957521438598633,attack
16221,Active Max,t-5,4.64320182800293e-05,attack
16221,Active Mean,t-5,4.750490188598633e-05,attack
16221,Active Min,t-5,9.119510650634766e-05,attack
16221,Active Std,t-5,2.485513687133789e-05,attack
16221,Bwd Header Len,t-5,-1.627206802368164e-05,benign
16221,Bwd IAT Max,t-5,0.00017207860946655273,attack
16221,Bwd IAT Mean,t-5,0.000118255615234375,attack
16221,Bwd IAT Min,t-5,-0.0002346038818359375,benign
16221,Bwd IAT Std,t-5,-1.806020736694336e-05,benign
16221,Bwd IAT Tot,t-5,0.0002364516258239746,attack
16221,Bwd Pkt Len Max,t-5,0.00012999773025512695,attack
16221,Bwd Pkt Len Mean,t-5,-4.2378902435302734e-05,benign
16221,Bwd Pkt Len Min,t-5,7.987022399902344e-06,attack
16221,Bwd Pkt Len Std,t-5,-0.00010770559310913086,benign
16221,Bwd Pkts/s,t-5,4.589557647705078e-06,attack
16221,Bwd Seg Size Avg,t-5,-0.00024008750915527344,benign
16221,Down/Up Ratio,t-5,-0.0012322664260864258,benign
16221,ECE Flag Cnt,t-5,0.0004863739013671875,attack
16221,Flow Byts/s,t-5,-3.713369369506836e-05,benign
16221,Flow Duration,t-5,2.855062484741211e-05,attack
16221,Flow IAT Max,t-5,-6.777048110961914e-05,benign
16221,Flow IAT Mean,t-5,-0.00011032819747924805,benign
16221,Flow IAT Min,t-5,0.00026851892471313477,attack
16221,Flow IAT Std,t-5,0.00046330690383911133,attack
16221,Flow Pkts/s,t-5,-4.3392181396484375e-05,benign
16221,Fwd Act Data Pkts,t-5,-6.347894668579102e-05,benign
16221,Fwd Header Len,t-5,-9.85264778137207e-05,benign
16221,Fwd IAT Max,t-5,0.0002841949462890625,attack
16221,Fwd IAT Mean,t-5,0.0003746151924133301,attack
16221,Fwd IAT Min,t-5,0.0002205967903137207,attack
16221,Fwd IAT Std,t-5,-0.00019186735153198242,benign
16221,Fwd IAT Tot,t-5,-0.00031262636184692383,benign
16221,Fwd PSH Flags,t-5,9.5367431640625e-05,attack
16221,Fwd Pkt Len Max,t-5,-0.0001176595687866211,benign
16221,Fwd Pkt Len Mean,t-5,0.000244140625,attack
16221,Fwd Pkt Len Min,t-5,7.146596908569336e-05,attack
16221,Fwd Pkt Len Std,t-5,2.7835369110107422e-05,attack
16221,Fwd Pkts/s,t-5,-3.5822391510009766e-05,benign
16221,Fwd Seg Size Avg,t-5,0.0003413558006286621,attack
16221,Fwd Seg Size Min,t-5,-0.0002917647361755371,benign
16221,Idle Max,t-5,-0.00011444091796875,benign
16221,Idle Mean,t-5,-6.628036499023438e-05,benign
16221,Idle Min,t-5,-4.0531158447265625e-06,benign
16221,Idle Std,t-5,0.0005038976669311523,attack
16221,Init Bwd Win Byts,t-5,-0.00015747547149658203,benign
16221,Init Fwd Win Byts,t-5,0.00015223026275634766,attack
16221,PSH Flag Cnt,t-5,0.00010597705841064453,attack
16221,Pkt Len Max,t-5,-5.781650543212891e-06,benign
16221,Pkt Len Mean,t-5,-0.0002638101577758789,benign
16221,Pkt Len Min,t-5,-1.4185905456542969e-05,benign
16221,Pkt Len Std,t-5,0.0003204345703125,attack
16221,Pkt Len Var,t-5,-0.00015109777450561523,benign
16221,Pkt Size Avg,t-5,5.155801773071289e-05,attack
16221,RST Flag Cnt,t-5,0.000383913516998291,attack
16221,SYN Flag Cnt,t-5,0.0001296401023864746,attack
16221,Subflow Bwd Byts,t-5,-1.2755393981933594e-05,benign
16221,Subflow Bwd Pkts,t-5,-2.4437904357910156e-06,benign
16221,Subflow Fwd Byts,t-5,4.0531158447265625e-06,attack
16221,Subflow Fwd Pkts,t-5,1.329183578491211e-05,attack
16221,Tot Bwd Pkts,t-5,-3.6597251892089844e-05,benign
16221,Tot Fwd Pkts,t-5,8.618831634521484e-05,attack
16221,TotLen Bwd Pkts,t-5,-1.609325408935547e-05,benign
16221,TotLen Fwd Pkts,t-5,3.337860107421875e-06,attack
16221,URG Flag Cnt,t-5,-4.088878631591797e-05,benign
16221,Protocol_0,t-5,-3.266334533691406e-05,benign
16221,Protocol_6,t-5,-7.516145706176758e-05,benign
16221,Protocol_17,t-5,1.0132789611816406e-06,attack
16221,ACK Flag Cnt,t-4,-9.119510650634766e-05,benign
16221,Active Max,t-4,-2.8014183044433594e-06,benign
16221,Active Mean,t-4,-6.556510925292969e-07,benign
16221,Active Min,t-4,1.0609626770019531e-05,attack
16221,Active Std,t-4,1.6987323760986328e-05,attack
16221,Bwd Header Len,t-4,-1.9788742065429688e-05,benign
16221,Bwd IAT Max,t-4,-1.2576580047607422e-05,benign
16221,Bwd IAT Mean,t-4,1.150369644165039e-05,attack
16221,Bwd IAT Min,t-4,-1.1920928955078125e-07,benign
16221,Bwd IAT Std,t-4,2.586841583251953e-05,attack
16221,Bwd IAT Tot,t-4,-0.0002040266990661621,benign
16221,Bwd Pkt Len Max,t-4,-0.0003858208656311035,benign
16221,Bwd Pkt Len Mean,t-4,4.76837158203125e-07,attack
16221,Bwd Pkt Len Min,t-4,-0.00015670061111450195,benign
16221,Bwd Pkt Len Std,t-4,-6.920099258422852e-05,benign
16221,Bwd Pkts/s,t-4,7.534027099609375e-05,attack
16221,Bwd Seg Size Avg,t-4,1.7881393432617188e-07,attack
16221,Down/Up Ratio,t-4,-1.4126300811767578e-05,benign
16221,ECE Flag Cnt,t-4,0.00011032819747924805,attack
16221,Flow Byts/s,t-4,-4.9233436584472656e-05,benign
16221,Flow Duration,t-4,-9.995698928833008e-05,benign
16221,Flow IAT Max,t-4,5.054473876953125e-05,attack
16221,Flow IAT Mean,t-4,0.0002557039260864258,attack
16221,Flow IAT Min,t-4,0.0003529787063598633,attack
16221,Flow IAT Std,t-4,-3.635883331298828e-05,benign
16221,Flow Pkts/s,t-4,-7.510185241699219e-06,benign
16221,Fwd Act Data Pkts,t-4,-1.3589859008789062e-05,benign
16221,Fwd Header Len,t-4,-5.1856040954589844e-05,benign
16221,Fwd IAT Max,t-4,0.0003390312194824219,attack
16221,Fwd IAT Mean,t-4,0.0004898905754089355,attack
16221,Fwd IAT Min,t-4,0.0003648996353149414,attack
16221,Fwd IAT Std,t-4,-0.00014507770538330078,benign
16221,Fwd IAT Tot,t-4,-0.00030410289764404297,benign
16221,Fwd PSH Flags,t-4,5.9723854064941406e-05,attack
16221,Fwd Pkt Len Max,t-4,-0.00010704994201660156,benign
16221,Fwd Pkt Len Mean,t-4,-0.00011926889419555664,benign
16221,Fwd Pkt Len Min,t-4,-2.1457672119140625e-06,benign
16221,Fwd Pkt Len Std,t-4,-0.0003623366355895996,benign
16221,Fwd Pkts/s,t-4,2.9802322387695312e-06,attack
16221,Fwd Seg Size Avg,t-4,-0.00011241436004638672,benign
16221,Fwd Seg Size Min,t-4,-3.355741500854492e-05,benign
16221,Idle Max,t-4,0.00011086463928222656,attack
16221,Idle Mean,t-4,0.00022864341735839844,attack
16221,Idle Min,t-4,7.522106170654297e-05,attack
16221,Idle Std,t-4,8.64863395690918e-05,attack
16221,Init Bwd Win Byts,t-4,-4.494190216064453e-05,benign
16221,Init Fwd Win Byts,t-4,7.68899917602539e-05,attack
16221,PSH Flag Cnt,t-4,-8.285045623779297e-06,benign
16221,Pkt Len Max,t-4,-0.0001366138458251953,benign
16221,Pkt Len Mean,t-4,-5.960464477539062e-07,benign
16221,Pkt Len Min,t-4,-9.21487808227539e-05,benign
16221,Pkt Len Std,t-4,-0.00018286705017089844,benign
16221,Pkt Len Var,t-4,1.1324882507324219e-05,attack
16221,Pkt Size Avg,t-4,1.341104507446289e-05,attack
16221,RST Flag Cnt,t-4,5.054473876953125e-05,attack
16221,SYN Flag Cnt,t-4,6.252527236938477e-05,attack
16221,Subflow Bwd Byts,t-4,-8.463859558105469e-06,benign
16221,Subflow Bwd Pkts,t-4,-1.704692840576172e-05,benign
16221,Subflow Fwd Byts,t-4,5.245208740234375e-06,attack
16221,Subflow Fwd Pkts,t-4,-2.586841583251953e-05,benign
16221,Tot Bwd Pkts,t-4,-3.230571746826172e-05,benign
16221,Tot Fwd Pkts,t-4,4.857778549194336e-05,attack
16221,TotLen Bwd Pkts,t-4,-3.236532211303711e-05,benign
16221,TotLen Fwd Pkts,t-4,4.112720489501953e-06,attack
16221,URG Flag Cnt,t-4,-0.00015926361083984375,benign
16221,Protocol_0,t-4,-1.8537044525146484e-05,benign
16221,Protocol_6,t-4,-5.5670738220214844e-05,benign
16221,Protocol_17,t-4,-3.975629806518555e-05,benign
16221,ACK Flag Cnt,t-3,-7.539987564086914e-05,benign
16221,Active Max,t-3,-2.0265579223632812e-06,benign
16221,Active Mean,t-3,1.0788440704345703e-05,attack
16221,Active Min,t-3,-2.7477741241455078e-05,benign
16221,Active Std,t-3,7.712841033935547e-05,attack
16221,Bwd Header Len,t-3,-6.73532485961914e-05,benign
16221,Bwd IAT Max,t-3,7.510185241699219e-05,attack
16221,Bwd IAT Mean,t-3,0.00016516447067260742,attack
16221,Bwd IAT Min,t-3,-3.737211227416992e-05,benign
16221,Bwd IAT Std,t-3,5.936622619628906e-05,attack
16221,Bwd IAT Tot,t-3,-5.829334259033203e-05,benign
16221,Bwd Pkt Len Max,t-3,0.0006649494171142578,attack
16221,Bwd Pkt Len Mean,t-3,-0.000488579273223877,benign
16221,Bwd Pkt Len Min,t-3,0.0002728700637817383,attack
16221,Bwd Pkt Len Std,t-3,-0.00013595819473266602,benign
16221,Bwd Pkts/s,t-3,-6.61015510559082e-05,benign
16221,Bwd Seg Size Avg,t-3,-0.0006609559059143066,benign
16221,Down/Up Ratio,t-3,-0.0011906623840332031,benign
16221,ECE Flag Cnt,t-3,0.0008072853088378906,attack
16221,Flow Byts/s,t-3,-6.854534149169922e-06,benign
16221,Flow Duration,t-3,-2.8789043426513672e-05,benign
16221,Flow IAT Max,t-3,5.53131103515625e-05,attack
16221,Flow IAT Mean,t-3,0.0002339482307434082,attack
16221,Flow IAT Min,t-3,0.00043320655822753906,attack
16221,Flow IAT Std,t-3,0.00015163421630859375,attack
16221,Flow Pkts/s,t-3,-2.2590160369873047e-05,benign
16221,Fwd Act Data Pkts,t-3,-0.00010150671005249023,benign
16221,Fwd Header Len,t-3,-0.00018996000289916992,benign
16221,Fwd IAT Max,t-3,0.0006077289581298828,attack
16221,Fwd IAT Mean,t-3,0.000786900520324707,attack
16221,Fwd IAT Min,t-3,0.00040262937545776367,attack
16221,Fwd IAT Std,t-3,-0.0004311203956604004,benign
16221,Fwd IAT Tot,t-3,-0.00047647953033447266,benign
16221,Fwd PSH Flags,t-3,-0.00027757883071899414,benign
16221,Fwd Pkt Len Max,t-3,-2.6226043701171875e-05,benign
16221,Fwd Pkt Len Mean,t-3,0.0004482865333557129,attack
16221,Fwd Pkt Len Min,t-3,5.02467155456543e-05,attack
16221,Fwd Pkt Len Std,t-3,3.719329833984375e-05,attack
16221,Fwd Pkts/s,t-3,4.887580871582031e-06,attack
16221,Fwd Seg Size Avg,t-3,0.00032275915145874023,attack
16221,Fwd Seg Size Min,t-3,0.0003413558006286621,attack
16221,Idle Max,t-3,0.0001266002655029297,attack
16221,Idle Mean,t-3,0.00019037723541259766,attack
16221,Idle Min,t-3,0.00012564659118652344,attack
16221,Idle Std,t-3,4.941225051879883e-05,attack
16221,Init Bwd Win Byts,t-3,-0.0005286931991577148,benign
16221,Init Fwd Win Byts,t-3,0.0001423358917236328,attack
16221,PSH Flag Cnt,t-3,0.0001061558723449707,attack
16221,Pkt Len Max,t-3,4.2319297790527344e-05,attack
16221,Pkt Len Mean,t-3,-0.00016129016876220703,benign
16221,Pkt Len Min,t-3,0.0001131892204284668,attack
16221,Pkt Len Std,t-3,0.0001494884490966797,attack
16221,Pkt Len Var,t-3,-0.0004050731658935547,benign
16221,Pkt Size Avg,t-3,-5.97834587097168e-05,benign
16221,RST Flag Cnt,t-3,0.0005905032157897949,attack
16221,SYN Flag Cnt,t-3,-0.00023889541625976562,benign
16221,Subflow Bwd Byts,t-3,-3.218650817871094e-05,benign
16221,Subflow Bwd Pkts,t-3,-2.2709369659423828e-05,benign
16221,Subflow Fwd Byts,t-3,-1.2576580047607422e-05,benign
16221,Subflow Fwd Pkts,t-3,-1.609325408935547e-05,benign
16221,Tot Bwd Pkts,t-3,-6.717443466186523e-05,benign
16221,Tot Fwd Pkts,t-3,7.653236389160156e-05,attack
16221,TotLen Bwd Pkts,t-3,-5.120038986206055e-05,benign
16221,TotLen Fwd Pkts,t-3,-1.1324882507324219e-05,benign
16221,URG Flag Cnt,t-3,0.0005900263786315918,attack
16221,Protocol_0,t-3,-4.845857620239258e-05,benign
16221,Protocol_6,t-3,-0.00011903047561645508,benign
16221,Protocol_17,t-3,3.0994415283203125e-05,attack
16221,ACK Flag Cnt,t-2,-0.0008602738380432129,benign
16221,Active Max,t-2,-9.179115295410156e-06,benign
16221,Active Mean,t-2,-1.3709068298339844e-06,benign
16221,Active Min,t-2,-2.2172927856445312e-05,benign
16221,Active Std,t-2,5.799531936645508e-05,attack
16221,Bwd Header Len,t-2,-6.133317947387695e-05,benign
16221,Bwd IAT Max,t-2,-6.99758529663086e-05,benign
16221,Bwd IAT Mean,t-2,7.230043411254883e-05,attack
16221,Bwd IAT Min,t-2,-3.0994415283203125e-06,benign
16221,Bwd IAT Std,t-2,2.1338462829589844e-05,attack
16221,Bwd IAT Tot,t-2,-0.00031197071075439453,benign
16221,Bwd Pkt Len Max,t-2,0.00025641918182373047,attack
16221,Bwd Pkt Len Mean,t-2,-0.0004569888114929199,benign
16221,Bwd Pkt Len Min,t-2,0.0003885030746459961,attack
16221,Bwd Pkt Len Std,t-2,1.043081283569336e-05,attack
16221,Bwd Pkts/s,t-2,0.00014322996139526367,attack
16221,Bwd Seg Size Avg,t-2,-0.00021249055862426758,benign
16221,Down/Up Ratio,t-2,-0.00039249658584594727,benign
16221,ECE Flag Cnt,t-2,-0.00019407272338867188,benign
16221,Flow Byts/s,t-2,3.266334533691406e-05,attack
16221,Flow Duration,t-2,-0.0003255009651184082,benign
16221,Flow IAT Max,t-2,-6.133317947387695e-05,benign
16221,Flow IAT Mean,t-2,0.0003666877746582031,attack
16221,Flow IAT Min,t-2,0.0006173253059387207,attack
16221,Flow IAT Std,t-2,-0.00011897087097167969,benign
16221,Flow Pkts/s,t-2,4.1484832763671875e-05,attack
16221,Fwd Act Data Pkts,t-2,-6.186962127685547e-05,benign
16221,Fwd Header Len,t-2,-0.00011783838272094727,benign
16221,Fwd IAT Max,t-2,0.0008302927017211914,attack
16221,Fwd IAT Mean,t-2,0.001048266887664795,attack
16221,Fwd IAT Min,t-2,0.0006535649299621582,attack
16221,Fwd IAT Std,t-2,-0.00044989585876464844,benign
16221,Fwd IAT Tot,t-2,-0.0010102391242980957,benign
16221,Fwd PSH Flags,t-2,-0.0008143782615661621,benign
16221,Fwd Pkt Len Max,t-2,8.094310760498047e-05,attack
16221,Fwd Pkt Len Mean,t-2,0.0002824068069458008,attack
16221,Fwd Pkt Len Min,t-2,0.0004062652587890625,attack
16221,Fwd Pkt Len Std,t-2,0.00010609626770019531,attack
16221,Fwd Pkts/s,t-2,-4.118680953979492e-05,benign
16221,Fwd Seg Size Avg,t-2,0.00032216310501098633,attack
16221,Fwd Seg Size Min,t-2,0.00080108642578125,attack
16221,Idle Max,t-2,0.000186920166015625,attack
16221,Idle Mean,t-2,0.00035643577575683594,attack
16221,Idle Min,t-2,5.334615707397461e-05,attack
16221,Idle Std,t-2,4.571676254272461e-05,attack
16221,Init Bwd Win Byts,t-2,4.410743713378906e-06,attack
16221,Init Fwd Win Byts,t-2,0.0005469322204589844,attack
16221,PSH Flag Cnt,t-2,-7.331371307373047e-06,benign
16221,Pkt Len Max,t-2,0.00017815828323364258,attack
16221,Pkt Len Mean,t-2,2.092123031616211e-05,attack
16221,Pkt Len Min,t-2,0.00014096498489379883,attack
16221,Pkt Len Std,t-2,6.115436553955078e-05,attack
16221,Pkt Len Var,t-2,-0.0001537799835205078,benign
16221,Pkt Size Avg,t-2,-5.370378494262695e-05,benign
16221,RST Flag Cnt,t-2,-9.196996688842773e-05,benign
16221,SYN Flag Cnt,t-2,-2.1576881408691406e-05,benign
16221,Subflow Bwd Byts,t-2,-2.7835369110107422e-05,benign
16221,Subflow Bwd Pkts,t-2,-6.026029586791992e-05,benign
16221,Subflow Fwd Byts,t-2,-2.1755695343017578e-05,benign
16221,Subflow Fwd Pkts,t-2,-7.253885269165039e-05,benign
16221,Tot Bwd Pkts,t-2,-6.783008575439453e-05,benign
16221,Tot Fwd Pkts,t-2,3.2782554626464844e-06,attack
16221,TotLen Bwd Pkts,t-2,-5.805492401123047e-05,benign
16221,TotLen Fwd Pkts,t-2,-2.6345252990722656e-05,benign
16221,URG Flag Cnt,t-2,-0.00039637088775634766,benign
16221,Protocol_0,t-2,-7.677078247070312e-05,benign
16221,Protocol_6,t-2,-0.00027889013290405273,benign
16221,Protocol_17,t-2,1.1324882507324219e-05,attack
16221,ACK Flag Cnt,t-1,-0.0010532140731811523,benign
16221,Active Max,t-1,-4.5239925384521484e-05,benign
16221,Active Mean,t-1,-0.0001099705696105957,benign
16221,Active Min,t-1,-0.0005056262016296387,benign
16221,Active Std,t-1,-3.2961368560791016e-05,benign
16221,Bwd Header Len,t-1,-0.00016629695892333984,benign
16221,Bwd IAT Max,t-1,-0.0002683401107788086,benign
16221,Bwd IAT Mean,t-1,6.467103958129883e-05,attack
16221,Bwd IAT Min,t-1,-3.5822391510009766e-05,benign
16221,Bwd IAT Std,t-1,-0.00012296438217163086,benign
16221,Bwd IAT Tot,t-1,-0.0007545351982116699,benign
16221,Bwd Pkt Len Max,t-1,0.000961005687713623,attack
16221,Bwd Pkt Len Mean,t-1,-0.0009014606475830078,benign
16221,Bwd Pkt Len Min,t-1,0.0007036924362182617,attack
16221,Bwd Pkt Len Std,t-1,-0.00010764598846435547,benign
16221,Bwd Pkts/s,t-1,7.50422477722168e-05,attack
16221,Bwd Seg Size Avg,t-1,-0.0005636215209960938,benign
16221,Down/Up Ratio,t-1,-8.13603401184082e-05,benign
16221,ECE Flag Cnt,t-1,-7.206201553344727e-05,benign
16221,Flow Byts/s,t-1,-0.0007961392402648926,benign
16221,Flow Duration,t-1,0.00015050172805786133,attack
16221,Flow IAT Max,t-1,0.0001137852668762207,attack
16221,Flow IAT Mean,t-1,-4.1425228118896484e-05,benign
16221,Flow IAT Min,t-1,0.00022363662719726562,attack
16221,Flow IAT Std,t-1,0.0011062026023864746,attack
16221,Flow Pkts/s,t-1,-0.0002372264862060547,benign
16221,Fwd Act Data Pkts,t-1,-0.0001233220100402832,benign
16221,Fwd Header Len,t-1,-0.00030493736267089844,benign
16221,Fwd IAT Max,t-1,-0.00018298625946044922,benign
16221,Fwd IAT Mean,t-1,0.0001271963119506836,attack
16221,Fwd IAT Min,t-1,0.00031763315200805664,attack
16221,Fwd IAT Std,t-1,0.0004711747169494629,attack
16221,Fwd IAT Tot,t-1,9.107589721679688e-05,attack
16221,Fwd PSH Flags,t-1,-0.0004915595054626465,benign
16221,Fwd Pkt Len Max,t-1,0.0002358555793762207,attack
16221,Fwd Pkt Len Mean,t-1,-0.001074373722076416,benign
16221,Fwd Pkt Len Min,t-1,-0.0029204487800598145,benign
16221,Fwd Pkt Len Std,t-1,0.0005989670753479004,attack
16221,Fwd Pkts/s,t-1,-0.00024890899658203125,benign
16221,Fwd Seg Size Avg,t-1,-0.00047791004180908203,benign
16221,Fwd Seg Size Min,t-1,0.0005231499671936035,attack
16221,Idle Max,t-1,-2.7418136596679688e-05,benign
16221,Idle Mean,t-1,4.1425228118896484e-05,attack
16221,Idle Min,t-1,-0.00013321638107299805,benign
16221,Idle Std,t-1,0.0013826489448547363,attack
16221,Init Bwd Win Byts,t-1,-0.00028520822525024414,benign
16221,Init Fwd Win Byts,t-1,0.00043523311614990234,attack
16221,PSH Flag Cnt,t-1,-2.008676528930664e-05,benign
16221,Pkt Len Max,t-1,0.0003497600555419922,attack
16221,Pkt Len Mean,t-1,-2.378225326538086e-05,benign
16221,Pkt Len Min,t-1,0.0006665587425231934,attack
16221,Pkt Len Std,t-1,4.607439041137695e-05,attack
16221,Pkt Len Var,t-1,-0.00011545419692993164,benign
16221,Pkt Size Avg,t-1,0.000338137149810791,attack
16221,RST Flag Cnt,t-1,0.0001055598258972168,attack
16221,SYN Flag Cnt,t-1,0.0016973614692687988,attack
16221,Subflow Bwd Byts,t-1,-7.778406143188477e-05,benign
16221,Subflow Bwd Pkts,t-1,-0.00011056661605834961,benign
16221,Subflow Fwd Byts,t-1,2.562999725341797e-06,attack
16221,Subflow Fwd Pkts,t-1,-0.00022226572036743164,benign
16221,Tot Bwd Pkts,t-1,-0.00018614530563354492,benign
16221,Tot Fwd Pkts,t-1,9.119510650634766e-06,attack
16221,TotLen Bwd Pkts,t-1,-0.00012236833572387695,benign
16221,TotLen Fwd Pkts,t-1,4.351139068603516e-06,attack
16221,URG Flag Cnt,t-1,0.00044989585876464844,attack
16221,Protocol_0,t-1,-0.00011491775512695312,benign
16221,Protocol_6,t-1,-0.00011944770812988281,benign
16221,Protocol_17,t-1,-4.51207160949707e-05,benign
16221,ACK Flag Cnt,t,0.00023108720779418945,attack
16221,Active Max,t,7.420778274536133e-05,attack
16221,Active Mean,t,6.902217864990234e-05,attack
16221,Active Min,t,3.4809112548828125e-05,attack
16221,Active Std,t,-0.0001575946807861328,benign
16221,Bwd Header Len,t,-0.00012189149856567383,benign
16221,Bwd IAT Max,t,-0.00018990039825439453,benign
16221,Bwd IAT Mean,t,-1.4781951904296875e-05,benign
16221,Bwd IAT Min,t,-8.863210678100586e-05,benign
16221,Bwd IAT Std,t,-6.848573684692383e-05,benign
16221,Bwd IAT Tot,t,-0.0008485317230224609,benign
16221,Bwd Pkt Len Max,t,-0.0007532238960266113,benign
16221,Bwd Pkt Len Mean,t,0.0009434819221496582,attack
16221,Bwd Pkt Len Min,t,-0.0012783408164978027,benign
16221,Bwd Pkt Len Std,t,0.001094222068786621,attack
16221,Bwd Pkts/s,t,0.00011426210403442383,attack
16221,Bwd Seg Size Avg,t,0.00017851591110229492,attack
16221,Down/Up Ratio,t,0.0001448988914489746,attack
16221,ECE Flag Cnt,t,0.0004113912582397461,attack
16221,Flow Byts/s,t,0.00023514032363891602,attack
16221,Flow Duration,t,-3.635883331298828e-06,benign
16221,Flow IAT Max,t,8.678436279296875e-05,attack
16221,Flow IAT Mean,t,-4.83393669128418e-05,benign
16221,Flow IAT Min,t,-6.532669067382812e-05,benign
16221,Flow IAT Std,t,-0.0005909204483032227,benign
16221,Flow Pkts/s,t,0.0004410743713378906,attack
16221,Fwd Act Data Pkts,t,-9.351968765258789e-05,benign
16221,Fwd Header Len,t,-0.00018978118896484375,benign
16221,Fwd IAT Max,t,-5.549192428588867e-05,benign
16221,Fwd IAT Mean,t,-0.00016170740127563477,benign
16221,Fwd IAT Min,t,1.5139579772949219e-05,attack
16221,Fwd IAT Std,t,0.0006670355796813965,attack
16221,Fwd IAT Tot,t,1.1920928955078125e-07,attack
16221,Fwd PSH Flags,t,0.0002536177635192871,attack
16221,Fwd Pkt Len Max,t,-3.844499588012695e-05,benign
16221,Fwd Pkt Len Mean,t,0.00028073787689208984,attack
16221,Fwd Pkt Len Min,t,0.00034368038177490234,attack
16221,Fwd Pkt Len Std,t,-0.0002600550651550293,benign
16221,Fwd Pkts/s,t,-0.0008750557899475098,benign
16221,Fwd Seg Size Avg,t,0.000246584415435791,attack
16221,Fwd Seg Size Min,t,9.518861770629883e-05,attack
16221,Idle Max,t,3.403425216674805e-05,attack
16221,Idle Mean,t,4.488229751586914e-05,attack
16221,Idle Min,t,7.623434066772461e-05,attack
16221,Idle Std,t,-9.036064147949219e-05,benign
16221,Init Bwd Win Byts,t,0.00022339820861816406,attack
16221,Init Fwd Win Byts,t,-0.00020313262939453125,benign
16221,PSH Flag Cnt,t,2.8073787689208984e-05,attack
16221,Pkt Len Max,t,-0.0010160207748413086,benign
16221,Pkt Len Mean,t,4.208087921142578e-05,attack
16221,Pkt Len Min,t,-0.0004038810729980469,benign
16221,Pkt Len Std,t,-0.00024241209030151367,benign
16221,Pkt Len Var,t,0.0011733770370483398,attack
16221,Pkt Size Avg,t,7.033348083496094e-06,attack
16221,RST Flag Cnt,t,0.0006756782531738281,attack
16221,SYN Flag Cnt,t,0.00032073259353637695,attack
16221,Subflow Bwd Byts,t,-0.00012373924255371094,benign
16221,Subflow Bwd Pkts,t,-8.279085159301758e-05,benign
16221,Subflow Fwd Byts,t,-3.844499588012695e-05,benign
16221,Subflow Fwd Pkts,t,-0.0002512931823730469,benign
16221,Tot Bwd Pkts,t,-9.393692016601562e-05,benign
16221,Tot Fwd Pkts,t,-5.120038986206055e-05,benign
16221,TotLen Bwd Pkts,t,-0.00010067224502563477,benign
16221,TotLen Fwd Pkts,t,-4.89354133605957e-05,benign
16221,URG Flag Cnt,t,-0.00047081708908081055,benign
16221,Protocol_0,t,-2.2649765014648438e-06,benign
16221,Protocol_6,t,-9.429454803466797e-05,benign
16221,Protocol_17,t,-0.0005192160606384277,benign
16404,ACK Flag Cnt,t-9,-8.752942085266113e-05,benign
16404,Active Max,t-9,7.152557373046875e-06,attack
16404,Active Mean,t-9,2.0444393157958984e-05,attack
16404,Active Min,t-9,1.2367963790893555e-05,attack
16404,Active Std,t-9,2.086162567138672e-06,attack
16404,Bwd Header Len,t-9,4.023313522338867e-06,attack
16404,Bwd IAT Max,t-9,3.5315752029418945e-05,attack
16404,Bwd IAT Mean,t-9,8.940696716308594e-06,attack
16404,Bwd IAT Min,t-9,1.043081283569336e-06,attack
16404,Bwd IAT Std,t-9,4.914402961730957e-05,attack
16404,Bwd IAT Tot,t-9,-6.172060966491699e-05,benign
16404,Bwd Pkt Len Max,t-9,-0.00011131167411804199,benign
16404,Bwd Pkt Len Mean,t-9,3.248453140258789e-06,attack
16404,Bwd Pkt Len Min,t-9,-0.00013706088066101074,benign
16404,Bwd Pkt Len Std,t-9,-0.00015559792518615723,benign
16404,Bwd Pkts/s,t-9,-1.430511474609375e-05,benign
16404,Bwd Seg Size Avg,t-9,-2.3931264877319336e-05,benign
16404,Down/Up Ratio,t-9,5.0187110900878906e-05,attack
16404,ECE Flag Cnt,t-9,3.287196159362793e-05,attack
16404,Flow Byts/s,t-9,1.3768672943115234e-05,attack
16404,Flow Duration,t-9,3.4868717193603516e-05,attack
16404,Flow IAT Max,t-9,-9.658932685852051e-05,benign
16404,Flow IAT Mean,t-9,-0.00018450617790222168,benign
16404,Flow IAT Min,t-9,-0.00011745095252990723,benign
16404,Flow IAT Std,t-9,5.507469177246094e-05,attack
16404,Flow Pkts/s,t-9,3.916025161743164e-05,attack
16404,Fwd Act Data Pkts,t-9,1.9073486328125e-06,attack
16404,Fwd Header Len,t-9,6.794929504394531e-06,attack
16404,Fwd IAT Max,t-9,-0.00015670061111450195,benign
16404,Fwd IAT Mean,t-9,-0.0001285076141357422,benign
16404,Fwd IAT Min,t-9,-0.00015088915824890137,benign
16404,Fwd IAT Std,t-9,9.492039680480957e-05,attack
16404,Fwd IAT Tot,t-9,-4.801154136657715e-05,benign
16404,Fwd PSH Flags,t-9,4.312396049499512e-05,attack
16404,Fwd Pkt Len Max,t-9,2.86102294921875e-06,attack
16404,Fwd Pkt Len Mean,t-9,-3.173947334289551e-05,benign
16404,Fwd Pkt Len Min,t-9,6.008148193359375e-05,attack
16404,Fwd Pkt Len Std,t-9,-1.7195940017700195e-05,benign
16404,Fwd Pkts/s,t-9,-1.5795230865478516e-05,benign
16404,Fwd Seg Size Avg,t-9,-4.416704177856445e-05,benign
16404,Fwd Seg Size Min,t-9,0.0001423358917236328,attack
16404,Idle Max,t-9,-0.00024148821830749512,benign
16404,Idle Mean,t-9,-0.0001448988914489746,benign
16404,Idle Min,t-9,-0.00020498037338256836,benign
16404,Idle Std,t-9,5.53131103515625e-05,attack
16404,Init Bwd Win Byts,t-9,-0.00018218159675598145,benign
16404,Init Fwd Win Byts,t-9,-4.172325134277344e-05,benign
16404,PSH Flag Cnt,t-9,1.4454126358032227e-05,attack
16404,Pkt Len Max,t-9,3.8057565689086914e-05,attack
16404,Pkt Len Mean,t-9,6.401538848876953e-05,attack
16404,Pkt Len Min,t-9,6.22868537902832e-06,attack
16404,Pkt Len Std,t-9,2.625584602355957e-05,attack
16404,Pkt Len Var,t-9,7.215142250061035e-05,attack
16404,Pkt Size Avg,t-9,1.2814998626708984e-06,attack
16404,RST Flag Cnt,t-9,2.1845102310180664e-05,attack
16404,SYN Flag Cnt,t-9,9.649991989135742e-05,attack
16404,Subflow Bwd Byts,t-9,8.314847946166992e-06,attack
16404,Subflow Bwd Pkts,t-9,6.288290023803711e-06,attack
16404,Subflow Fwd Byts,t-9,-8.046627044677734e-07,benign
16404,Subflow Fwd Pkts,t-9,6.854534149169922e-06,attack
16404,Tot Bwd Pkts,t-9,-1.1026859283447266e-06,benign
16404,Tot Fwd Pkts,t-9,6.377696990966797e-06,attack
16404,TotLen Bwd Pkts,t-9,6.16908073425293e-06,attack
16404,TotLen Fwd Pkts,t-9,-2.6226043701171875e-06,benign
16404,URG Flag Cnt,t-9,0.00013530254364013672,attack
16404,Protocol_0,t-9,2.2530555725097656e-05,attack
16404,Protocol_6,t-9,-4.985928535461426e-05,benign
16404,Protocol_17,t-9,4.583597183227539e-05,attack
16404,ACK Flag Cnt,t-8,-0.00025847554206848145,benign
16404,Active Max,t-8,1.138448715209961e-05,attack
16404,Active Mean,t-8,2.136826515197754e-05,attack
16404,Active Min,t-8,5.930662155151367e-06,attack
16404,Active Std,t-8,2.2202730178833008e-05,attack
16404,Bwd Header Len,t-8,1.0579824447631836e-05,attack
16404,Bwd IAT Max,t-8,5.728006362915039e-05,attack
16404,Bwd IAT Mean,t-8,-2.9206275939941406e-06,benign
16404,Bwd IAT Min,t-8,-9.119510650634766e-06,benign
16404,Bwd IAT Std,t-8,8.33272933959961e-05,attack
16404,Bwd IAT Tot,t-8,-3.871321678161621e-05,benign
16404,Bwd Pkt Len Max,t-8,-0.00011089444160461426,benign
16404,Bwd Pkt Len Mean,t-8,-3.9637088775634766e-06,benign
16404,Bwd Pkt Len Min,t-8,-0.00011041760444641113,benign
16404,Bwd Pkt Len Std,t-8,-0.00019463896751403809,benign
16404,Bwd Pkts/s,t-8,-6.854534149169922e-06,benign
16404,Bwd Seg Size Avg,t-8,-1.0341405868530273e-05,benign
16404,Down/Up Ratio,t-8,0.0002640187740325928,attack
16404,ECE Flag Cnt,t-8,0.00011602044105529785,attack
16404,Flow Byts/s,t-8,5.2303075790405273e-05,attack
16404,Flow Duration,t-8,6.645917892456055e-05,attack
16404,Flow IAT Max,t-8,-0.00014206767082214355,benign
16404,Flow IAT Mean,t-8,-0.0002186894416809082,benign
16404,Flow IAT Min,t-8,-0.00013834238052368164,benign
16404,Flow IAT Std,t-8,6.774067878723145e-05,attack
16404,Flow Pkts/s,t-8,6.529688835144043e-05,attack
16404,Fwd Act Data Pkts,t-8,-6.109476089477539e-06,benign
16404,Fwd Header Len,t-8,1.2189149856567383e-05,attack
16404,Fwd IAT Max,t-8,-0.00018274784088134766,benign
16404,Fwd IAT Mean,t-8,-0.00015670061111450195,benign
16404,Fwd IAT Min,t-8,-0.00015044212341308594,benign
16404,Fwd IAT Std,t-8,0.0001023709774017334,attack
16404,Fwd IAT Tot,t-8,-7.078051567077637e-05,benign
16404,Fwd PSH Flags,t-8,-6.377696990966797e-06,benign
16404,Fwd Pkt Len Max,t-8,1.2487173080444336e-05,attack
16404,Fwd Pkt Len Mean,t-8,-1.1563301086425781e-05,benign
16404,Fwd Pkt Len Min,t-8,0.00010213255882263184,attack
16404,Fwd Pkt Len Std,t-8,-3.37064266204834e-05,benign
16404,Fwd Pkts/s,t-8,-2.4646520614624023e-05,benign
16404,Fwd Seg Size Avg,t-8,-1.9997358322143555e-05,benign
16404,Fwd Seg Size Min,t-8,0.00014069676399230957,attack
16404,Idle Max,t-8,-0.0002853572368621826,benign
16404,Idle Mean,t-8,-0.000130385160446167,benign
16404,Idle Min,t-8,-0.00024569034576416016,benign
16404,Idle Std,t-8,6.517767906188965e-05,attack
16404,Init Bwd Win Byts,t-8,-0.00015437602996826172,benign
16404,Init Fwd Win Byts,t-8,6.890296936035156e-05,attack
16404,PSH Flag Cnt,t-8,6.973743438720703e-06,attack
16404,Pkt Len Max,t-8,-1.8417835235595703e-05,benign
16404,Pkt Len Mean,t-8,1.0341405868530273e-05,attack
16404,Pkt Len Min,t-8,5.036592483520508e-05,attack
16404,Pkt Len Std,t-8,-3.394484519958496e-05,benign
16404,Pkt Len Var,t-8,3.6150217056274414e-05,attack
16404,Pkt Size Avg,t-8,2.086162567138672e-06,attack
16404,RST Flag Cnt,t-8,7.861852645874023e-05,attack
16404,SYN Flag Cnt,t-8,8.437037467956543e-05,attack
16404,Subflow Bwd Byts,t-8,1.5109777450561523e-05,attack
16404,Subflow Bwd Pkts,t-8,1.8596649169921875e-05,attack
16404,Subflow Fwd Byts,t-8,-4.589557647705078e-06,benign
16404,Subflow Fwd Pkts,t-8,2.7179718017578125e-05,attack
16404,Tot Bwd Pkts,t-8,-2.682209014892578e-06,benign
16404,Tot Fwd Pkts,t-8,1.4424324035644531e-05,attack
16404,TotLen Bwd Pkts,t-8,9.059906005859375e-06,attack
16404,TotLen Fwd Pkts,t-8,-4.470348358154297e-06,benign
16404,URG Flag Cnt,t-8,0.00017264485359191895,attack
16404,Protocol_0,t-8,3.078579902648926e-05,attack
16404,Protocol_6,t-8,-7.873773574829102e-05,benign
16404,Protocol_17,t-8,7.599592208862305e-05,attack
16404,ACK Flag Cnt,t-7,-0.00046634674072265625,benign
16404,Active Max,t-7,3.078579902648926e-05,attack
16404,Active Mean,t-7,2.759695053100586e-05,attack
16404,Active Min,t-7,8.612871170043945e-06,attack
16404,Active Std,t-7,3.775954246520996e-05,attack
16404,Bwd Header Len,t-7,1.3023614883422852e-05,attack
16404,Bwd IAT Max,t-7,3.886222839355469e-05,attack
16404,Bwd IAT Mean,t-7,7.3909759521484375e-06,attack
16404,Bwd IAT Min,t-7,-1.800060272216797e-05,benign
16404,Bwd IAT Std,t-7,2.8520822525024414e-05,attack
16404,Bwd IAT Tot,t-7,-1.749396324157715e-05,benign
16404,Bwd Pkt Len Max,t-7,-0.00015339255332946777,benign
16404,Bwd Pkt Len Mean,t-7,1.4930963516235352e-05,attack
16404,Bwd Pkt Len Min,t-7,-5.5730342864990234e-06,benign
16404,Bwd Pkt Len Std,t-7,-0.00013333559036254883,benign
16404,Bwd Pkts/s,t-7,-2.580881118774414e-05,benign
16404,Bwd Seg Size Avg,t-7,-5.370378494262695e-05,benign
16404,Down/Up Ratio,t-7,4.178285598754883e-05,attack
16404,ECE Flag Cnt,t-7,4.4852495193481445e-05,attack
16404,Flow Byts/s,t-7,3.37064266204834e-05,attack
16404,Flow Duration,t-7,2.7954578399658203e-05,attack
16404,Flow IAT Max,t-7,-5.272030830383301e-05,benign
16404,Flow IAT Mean,t-7,-0.0001456737518310547,benign
16404,Flow IAT Min,t-7,-8.055567741394043e-05,benign
16404,Flow IAT Std,t-7,8.249282836914062e-05,attack
16404,Flow Pkts/s,t-7,9.295344352722168e-05,attack
16404,Fwd Act Data Pkts,t-7,1.0579824447631836e-05,attack
16404,Fwd Header Len,t-7,3.603100776672363e-05,attack
16404,Fwd IAT Max,t-7,-0.00014892220497131348,benign
16404,Fwd IAT Mean,t-7,-0.00010398030281066895,benign
16404,Fwd IAT Min,t-7,-8.410215377807617e-05,benign
16404,Fwd IAT Std,t-7,0.0001323223114013672,attack
16404,Fwd IAT Tot,t-7,-3.0219554901123047e-05,benign
16404,Fwd PSH Flags,t-7,-0.00011298060417175293,benign
16404,Fwd Pkt Len Max,t-7,0.00012862682342529297,attack
16404,Fwd Pkt Len Mean,t-7,-7.212162017822266e-06,benign
16404,Fwd Pkt Len Min,t-7,5.409121513366699e-05,attack
16404,Fwd Pkt Len Std,t-7,-0.00015491247177124023,benign
16404,Fwd Pkts/s,t-7,-1.8835067749023438e-05,benign
16404,Fwd Seg Size Avg,t-7,-5.2303075790405273e-05,benign
16404,Fwd Seg Size Min,t-7,2.3126602172851562e-05,attack
16404,Idle Max,t-7,-0.0002504587173461914,benign
16404,Idle Mean,t-7,-7.981061935424805e-05,benign
16404,Idle Min,t-7,-0.00021898746490478516,benign
16404,Idle Std,t-7,6.368756294250488e-05,attack
16404,Init Bwd Win Byts,t-7,-0.0002002120018005371,benign
16404,Init Fwd Win Byts,t-7,-4.082918167114258e-06,benign
16404,PSH Flag Cnt,t-7,7.271766662597656e-06,attack
16404,Pkt Len Max,t-7,0.00011235475540161133,attack
16404,Pkt Len Mean,t-7,0.00024765729904174805,attack
16404,Pkt Len Min,t-7,2.3812055587768555e-05,attack
16404,Pkt Len Std,t-7,-6.893277168273926e-05,benign
16404,Pkt Len Var,t-7,0.00019654631614685059,attack
16404,Pkt Size Avg,t-7,-4.380941390991211e-05,benign
16404,RST Flag Cnt,t-7,2.8342008590698242e-05,attack
16404,SYN Flag Cnt,t-7,-2.288818359375e-05,benign
16404,Subflow Bwd Byts,t-7,2.1219253540039062e-05,attack
16404,Subflow Bwd Pkts,t-7,2.136826515197754e-05,attack
16404,Subflow Fwd Byts,t-7,-1.2814998626708984e-06,benign
16404,Subflow Fwd Pkts,t-7,3.8683414459228516e-05,attack
16404,Tot Bwd Pkts,t-7,5.0067901611328125e-06,attack
16404,Tot Fwd Pkts,t-7,4.6193599700927734e-05,attack
16404,TotLen Bwd Pkts,t-7,1.8596649169921875e-05,attack
16404,TotLen Fwd Pkts,t-7,2.384185791015625e-07,attack
16404,URG Flag Cnt,t-7,0.0001398921012878418,attack
16404,Protocol_0,t-7,2.1904706954956055e-05,attack
16404,Protocol_6,t-7,-1.9878149032592773e-05,benign
16404,Protocol_17,t-7,1.0758638381958008e-05,attack
16404,ACK Flag Cnt,t-6,-8.869171142578125e-05,benign
16404,Active Max,t-6,-0.0004998445510864258,benign
16404,Active Mean,t-6,-0.0002192854881286621,benign
16404,Active Min,t-6,-2.41696834564209e-05,benign
16404,Active Std,t-6,-0.00020188093185424805,benign
16404,Bwd Header Len,t-6,1.755356788635254e-05,attack
16404,Bwd IAT Max,t-6,-0.0003033876419067383,benign
16404,Bwd IAT Mean,t-6,0.0007335841655731201,attack
16404,Bwd IAT Min,t-6,1.0460615158081055e-05,attack
16404,Bwd IAT Std,t-6,-0.0017032027244567871,benign
16404,Bwd IAT Tot,t-6,0.0005320906639099121,attack
16404,Bwd Pkt Len Max,t-6,1.8656253814697266e-05,attack
16404,Bwd Pkt Len Mean,t-6,5.5730342864990234e-06,attack
16404,Bwd Pkt Len Min,t-6,0.00022709369659423828,attack
16404,Bwd Pkt Len Std,t-6,2.3245811462402344e-05,attack
16404,Bwd Pkts/s,t-6,-1.901388168334961e-05,benign
16404,Bwd Seg Size Avg,t-6,0.00010225176811218262,attack
16404,Down/Up Ratio,t-6,0.0002790987491607666,attack
16404,ECE Flag Cnt,t-6,0.000186920166015625,attack
16404,Flow Byts/s,t-6,-1.7911195755004883e-05,benign
16404,Flow Duration,t-6,-0.001985311508178711,benign
16404,Flow IAT Max,t-6,-4.3004751205444336e-05,benign
16404,Flow IAT Mean,t-6,-2.962350845336914e-05,benign
16404,Flow IAT Min,t-6,1.1146068572998047e-05,attack
16404,Flow IAT Std,t-6,-0.00012299418449401855,benign
16404,Flow Pkts/s,t-6,7.429718971252441e-05,attack
16404,Fwd Act Data Pkts,t-6,-2.9414892196655273e-05,benign
16404,Fwd Header Len,t-6,3.2782554626464844e-05,attack
16404,Fwd IAT Max,t-6,-0.0008716583251953125,benign
16404,Fwd IAT Mean,t-6,-9.903311729431152e-05,benign
16404,Fwd IAT Min,t-6,5.328655242919922e-05,attack
16404,Fwd IAT Std,t-6,-0.000904768705368042,benign
16404,Fwd IAT Tot,t-6,0.00011524558067321777,attack
16404,Fwd PSH Flags,t-6,0.00022304058074951172,attack
16404,Fwd Pkt Len Max,t-6,-4.184246063232422e-05,benign
16404,Fwd Pkt Len Mean,t-6,1.1205673217773438e-05,attack
16404,Fwd Pkt Len Min,t-6,0.00012299418449401855,attack
16404,Fwd Pkt Len Std,t-6,1.5795230865478516e-05,attack
16404,Fwd Pkts/s,t-6,-6.207823753356934e-05,benign
16404,Fwd Seg Size Avg,t-6,-2.5093555450439453e-05,benign
16404,Fwd Seg Size Min,t-6,-0.0002897679805755615,benign
16404,Idle Max,t-6,0.0004108250141143799,attack
16404,Idle Mean,t-6,-0.0002561509609222412,benign
16404,Idle Min,t-6,-1.4871358871459961e-05,benign
16404,Idle Std,t-6,0.00026807188987731934,attack
16404,Init Bwd Win Byts,t-6,7.075071334838867e-05,attack
16404,Init Fwd Win Byts,t-6,0.00028258562088012695,attack
16404,PSH Flag Cnt,t-6,5.599856376647949e-05,attack
16404,Pkt Len Max,t-6,-0.00019845366477966309,benign
16404,Pkt Len Mean,t-6,-1.7017126083374023e-05,benign
16404,Pkt Len Min,t-6,8.100271224975586e-05,attack
16404,Pkt Len Std,t-6,5.048513412475586e-05,attack
16404,Pkt Len Var,t-6,8.890032768249512e-05,attack
16404,Pkt Size Avg,t-6,7.423758506774902e-05,attack
16404,RST Flag Cnt,t-6,0.00014835596084594727,attack
16404,SYN Flag Cnt,t-6,0.00011247396469116211,attack
16404,Subflow Bwd Byts,t-6,8.940696716308594e-06,attack
16404,Subflow Bwd Pkts,t-6,1.2099742889404297e-05,attack
16404,Subflow Fwd Byts,t-6,-2.1457672119140625e-06,benign
16404,Subflow Fwd Pkts,t-6,2.205371856689453e-06,attack
16404,Tot Bwd Pkts,t-6,-1.8477439880371094e-05,benign
16404,Tot Fwd Pkts,t-6,2.5451183319091797e-05,attack
16404,TotLen Bwd Pkts,t-6,4.470348358154297e-06,attack
16404,TotLen Fwd Pkts,t-6,-1.1146068572998047e-05,benign
16404,URG Flag Cnt,t-6,0.0001283884048461914,attack
16404,Protocol_0,t-6,-0.00015297532081604004,benign
16404,Protocol_6,t-6,2.911686897277832e-05,attack
16404,Protocol_17,t-6,0.00010851025581359863,attack
16404,ACK Flag Cnt,t-5,-0.0002149641513824463,benign
16404,Active Max,t-5,4.172325134277344e-06,attack
16404,Active Mean,t-5,7.104873657226562e-05,attack
16404,Active Min,t-5,-2.1964311599731445e-05,benign
16404,Active Std,t-5,7.832050323486328e-05,attack
16404,Bwd Header Len,t-5,-3.0100345611572266e-06,benign
16404,Bwd IAT Max,t-5,-0.00010153651237487793,benign
16404,Bwd IAT Mean,t-5,-6.4849853515625e-05,benign
16404,Bwd IAT Min,t-5,-8.016824722290039e-06,benign
16404,Bwd IAT Std,t-5,3.892183303833008e-05,attack
16404,Bwd IAT Tot,t-5,-6.148219108581543e-05,benign
16404,Bwd Pkt Len Max,t-5,-5.3942203521728516e-06,benign
16404,Bwd Pkt Len Mean,t-5,-2.8252601623535156e-05,benign
16404,Bwd Pkt Len Min,t-5,5.7697296142578125e-05,attack
16404,Bwd Pkt Len Std,t-5,-0.00018975138664245605,benign
16404,Bwd Pkts/s,t-5,-8.723139762878418e-05,benign
16404,Bwd Seg Size Avg,t-5,7.092952728271484e-06,attack
16404,Down/Up Ratio,t-5,9.34302806854248e-05,attack
16404,ECE Flag Cnt,t-5,0.00013941526412963867,attack
16404,Flow Byts/s,t-5,-7.066130638122559e-05,benign
16404,Flow Duration,t-5,-0.0007772147655487061,benign
16404,Flow IAT Max,t-5,-0.0005485117435455322,benign
16404,Flow IAT Mean,t-5,-0.000824660062789917,benign
16404,Flow IAT Min,t-5,-0.0007383823394775391,benign
16404,Flow IAT Std,t-5,-6.300210952758789e-05,benign
16404,Flow Pkts/s,t-5,-4.684925079345703e-05,benign
16404,Fwd Act Data Pkts,t-5,-6.377696990966797e-06,benign
16404,Fwd Header Len,t-5,2.16066837310791e-05,attack
16404,Fwd IAT Max,t-5,-4.7534704208374023e-05,benign
16404,Fwd IAT Mean,t-5,-0.001055002212524414,benign
16404,Fwd IAT Min,t-5,-0.0014736056327819824,benign
16404,Fwd IAT Std,t-5,9.655952453613281e-05,attack
16404,Fwd IAT Tot,t-5,-1.7583370208740234e-06,benign
16404,Fwd PSH Flags,t-5,-0.00016126036643981934,benign
16404,Fwd Pkt Len Max,t-5,-0.0001614689826965332,benign
16404,Fwd Pkt Len Mean,t-5,-9.927153587341309e-05,benign
16404,Fwd Pkt Len Min,t-5,3.567337989807129e-05,attack
16404,Fwd Pkt Len Std,t-5,0.0002129971981048584,attack
16404,Fwd Pkts/s,t-5,-0.00013455748558044434,benign
16404,Fwd Seg Size Avg,t-5,-0.00017729401588439941,benign
16404,Fwd Seg Size Min,t-5,-0.0003514587879180908,benign
16404,Idle Max,t-5,-5.143880844116211e-05,benign
16404,Idle Mean,t-5,-0.0006799995899200439,benign
16404,Idle Min,t-5,-0.00022533535957336426,benign
16404,Idle Std,t-5,-0.00015437602996826172,benign
16404,Init Bwd Win Byts,t-5,-0.0001933574676513672,benign
16404,Init Fwd Win Byts,t-5,9.742379188537598e-05,attack
16404,PSH Flag Cnt,t-5,5.6356191635131836e-05,attack
16404,Pkt Len Max,t-5,0.0004138350486755371,attack
16404,Pkt Len Mean,t-5,5.1468610763549805e-05,attack
16404,Pkt Len Min,t-5,6.413459777832031e-05,attack
16404,Pkt Len Std,t-5,-0.00010311603546142578,benign
16404,Pkt Len Var,t-5,0.00015497207641601562,attack
16404,Pkt Size Avg,t-5,8.374452590942383e-06,attack
16404,RST Flag Cnt,t-5,0.00010189414024353027,attack
16404,SYN Flag Cnt,t-5,-9.119510650634766e-05,benign
16404,Subflow Bwd Byts,t-5,1.0818243026733398e-05,attack
16404,Subflow Bwd Pkts,t-5,-1.1742115020751953e-05,benign
16404,Subflow Fwd Byts,t-5,8.07642936706543e-06,attack
16404,Subflow Fwd Pkts,t-5,2.8252601623535156e-05,attack
16404,Tot Bwd Pkts,t-5,-1.5228986740112305e-05,benign
16404,Tot Fwd Pkts,t-5,7.227063179016113e-05,attack
16404,TotLen Bwd Pkts,t-5,-8.016824722290039e-06,benign
16404,TotLen Fwd Pkts,t-5,-1.8477439880371094e-06,benign
16404,URG Flag Cnt,t-5,0.00027999281883239746,attack
16404,Protocol_0,t-5,-0.00021648406982421875,benign
16404,Protocol_6,t-5,4.4286251068115234e-05,attack
16404,Protocol_17,t-5,0.00013691186904907227,attack
16404,ACK Flag Cnt,t-4,7.414817810058594e-05,attack
16404,Active Max,t-4,-0.0007521510124206543,benign
16404,Active Mean,t-4,-0.001952826976776123,benign
16404,Active Min,t-4,-0.0009087920188903809,benign
16404,Active Std,t-4,0.00018575787544250488,attack
16404,Bwd Header Len,t-4,5.0187110900878906e-05,attack
16404,Bwd IAT Max,t-4,-3.844499588012695e-06,benign
16404,Bwd IAT Mean,t-4,-7.277727127075195e-05,benign
16404,Bwd IAT Min,t-4,4.4971704483032227e-05,attack
16404,Bwd IAT Std,t-4,-8.046627044677734e-07,benign
16404,Bwd IAT Tot,t-4,-8.067488670349121e-05,benign
16404,Bwd Pkt Len Max,t-4,0.00031253695487976074,attack
16404,Bwd Pkt Len Mean,t-4,-0.00022661685943603516,benign
16404,Bwd Pkt Len Min,t-4,-4.589557647705078e-05,benign
16404,Bwd Pkt Len Std,t-4,-0.0004385411739349365,benign
16404,Bwd Pkts/s,t-4,-4.208087921142578e-05,benign
16404,Bwd Seg Size Avg,t-4,-0.0006428658962249756,benign
16404,Down/Up Ratio,t-4,-5.316734313964844e-05,benign
16404,ECE Flag Cnt,t-4,0.00045496225357055664,attack
16404,Flow Byts/s,t-4,-0.00028967857360839844,benign
16404,Flow Duration,t-4,0.0003845393657684326,attack
16404,Flow IAT Max,t-4,4.13060188293457e-05,attack
16404,Flow IAT Mean,t-4,-8.228421211242676e-05,benign
16404,Flow IAT Min,t-4,0.00012868642807006836,attack
16404,Flow IAT Std,t-4,8.195638656616211e-06,attack
16404,Flow Pkts/s,t-4,-9.775161743164062e-06,benign
16404,Fwd Act Data Pkts,t-4,-1.5109777450561523e-05,benign
16404,Fwd Header Len,t-4,4.70578670501709e-05,attack
16404,Fwd IAT Max,t-4,-0.00014251470565795898,benign
16404,Fwd IAT Mean,t-4,0.00016427040100097656,attack
16404,Fwd IAT Min,t-4,0.0001233220100402832,attack
16404,Fwd IAT Std,t-4,5.1468610763549805e-05,attack
16404,Fwd IAT Tot,t-4,-3.853440284729004e-05,benign
16404,Fwd PSH Flags,t-4,-0.00018984079360961914,benign
16404,Fwd Pkt Len Max,t-4,-0.000658184289932251,benign
16404,Fwd Pkt Len Mean,t-4,-0.0005618035793304443,benign
16404,Fwd Pkt Len Min,t-4,-8.949637413024902e-05,benign
16404,Fwd Pkt Len Std,t-4,-0.0008486807346343994,benign
16404,Fwd Pkts/s,t-4,-1.7911195755004883e-05,benign
16404,Fwd Seg Size Avg,t-4,-0.0008975565433502197,benign
16404,Fwd Seg Size Min,t-4,0.00015044212341308594,attack
16404,Idle Max,t-4,-0.00038510560989379883,benign
16404,Idle Mean,t-4,0.00010818243026733398,attack
16404,Idle Min,t-4,-9.658932685852051e-05,benign
16404,Idle Std,t-4,-2.0563602447509766e-05,benign
16404,Init Bwd Win Byts,t-4,-0.0007020831108093262,benign
16404,Init Fwd Win Byts,t-4,-0.00018659234046936035,benign
16404,PSH Flag Cnt,t-4,0.00013077259063720703,attack
16404,Pkt Len Max,t-4,0.0009208619594573975,attack
16404,Pkt Len Mean,t-4,0.0008192360401153564,attack
16404,Pkt Len Min,t-4,-0.0002640187740325928,benign
16404,Pkt Len Std,t-4,-0.0005383193492889404,benign
16404,Pkt Len Var,t-4,-1.5676021575927734e-05,benign
16404,Pkt Size Avg,t-4,-0.00044399499893188477,benign
16404,RST Flag Cnt,t-4,-3.579258918762207e-05,benign
16404,SYN Flag Cnt,t-4,-6.479024887084961e-05,benign
16404,Subflow Bwd Byts,t-4,1.615285873413086e-05,attack
16404,Subflow Bwd Pkts,t-4,-1.5795230865478516e-06,benign
16404,Subflow Fwd Byts,t-4,-4.708766937255859e-06,benign
16404,Subflow Fwd Pkts,t-4,-3.1620264053344727e-05,benign
16404,Tot Bwd Pkts,t-4,-4.392862319946289e-05,benign
16404,Tot Fwd Pkts,t-4,9.21487808227539e-05,attack
16404,TotLen Bwd Pkts,t-4,4.380941390991211e-05,attack
16404,TotLen Fwd Pkts,t-4,-2.288818359375e-05,benign
16404,URG Flag Cnt,t-4,0.0006191730499267578,attack
16404,Protocol_0,t-4,5.8323144912719727e-05,attack
16404,Protocol_6,t-4,-0.00026702880859375,benign
16404,Protocol_17,t-4,0.00016033649444580078,attack
16404,ACK Flag Cnt,t-3,0.00042429566383361816,attack
16404,Active Max,t-3,0.0002599060535430908,attack
16404,Active Mean,t-3,0.00039076805114746094,attack
16404,Active Min,t-3,5.996227264404297e-05,attack
16404,Active Std,t-3,0.00036907196044921875,attack
16404,Bwd Header Len,t-3,9.068846702575684e-05,attack
16404,Bwd IAT Max,t-3,7.390975952148438e-05,attack
16404,Bwd IAT Mean,t-3,-0.0004679262638092041,benign
16404,Bwd IAT Min,t-3,-9.566545486450195e-05,benign
16404,Bwd IAT Std,t-3,0.0001455247402191162,attack
16404,Bwd IAT Tot,t-3,-0.000383228063583374,benign
16404,Bwd Pkt Len Max,t-3,0.00014510750770568848,attack
16404,Bwd Pkt Len Mean,t-3,0.0001221001148223877,attack
16404,Bwd Pkt Len Min,t-3,0.0004811286926269531,attack
16404,Bwd Pkt Len Std,t-3,0.0007878541946411133,attack
16404,Bwd Pkts/s,t-3,5.6117773056030273e-05,attack
16404,Bwd Seg Size Avg,t-3,0.0001933574676513672,attack
16404,Down/Up Ratio,t-3,0.0013161301612854004,attack
16404,ECE Flag Cnt,t-3,0.0007658302783966064,attack
16404,Flow Byts/s,t-3,-0.00018537044525146484,benign
16404,Flow Duration,t-3,0.0011092424392700195,attack
16404,Flow IAT Max,t-3,0.00045415759086608887,attack
16404,Flow IAT Mean,t-3,-1.519918441772461e-06,benign
16404,Flow IAT Min,t-3,0.00010329484939575195,attack
16404,Flow IAT Std,t-3,-0.0002822279930114746,benign
16404,Flow Pkts/s,t-3,-1.0102987289428711e-05,benign
16404,Fwd Act Data Pkts,t-3,-8.58306884765625e-05,benign
16404,Fwd Header Len,t-3,3.653764724731445e-05,attack
16404,Fwd IAT Max,t-3,5.415081977844238e-05,attack
16404,Fwd IAT Mean,t-3,0.0007472336292266846,attack
16404,Fwd IAT Min,t-3,0.00039017200469970703,attack
16404,Fwd IAT Std,t-3,1.615285873413086e-05,attack
16404,Fwd IAT Tot,t-3,-0.00042107701301574707,benign
16404,Fwd PSH Flags,t-3,0.0001958608627319336,attack
16404,Fwd Pkt Len Max,t-3,7.703900337219238e-05,attack
16404,Fwd Pkt Len Mean,t-3,-5.543231964111328e-05,benign
16404,Fwd Pkt Len Min,t-3,0.0001894831657409668,attack
16404,Fwd Pkt Len Std,t-3,0.0002442896366119385,attack
16404,Fwd Pkts/s,t-3,-9.402632713317871e-05,benign
16404,Fwd Seg Size Avg,t-3,0.0010024309158325195,attack
16404,Fwd Seg Size Min,t-3,0.0004067718982696533,attack
16404,Idle Max,t-3,-3.927946090698242e-05,benign
16404,Idle Mean,t-3,0.0005265474319458008,attack
16404,Idle Min,t-3,-1.755356788635254e-05,benign
16404,Idle Std,t-3,-8.845329284667969e-05,benign
16404,Init Bwd Win Byts,t-3,0.0003274083137512207,attack
16404,Init Fwd Win Byts,t-3,0.00021654367446899414,attack
16404,PSH Flag Cnt,t-3,0.0001798868179321289,attack
16404,Pkt Len Max,t-3,-0.00014322996139526367,benign
16404,Pkt Len Mean,t-3,-0.00040349364280700684,benign
16404,Pkt Len Min,t-3,3.3289194107055664e-05,attack
16404,Pkt Len Std,t-3,0.0001512765884399414,attack
16404,Pkt Len Var,t-3,-0.0005887448787689209,benign
16404,Pkt Size Avg,t-3,0.00023242831230163574,attack
16404,RST Flag Cnt,t-3,0.00043141841888427734,attack
16404,SYN Flag Cnt,t-3,0.0002474784851074219,attack
16404,Subflow Bwd Byts,t-3,4.6819448471069336e-05,attack
16404,Subflow Bwd Pkts,t-3,3.603100776672363e-05,attack
16404,Subflow Fwd Byts,t-3,-7.322430610656738e-05,benign
16404,Subflow Fwd Pkts,t-3,4.538893699645996e-05,attack
16404,Tot Bwd Pkts,t-3,-7.867813110351562e-05,benign
16404,Tot Fwd Pkts,t-3,0.00034689903259277344,attack
16404,TotLen Bwd Pkts,t-3,2.3812055587768555e-05,attack
16404,TotLen Fwd Pkts,t-3,-6.428360939025879e-05,benign
16404,URG Flag Cnt,t-3,0.0011310875415802002,attack
16404,Protocol_0,t-3,3.731250762939453e-05,attack
16404,Protocol_6,t-3,-0.00038120150566101074,benign
16404,Protocol_17,t-3,0.00028452277183532715,attack
16404,ACK Flag Cnt,t-2,-0.00026556849479675293,benign
16404,Active Max,t-2,0.000317990779876709,attack
16404,Active Mean,t-2,0.0004323422908782959,attack
16404,Active Min,t-2,4.1365623474121094e-05,attack
16404,Active Std,t-2,0.00048217177391052246,attack
16404,Bwd Header Len,t-2,8.749961853027344e-05,attack
16404,Bwd IAT Max,t-2,-3.069639205932617e-06,benign
16404,Bwd IAT Mean,t-2,-0.00015631318092346191,benign
16404,Bwd IAT Min,t-2,-6.973743438720703e-06,benign
16404,Bwd IAT Std,t-2,-0.00015056133270263672,benign
16404,Bwd IAT Tot,t-2,-0.00036531686782836914,benign
16404,Bwd Pkt Len Max,t-2,-0.00020626187324523926,benign
16404,Bwd Pkt Len Mean,t-2,3.0338764190673828e-05,attack
16404,Bwd Pkt Len Min,t-2,0.0011777281761169434,attack
16404,Bwd Pkt Len Std,t-2,-0.00029781460762023926,benign
16404,Bwd Pkts/s,t-2,-3.2901763916015625e-05,benign
16404,Bwd Seg Size Avg,t-2,-0.0002815127372741699,benign
16404,Down/Up Ratio,t-2,-2.6732683181762695e-05,benign
16404,ECE Flag Cnt,t-2,0.0002130568027496338,attack
16404,Flow Byts/s,t-2,-0.00035256147384643555,benign
16404,Flow Duration,t-2,0.0004228353500366211,attack
16404,Flow IAT Max,t-2,0.0002931654453277588,attack
16404,Flow IAT Mean,t-2,-0.0001004338264465332,benign
16404,Flow IAT Min,t-2,-0.00017380714416503906,benign
16404,Flow IAT Std,t-2,4.2110681533813477e-05,attack
16404,Flow Pkts/s,t-2,0.0019484460353851318,attack
16404,Fwd Act Data Pkts,t-2,2.244114875793457e-05,attack
16404,Fwd Header Len,t-2,9.137392044067383e-05,attack
16404,Fwd IAT Max,t-2,-0.00034505128860473633,benign
16404,Fwd IAT Mean,t-2,0.0005894303321838379,attack
16404,Fwd IAT Min,t-2,0.0001945197582244873,attack
16404,Fwd IAT Std,t-2,0.00015440583229064941,attack
16404,Fwd IAT Tot,t-2,0.00010177493095397949,attack
16404,Fwd PSH Flags,t-2,-0.0007312595844268799,benign
16404,Fwd Pkt Len Max,t-2,-6.833672523498535e-05,benign
16404,Fwd Pkt Len Mean,t-2,2.753734588623047e-05,attack
16404,Fwd Pkt Len Min,t-2,0.00019982457160949707,attack
16404,Fwd Pkt Len Std,t-2,-0.0006642639636993408,benign
16404,Fwd Pkts/s,t-2,0.0033497214317321777,attack
16404,Fwd Seg Size Avg,t-2,0.00011050701141357422,attack
16404,Fwd Seg Size Min,t-2,0.002603501081466675,attack
16404,Idle Max,t-2,-0.0009225010871887207,benign
16404,Idle Mean,t-2,0.0002518296241760254,attack
16404,Idle Min,t-2,-0.0006798207759857178,benign
16404,Idle Std,t-2,-0.000295490026473999,benign
16404,Init Bwd Win Byts,t-2,-0.0007903873920440674,benign
16404,Init Fwd Win Byts,t-2,0.00011014938354492188,attack
16404,PSH Flag Cnt,t-2,3.510713577270508e-05,attack
16404,Pkt Len Max,t-2,7.146596908569336e-05,attack
16404,Pkt Len Mean,t-2,0.0002834200859069824,attack
16404,Pkt Len Min,t-2,-0.00034052133560180664,benign
16404,Pkt Len Std,t-2,-0.00012874603271484375,benign
16404,Pkt Len Var,t-2,0.0007935166358947754,attack
16404,Pkt Size Avg,t-2,-0.0001519322395324707,benign
16404,RST Flag Cnt,t-2,8.70823860168457e-05,attack
16404,SYN Flag Cnt,t-2,-0.00041872262954711914,benign
16404,Subflow Bwd Byts,t-2,6.872415542602539e-05,attack
16404,Subflow Bwd Pkts,t-2,9.986758232116699e-05,attack
16404,Subflow Fwd Byts,t-2,-3.921985626220703e-05,benign
16404,Subflow Fwd Pkts,t-2,0.00011426210403442383,attack
16404,Tot Bwd Pkts,t-2,1.0579824447631836e-05,attack
16404,Tot Fwd Pkts,t-2,0.0005003809928894043,attack
16404,TotLen Bwd Pkts,t-2,5.048513412475586e-05,attack
16404,TotLen Fwd Pkts,t-2,-2.5987625122070312e-05,benign
16404,URG Flag Cnt,t-2,0.00022298097610473633,attack
16404,Protocol_0,t-2,7.098913192749023e-05,attack
16404,Protocol_6,t-2,-0.000308990478515625,benign
16404,Protocol_17,t-2,0.0005075335502624512,attack
16404,ACK Flag Cnt,t-1,-0.0011789202690124512,benign
16404,Active Max,t-1,0.00032404065132141113,attack
16404,Active Mean,t-1,0.0003192126750946045,attack
16404,Active Min,t-1,-2.5331974029541016e-05,benign
16404,Active Std,t-1,0.000500023365020752,attack
16404,Bwd Header Len,t-1,0.00020834803581237793,attack
16404,Bwd IAT Max,t-1,-0.0005212724208831787,benign
16404,Bwd IAT Mean,t-1,-0.0004894137382507324,benign
16404,Bwd IAT Min,t-1,-0.00014227628707885742,benign
16404,Bwd IAT Std,t-1,-0.0010226666927337646,benign
16404,Bwd IAT Tot,t-1,-1.8596649169921875e-05,benign
16404,Bwd Pkt Len Max,t-1,-0.0003609955310821533,benign
16404,Bwd Pkt Len Mean,t-1,5.960464477539063e-08,attack
16404,Bwd Pkt Len Min,t-1,-0.0010612308979034424,benign
16404,Bwd Pkt Len Std,t-1,0.00019824504852294922,attack
16404,Bwd Pkts/s,t-1,1.952052116394043e-05,attack
16404,Bwd Seg Size Avg,t-1,-0.00018519163131713867,benign
16404,Down/Up Ratio,t-1,-0.00014543533325195312,benign
16404,ECE Flag Cnt,t-1,0.0005263686180114746,attack
16404,Flow Byts/s,t-1,-0.00042378902435302734,benign
16404,Flow Duration,t-1,0.0006237626075744629,attack
16404,Flow IAT Max,t-1,0.0011979639530181885,attack
16404,Flow IAT Mean,t-1,-0.00010839104652404785,benign
16404,Flow IAT Min,t-1,-8.636713027954102e-05,benign
16404,Flow IAT Std,t-1,-0.000766754150390625,benign
16404,Flow Pkts/s,t-1,-0.0002219676971435547,benign
16404,Fwd Act Data Pkts,t-1,0.00022464990615844727,attack
16404,Fwd Header Len,t-1,0.00029096007347106934,attack
16404,Fwd IAT Max,t-1,-9.608268737792969e-05,benign
16404,Fwd IAT Mean,t-1,0.0014939606189727783,attack
16404,Fwd IAT Min,t-1,0.00012978911399841309,attack
16404,Fwd IAT Std,t-1,-0.0002855360507965088,benign
16404,Fwd IAT Tot,t-1,0.0004005134105682373,attack
16404,Fwd PSH Flags,t-1,-0.0012582242488861084,benign
16404,Fwd Pkt Len Max,t-1,-0.00021824240684509277,benign
16404,Fwd Pkt Len Mean,t-1,-8.472800254821777e-05,benign
16404,Fwd Pkt Len Min,t-1,4.056096076965332e-05,attack
16404,Fwd Pkt Len Std,t-1,-0.00026279687881469727,benign
16404,Fwd Pkts/s,t-1,0.00014093518257141113,attack
16404,Fwd Seg Size Avg,t-1,0.0003139376640319824,attack
16404,Fwd Seg Size Min,t-1,-0.002751976251602173,benign
16404,Idle Max,t-1,-0.0005809664726257324,benign
16404,Idle Mean,t-1,0.0007769167423248291,attack
16404,Idle Min,t-1,-0.00015869736671447754,benign
16404,Idle Std,t-1,-0.0010925233364105225,benign
16404,Init Bwd Win Byts,t-1,-0.0007942318916320801,benign
16404,Init Fwd Win Byts,t-1,0.0002231597900390625,attack
16404,PSH Flag Cnt,t-1,-4.857778549194336e-05,benign
16404,Pkt Len Max,t-1,6.473064422607422e-05,attack
16404,Pkt Len Mean,t-1,2.8014183044433594e-06,attack
16404,Pkt Len Min,t-1,0.00018355250358581543,attack
16404,Pkt Len Std,t-1,-5.835294723510742e-05,benign
16404,Pkt Len Var,t-1,1.940131187438965e-05,attack
16404,Pkt Size Avg,t-1,-0.00011119246482849121,benign
16404,RST Flag Cnt,t-1,0.00042510032653808594,attack
16404,SYN Flag Cnt,t-1,-0.000709831714630127,benign
16404,Subflow Bwd Byts,t-1,9.85264778137207e-05,attack
16404,Subflow Bwd Pkts,t-1,0.00015428662300109863,attack
16404,Subflow Fwd Byts,t-1,-1.2546777725219727e-05,benign
16404,Subflow Fwd Pkts,t-1,0.00037032365798950195,attack
16404,Tot Bwd Pkts,t-1,-7.3909759521484375e-06,benign
16404,Tot Fwd Pkts,t-1,0.0007407665252685547,attack
16404,TotLen Bwd Pkts,t-1,3.299117088317871e-05,attack
16404,TotLen Fwd Pkts,t-1,4.4971704483032227e-05,attack
16404,URG Flag Cnt,t-1,-0.00045737624168395996,benign
16404,Protocol_0,t-1,-5.474686622619629e-05,benign
16404,Protocol_6,t-1,0.00010231137275695801,attack
16404,Protocol_17,t-1,-0.00048044323921203613,benign
16404,ACK Flag Cnt,t,-0.0020846426486968994,benign
16404,Active Max,t,0.00012999773025512695,attack
16404,Active Mean,t,8.726119995117188e-05,attack
16404,Active Min,t,0.00020578503608703613,attack
16404,Active Std,t,0.00019377470016479492,attack
16404,Bwd Header Len,t,4.4286251068115234e-05,attack
16404,Bwd IAT Max,t,-0.0015507042407989502,benign
16404,Bwd IAT Mean,t,-0.000669628381729126,benign
16404,Bwd IAT Min,t,-8.20159912109375e-05,benign
16404,Bwd IAT Std,t,-0.0012491047382354736,benign
16404,Bwd IAT Tot,t,-0.00026151537895202637,benign
16404,Bwd Pkt Len Max,t,0.0006585419178009033,attack
16404,Bwd Pkt Len Mean,t,2.384185791015625e-06,attack
16404,Bwd Pkt Len Min,t,-0.003308802843093872,benign
16404,Bwd Pkt Len Std,t,-0.000590980052947998,benign
16404,Bwd Pkts/s,t,0.00045040249824523926,attack
16404,Bwd Seg Size Avg,t,2.3931264877319336e-05,attack
16404,Down/Up Ratio,t,-0.00016304850578308105,benign
16404,ECE Flag Cnt,t,0.000986635684967041,attack
16404,Flow Byts/s,t,-0.00023922324180603027,benign
16404,Flow Duration,t,-4.026293754577637e-05,benign
16404,Flow IAT Max,t,-9.065866470336914e-05,benign
16404,Flow IAT Mean,t,0.0005553662776947021,attack
16404,Flow IAT Min,t,0.002590566873550415,attack
16404,Flow IAT Std,t,-0.0005610287189483643,benign
16404,Flow Pkts/s,t,-0.0007943511009216309,benign
16404,Fwd Act Data Pkts,t,0.00022652745246887207,attack
16404,Fwd Header Len,t,4.741549491882324e-05,attack
16404,Fwd IAT Max,t,0.0001258254051208496,attack
16404,Fwd IAT Mean,t,-0.000604480504989624,benign
16404,Fwd IAT Min,t,0.0012043118476867676,attack
16404,Fwd IAT Std,t,-0.00013309717178344727,benign
16404,Fwd IAT Tot,t,-5.1140785217285156e-05,benign
16404,Fwd PSH Flags,t,0.0007016360759735107,attack
16404,Fwd Pkt Len Max,t,0.00047463178634643555,attack
16404,Fwd Pkt Len Mean,t,6.54757022857666e-05,attack
16404,Fwd Pkt Len Min,t,-8.374452590942383e-06,benign
16404,Fwd Pkt Len Std,t,0.0001780390739440918,attack
16404,Fwd Pkts/s,t,0.0002956986427307129,attack
16404,Fwd Seg Size Avg,t,-0.0003134012222290039,benign
16404,Fwd Seg Size Min,t,-0.007374972105026245,benign
16404,Idle Max,t,0.00040978193283081055,attack
16404,Idle Mean,t,3.299117088317871e-05,attack
16404,Idle Min,t,0.00016579031944274902,attack
16404,Idle Std,t,-0.0015549957752227783,benign
16404,Init Bwd Win Byts,t,-0.00034102797508239746,benign
16404,Init Fwd Win Byts,t,-0.0003579854965209961,benign
16404,PSH Flag Cnt,t,-0.0004228055477142334,benign
16404,Pkt Len Max,t,7.31348991394043e-05,attack
16404,Pkt Len Mean,t,0.00010335445404052734,attack
16404,Pkt Len Min,t,0.00021117925643920898,attack
16404,Pkt Len Std,t,0.00032454729080200195,attack
16404,Pkt Len Var,t,-0.0016620159149169922,benign
16404,Pkt Size Avg,t,-1.0699033737182617e-05,benign
16404,RST Flag Cnt,t,0.000877678394317627,attack
16404,SYN Flag Cnt,t,0.0006399750709533691,attack
16404,Subflow Bwd Byts,t,2.3245811462402344e-05,attack
16404,Subflow Bwd Pkts,t,1.3470649719238281e-05,attack
16404,Subflow Fwd Byts,t,-4.857778549194336e-05,benign
16404,Subflow Fwd Pkts,t,2.6613473892211914e-05,attack
16404,Tot Bwd Pkts,t,-0.00012427568435668945,benign
16404,Tot Fwd Pkts,t,0.0005197525024414062,attack
16404,TotLen Bwd Pkts,t,-5.9098005294799805e-05,benign
16404,TotLen Fwd Pkts,t,2.777576446533203e-05,attack
16404,URG Flag Cnt,t,-0.001623004674911499,benign
16404,Protocol_0,t,-0.00027674436569213867,benign
16404,Protocol_6,t,-7.393956184387207e-05,benign
16404,Protocol_17,t,-0.0002676844596862793,benign
16588,ACK Flag Cnt,t-9,9.09566879272461e-05,attack
16588,Active Max,t-9,5.251169204711914e-05,attack
16588,Active Mean,t-9,-5.4955482482910156e-05,benign
16588,Active Min,t-9,-5.4955482482910156e-05,benign
16588,Active Std,t-9,5.8650970458984375e-05,attack
16588,Bwd Header Len,t-9,4.38690185546875e-05,attack
16588,Bwd IAT Max,t-9,-0.0006148815155029297,benign
16588,Bwd IAT Mean,t-9,-0.00012010335922241211,benign
16588,Bwd IAT Min,t-9,-9.775161743164062e-06,benign
16588,Bwd IAT Std,t-9,-0.000511467456817627,benign
16588,Bwd IAT Tot,t-9,-2.8789043426513672e-05,benign
16588,Bwd Pkt Len Max,t-9,-0.0004267692565917969,benign
16588,Bwd Pkt Len Mean,t-9,-9.119510650634766e-06,benign
16588,Bwd Pkt Len Min,t-9,0.0011935234069824219,attack
16588,Bwd Pkt Len Std,t-9,-0.0014790892601013184,benign
16588,Bwd Pkts/s,t-9,-8.26716423034668e-05,benign
16588,Bwd Seg Size Avg,t-9,-0.0003547072410583496,benign
16588,Down/Up Ratio,t-9,-0.0003591179847717285,benign
16588,ECE Flag Cnt,t-9,-0.0001304149627685547,benign
16588,Flow Byts/s,t-9,-0.00010484457015991211,benign
16588,Flow Duration,t-9,-0.000347137451171875,benign
16588,Flow IAT Max,t-9,0.00042122602462768555,attack
16588,Flow IAT Mean,t-9,0.0009309053421020508,attack
16588,Flow IAT Min,t-9,0.0008605718612670898,attack
16588,Flow IAT Std,t-9,-0.0006557106971740723,benign
16588,Flow Pkts/s,t-9,2.9087066650390625e-05,attack
16588,Fwd Act Data Pkts,t-9,3.1948089599609375e-05,attack
16588,Fwd Header Len,t-9,2.5928020477294922e-05,attack
16588,Fwd IAT Max,t-9,0.0006448626518249512,attack
16588,Fwd IAT Mean,t-9,0.0010960698127746582,attack
16588,Fwd IAT Min,t-9,0.0009025335311889648,attack
16588,Fwd IAT Std,t-9,-0.0005608797073364258,benign
16588,Fwd IAT Tot,t-9,-0.00021690130233764648,benign
16588,Fwd PSH Flags,t-9,1.33514404296875e-05,attack
16588,Fwd Pkt Len Max,t-9,-1.0251998901367188e-05,benign
16588,Fwd Pkt Len Mean,t-9,7.95125961303711e-05,attack
16588,Fwd Pkt Len Min,t-9,-0.0001138448715209961,benign
16588,Fwd Pkt Len Std,t-9,-0.00016891956329345703,benign
16588,Fwd Pkts/s,t-9,-8.046627044677734e-06,benign
16588,Fwd Seg Size Avg,t-9,1.9073486328125e-05,attack
16588,Fwd Seg Size Min,t-9,2.0623207092285156e-05,attack
16588,Idle Max,t-9,0.0006591677665710449,attack
16588,Idle Mean,t-9,0.0007153749465942383,attack
16588,Idle Min,t-9,0.0008944272994995117,attack
16588,Idle Std,t-9,-5.799531936645508e-05,benign
16588,Init Bwd Win Byts,t-9,-0.00042319297790527344,benign
16588,Init Fwd Win Byts,t-9,0.00029665231704711914,attack
16588,PSH Flag Cnt,t-9,-6.783008575439453e-05,benign
16588,Pkt Len Max,t-9,-0.0002512931823730469,benign
16588,Pkt Len Mean,t-9,0.0005326271057128906,attack
16588,Pkt Len Min,t-9,1.531839370727539e-05,attack
16588,Pkt Len Std,t-9,0.00017625093460083008,attack
16588,Pkt Len Var,t-9,-0.00017887353897094727,benign
16588,Pkt Size Avg,t-9,0.0004062056541442871,attack
16588,RST Flag Cnt,t-9,-0.00020205974578857422,benign
16588,SYN Flag Cnt,t-9,5.054473876953125e-05,attack
16588,Subflow Bwd Byts,t-9,8.821487426757812e-06,attack
16588,Subflow Bwd Pkts,t-9,4.369020462036133e-05,attack
16588,Subflow Fwd Byts,t-9,5.143880844116211e-05,attack
16588,Subflow Fwd Pkts,t-9,0.00015985965728759766,attack
16588,Tot Bwd Pkts,t-9,5.078315734863281e-05,attack
16588,Tot Fwd Pkts,t-9,5.626678466796875e-05,attack
16588,TotLen Bwd Pkts,t-9,3.325939178466797e-05,attack
16588,TotLen Fwd Pkts,t-9,4.762411117553711e-05,attack
16588,URG Flag Cnt,t-9,-0.0005342960357666016,benign
16588,Protocol_0,t-9,-0.0001462697982788086,benign
16588,Protocol_6,t-9,0.0001621246337890625,attack
16588,Protocol_17,t-9,-0.00018399953842163086,benign
16588,ACK Flag Cnt,t-8,-0.0006244778633117676,benign
16588,Active Max,t-8,-3.993511199951172e-05,benign
16588,Active Mean,t-8,-6.079673767089844e-05,benign
16588,Active Min,t-8,-2.771615982055664e-05,benign
16588,Active Std,t-8,6.312131881713867e-05,attack
16588,Bwd Header Len,t-8,2.7358531951904297e-05,attack
16588,Bwd IAT Max,t-8,-0.0003553032875061035,benign
16588,Bwd IAT Mean,t-8,4.8160552978515625e-05,attack
16588,Bwd IAT Min,t-8,3.343820571899414e-05,attack
16588,Bwd IAT Std,t-8,-0.00017249584197998047,benign
16588,Bwd IAT Tot,t-8,7.092952728271484e-05,attack
16588,Bwd Pkt Len Max,t-8,-0.0010696053504943848,benign
16588,Bwd Pkt Len Mean,t-8,-0.0008309483528137207,benign
16588,Bwd Pkt Len Min,t-8,0.0007300972938537598,attack
16588,Bwd Pkt Len Std,t-8,6.175041198730469e-05,attack
16588,Bwd Pkts/s,t-8,9.459257125854492e-05,attack
16588,Bwd Seg Size Avg,t-8,-0.0004885196685791016,benign
16588,Down/Up Ratio,t-8,-0.0005062222480773926,benign
16588,ECE Flag Cnt,t-8,-0.00045496225357055664,benign
16588,Flow Byts/s,t-8,3.7550926208496094e-06,attack
16588,Flow Duration,t-8,0.00018900632858276367,attack
16588,Flow IAT Max,t-8,5.5670738220214844e-05,attack
16588,Flow IAT Mean,t-8,0.0004012584686279297,attack
16588,Flow IAT Min,t-8,0.00035625696182250977,attack
16588,Flow IAT Std,t-8,-0.0002626776695251465,benign
16588,Flow Pkts/s,t-8,1.6868114471435547e-05,attack
16588,Fwd Act Data Pkts,t-8,2.008676528930664e-05,attack
16588,Fwd Header Len,t-8,-2.086162567138672e-05,benign
16588,Fwd IAT Max,t-8,0.0002734065055847168,attack
16588,Fwd IAT Mean,t-8,0.0005034804344177246,attack
16588,Fwd IAT Min,t-8,0.0003905296325683594,attack
16588,Fwd IAT Std,t-8,-0.0002397298812866211,benign
16588,Fwd IAT Tot,t-8,0.00044077634811401367,attack
16588,Fwd PSH Flags,t-8,-0.0002791285514831543,benign
16588,Fwd Pkt Len Max,t-8,8.863210678100586e-05,attack
16588,Fwd Pkt Len Mean,t-8,-0.00024068355560302734,benign
16588,Fwd Pkt Len Min,t-8,-0.00020569562911987305,benign
16588,Fwd Pkt Len Std,t-8,-0.0005967617034912109,benign
16588,Fwd Pkts/s,t-8,-0.00011491775512695312,benign
16588,Fwd Seg Size Avg,t-8,-0.00016415119171142578,benign
16588,Fwd Seg Size Min,t-8,0.0005925297737121582,attack
16588,Idle Max,t-8,0.00029164552688598633,attack
16588,Idle Mean,t-8,0.00027805566787719727,attack
16588,Idle Min,t-8,0.0005142688751220703,attack
16588,Idle Std,t-8,-0.00024449825286865234,benign
16588,Init Bwd Win Byts,t-8,-9.626150131225586e-05,benign
16588,Init Fwd Win Byts,t-8,0.00014895200729370117,attack
16588,PSH Flag Cnt,t-8,-0.00011342763900756836,benign
16588,Pkt Len Max,t-8,-0.0011132359504699707,benign
16588,Pkt Len Mean,t-8,-0.0004017949104309082,benign
16588,Pkt Len Min,t-8,-6.395578384399414e-05,benign
16588,Pkt Len Std,t-8,-0.0013141036033630371,benign
16588,Pkt Len Var,t-8,-0.001082301139831543,benign
16588,Pkt Size Avg,t-8,-0.0003542304039001465,benign
16588,RST Flag Cnt,t-8,-0.00015604496002197266,benign
16588,SYN Flag Cnt,t-8,-0.0004642605781555176,benign
16588,Subflow Bwd Byts,t-8,9.59634780883789e-06,attack
16588,Subflow Bwd Pkts,t-8,4.887580871582031e-06,attack
16588,Subflow Fwd Byts,t-8,2.384185791015625e-06,attack
16588,Subflow Fwd Pkts,t-8,1.3232231140136719e-05,attack
16588,Tot Bwd Pkts,t-8,-8.046627044677734e-06,benign
16588,Tot Fwd Pkts,t-8,1.7940998077392578e-05,attack
16588,TotLen Bwd Pkts,t-8,3.0994415283203125e-06,attack
16588,TotLen Fwd Pkts,t-8,-1.233816146850586e-05,benign
16588,URG Flag Cnt,t-8,-0.0005514025688171387,benign
16588,Protocol_0,t-8,-3.5881996154785156e-05,benign
16588,Protocol_6,t-8,0.00021409988403320312,attack
16588,Protocol_17,t-8,-0.00018996000289916992,benign
16588,ACK Flag Cnt,t-7,0.0006697773933410645,attack
16588,Active Max,t-7,6.026029586791992e-05,attack
16588,Active Mean,t-7,-1.0311603546142578e-05,benign
16588,Active Min,t-7,-5.245208740234375e-06,benign
16588,Active Std,t-7,9.226799011230469e-05,attack
16588,Bwd Header Len,t-7,4.57763671875e-05,attack
16588,Bwd IAT Max,t-7,0.0012135505676269531,attack
16588,Bwd IAT Mean,t-7,0.00018262863159179688,attack
16588,Bwd IAT Min,t-7,-9.131431579589844e-05,benign
16588,Bwd IAT Std,t-7,0.00045484304428100586,attack
16588,Bwd IAT Tot,t-7,0.0007423758506774902,attack
16588,Bwd Pkt Len Max,t-7,-4.303455352783203e-05,benign
16588,Bwd Pkt Len Mean,t-7,3.349781036376953e-05,attack
16588,Bwd Pkt Len Min,t-7,0.0012854337692260742,attack
16588,Bwd Pkt Len Std,t-7,0.0002243518829345703,attack
16588,Bwd Pkts/s,t-7,4.845857620239258e-05,attack
16588,Bwd Seg Size Avg,t-7,7.492303848266602e-05,attack
16588,Down/Up Ratio,t-7,-0.0004955530166625977,benign
16588,ECE Flag Cnt,t-7,-0.000611722469329834,benign
16588,Flow Byts/s,t-7,-0.00019353628158569336,benign
16588,Flow Duration,t-7,1.5616416931152344e-05,attack
16588,Flow IAT Max,t-7,6.020069122314453e-06,attack
16588,Flow IAT Mean,t-7,0.0003489851951599121,attack
16588,Flow IAT Min,t-7,0.0005314350128173828,attack
16588,Flow IAT Std,t-7,0.00019240379333496094,attack
16588,Flow Pkts/s,t-7,-6.020069122314453e-06,benign
16588,Fwd Act Data Pkts,t-7,-2.1517276763916016e-05,benign
16588,Fwd Header Len,t-7,4.410743713378906e-06,attack
16588,Fwd IAT Max,t-7,2.205371856689453e-05,attack
16588,Fwd IAT Mean,t-7,0.00044977664947509766,attack
16588,Fwd IAT Min,t-7,0.0007438063621520996,attack
16588,Fwd IAT Std,t-7,0.00021225214004516602,attack
16588,Fwd IAT Tot,t-7,-4.6312808990478516e-05,benign
16588,Fwd PSH Flags,t-7,0.0004904866218566895,attack
16588,Fwd Pkt Len Max,t-7,1.0132789611816406e-05,attack
16588,Fwd Pkt Len Mean,t-7,1.0669231414794922e-05,attack
16588,Fwd Pkt Len Min,t-7,-0.0002524852752685547,benign
16588,Fwd Pkt Len Std,t-7,-0.00016051530838012695,benign
16588,Fwd Pkts/s,t-7,-0.00028198957443237305,benign
16588,Fwd Seg Size Avg,t-7,4.351139068603516e-06,attack
16588,Fwd Seg Size Min,t-7,0.00046509504318237305,attack
16588,Idle Max,t-7,4.76837158203125e-06,attack
16588,Idle Mean,t-7,0.00021469593048095703,attack
16588,Idle Min,t-7,0.000666201114654541,attack
16588,Idle Std,t-7,0.0006108283996582031,attack
16588,Init Bwd Win Byts,t-7,3.635883331298828e-06,attack
16588,Init Fwd Win Byts,t-7,0.0004487037658691406,attack
16588,PSH Flag Cnt,t-7,-7.784366607666016e-05,benign
16588,Pkt Len Max,t-7,0.00012511014938354492,attack
16588,Pkt Len Mean,t-7,7.683038711547852e-05,attack
16588,Pkt Len Min,t-7,-0.0002849698066711426,benign
16588,Pkt Len Std,t-7,-6.312131881713867e-05,benign
16588,Pkt Len Var,t-7,-2.002716064453125e-05,benign
16588,Pkt Size Avg,t-7,9.72747802734375e-05,attack
16588,RST Flag Cnt,t-7,-0.00038951635360717773,benign
16588,SYN Flag Cnt,t-7,0.0014191269874572754,attack
16588,Subflow Bwd Byts,t-7,3.802776336669922e-05,attack
16588,Subflow Bwd Pkts,t-7,2.0802021026611328e-05,attack
16588,Subflow Fwd Byts,t-7,1.6450881958007812e-05,attack
16588,Subflow Fwd Pkts,t-7,3.230571746826172e-05,attack
16588,Tot Bwd Pkts,t-7,4.470348358154297e-05,attack
16588,Tot Fwd Pkts,t-7,2.7477741241455078e-05,attack
16588,TotLen Bwd Pkts,t-7,4.118680953979492e-05,attack
16588,TotLen Fwd Pkts,t-7,1.1324882507324219e-05,attack
16588,URG Flag Cnt,t-7,0.0023875832557678223,attack
16588,Protocol_0,t-7,-0.0001055598258972168,benign
16588,Protocol_6,t-7,0.0001875758171081543,attack
16588,Protocol_17,t-7,-0.00025534629821777344,benign
16588,ACK Flag Cnt,t-6,8.654594421386719e-05,attack
16588,Active Max,t-6,7.867813110351562e-05,attack
16588,Active Mean,t-6,-1.1622905731201172e-05,benign
16588,Active Min,t-6,0.0001487135887145996,attack
16588,Active Std,t-6,9.137392044067383e-05,attack
16588,Bwd Header Len,t-6,0.00011169910430908203,attack
16588,Bwd IAT Max,t-6,0.00024127960205078125,attack
16588,Bwd IAT Mean,t-6,-8.165836334228516e-06,benign
16588,Bwd IAT Min,t-6,-2.110004425048828e-05,benign
16588,Bwd IAT Std,t-6,9.143352508544922e-05,attack
16588,Bwd IAT Tot,t-6,-3.987550735473633e-05,benign
16588,Bwd Pkt Len Max,t-6,0.00020635128021240234,attack
16588,Bwd Pkt Len Mean,t-6,-9.298324584960938e-05,benign
16588,Bwd Pkt Len Min,t-6,-0.0018355846405029297,benign
16588,Bwd Pkt Len Std,t-6,-0.0011268854141235352,benign
16588,Bwd Pkts/s,t-6,0.00011849403381347656,attack
16588,Bwd Seg Size Avg,t-6,-0.00024378299713134766,benign
16588,Down/Up Ratio,t-6,5.614757537841797e-05,attack
16588,ECE Flag Cnt,t-6,-0.0008998513221740723,benign
16588,Flow Byts/s,t-6,-9.822845458984375e-05,benign
16588,Flow Duration,t-6,-0.00034117698669433594,benign
16588,Flow IAT Max,t-6,-0.00013655424118041992,benign
16588,Flow IAT Mean,t-6,0.000823974609375,attack
16588,Flow IAT Min,t-6,0.0007326602935791016,attack
16588,Flow IAT Std,t-6,-4.094839096069336e-05,benign
16588,Flow Pkts/s,t-6,-6.842613220214844e-05,benign
16588,Fwd Act Data Pkts,t-6,0.00010007619857788086,attack
16588,Fwd Header Len,t-6,-6.4373016357421875e-06,benign
16588,Fwd IAT Max,t-6,0.00040650367736816406,attack
16588,Fwd IAT Mean,t-6,0.0009590387344360352,attack
16588,Fwd IAT Min,t-6,0.0009866952896118164,attack
16588,Fwd IAT Std,t-6,-6.824731826782227e-05,benign
16588,Fwd IAT Tot,t-6,-0.0004463791847229004,benign
16588,Fwd PSH Flags,t-6,0.0014449357986450195,attack
16588,Fwd Pkt Len Max,t-6,-0.00014448165893554688,benign
16588,Fwd Pkt Len Mean,t-6,-7.927417755126953e-06,benign
16588,Fwd Pkt Len Min,t-6,4.76837158203125e-07,attack
16588,Fwd Pkt Len Std,t-6,0.00029349327087402344,attack
16588,Fwd Pkts/s,t-6,0.0003154873847961426,attack
16588,Fwd Seg Size Avg,t-6,0.0002816319465637207,attack
16588,Fwd Seg Size Min,t-6,-0.00012987852096557617,benign
16588,Idle Max,t-6,2.300739288330078e-05,attack
16588,Idle Mean,t-6,0.0005807280540466309,attack
16588,Idle Min,t-6,0.0007042288780212402,attack
16588,Idle Std,t-6,0.00021153688430786133,attack
16588,Init Bwd Win Byts,t-6,6.93202018737793e-05,attack
16588,Init Fwd Win Byts,t-6,0.0018111467361450195,attack
16588,PSH Flag Cnt,t-6,-0.0001844167709350586,benign
16588,Pkt Len Max,t-6,-0.000859379768371582,benign
16588,Pkt Len Mean,t-6,0.0004970431327819824,attack
16588,Pkt Len Min,t-6,-5.364418029785156e-07,benign
16588,Pkt Len Std,t-6,0.00014013051986694336,attack
16588,Pkt Len Var,t-6,-0.00014138221740722656,benign
16588,Pkt Size Avg,t-6,0.0008695721626281738,attack
16588,RST Flag Cnt,t-6,-0.00047528743743896484,benign
16588,SYN Flag Cnt,t-6,0.0009105205535888672,attack
16588,Subflow Bwd Byts,t-6,3.314018249511719e-05,attack
16588,Subflow Bwd Pkts,t-6,5.8710575103759766e-05,attack
16588,Subflow Fwd Byts,t-6,9.238719940185547e-05,attack
16588,Subflow Fwd Pkts,t-6,4.488229751586914e-05,attack
16588,Tot Bwd Pkts,t-6,0.00012284517288208008,attack
16588,Tot Fwd Pkts,t-6,7.492303848266602e-05,attack
16588,TotLen Bwd Pkts,t-6,5.638599395751953e-05,attack
16588,TotLen Fwd Pkts,t-6,6.55055046081543e-05,attack
16588,URG Flag Cnt,t-6,0.0025061368942260742,attack
16588,Protocol_0,t-6,-0.00017648935317993164,benign
16588,Protocol_6,t-6,-4.279613494873047e-05,benign
16588,Protocol_17,t-6,0.00011360645294189453,attack
16588,ACK Flag Cnt,t-5,-0.012519657611846924,benign
16588,Active Max,t-5,0.00014066696166992188,attack
16588,Active Mean,t-5,-1.436471939086914e-05,benign
16588,Active Min,t-5,2.008676528930664e-05,attack
16588,Active Std,t-5,0.0002473592758178711,attack
16588,Bwd Header Len,t-5,-7.12275505065918e-05,benign
16588,Bwd IAT Max,t-5,-0.0013871192932128906,benign
16588,Bwd IAT Mean,t-5,-0.0003802180290222168,benign
16588,Bwd IAT Min,t-5,-0.0003382563591003418,benign
16588,Bwd IAT Std,t-5,-0.00032788515090942383,benign
16588,Bwd IAT Tot,t-5,-0.0002575516700744629,benign
16588,Bwd Pkt Len Max,t-5,-0.0002484917640686035,benign
16588,Bwd Pkt Len Mean,t-5,-0.0008446574211120605,benign
16588,Bwd Pkt Len Min,t-5,-0.00015467405319213867,benign
16588,Bwd Pkt Len Std,t-5,-0.00181657075881958,benign
16588,Bwd Pkts/s,t-5,0.0004984140396118164,attack
16588,Bwd Seg Size Avg,t-5,-0.000720679759979248,benign
16588,Down/Up Ratio,t-5,-3.11732292175293e-05,benign
16588,ECE Flag Cnt,t-5,-0.0012137889862060547,benign
16588,Flow Byts/s,t-5,0.00013965368270874023,attack
16588,Flow Duration,t-5,-0.0009752511978149414,benign
16588,Flow IAT Max,t-5,0.0017044246196746826,attack
16588,Flow IAT Mean,t-5,0.003163665533065796,attack
16588,Flow IAT Min,t-5,0.0035035014152526855,attack
16588,Flow IAT Std,t-5,-0.0006831884384155273,benign
16588,Flow Pkts/s,t-5,-0.00015020370483398438,benign
16588,Fwd Act Data Pkts,t-5,8.165836334228516e-06,attack
16588,Fwd Header Len,t-5,-0.00014525651931762695,benign
16588,Fwd IAT Max,t-5,0.0033403337001800537,attack
16588,Fwd IAT Mean,t-5,0.002883732318878174,attack
16588,Fwd IAT Min,t-5,0.0033913254737854004,attack
16588,Fwd IAT Std,t-5,-0.0008462071418762207,benign
16588,Fwd IAT Tot,t-5,-0.0011181831359863281,benign
16588,Fwd PSH Flags,t-5,-0.010065078735351562,benign
16588,Fwd Pkt Len Max,t-5,0.00013583898544311523,attack
16588,Fwd Pkt Len Mean,t-5,-0.0005624890327453613,benign
16588,Fwd Pkt Len Min,t-5,9.846687316894531e-05,attack
16588,Fwd Pkt Len Std,t-5,-0.0006086230278015137,benign
16588,Fwd Pkts/s,t-5,5.2988529205322266e-05,attack
16588,Fwd Seg Size Avg,t-5,-3.141164779663086e-05,benign
16588,Fwd Seg Size Min,t-5,-3.552436828613281e-05,benign
16588,Idle Max,t-5,0.0018775761127471924,attack
16588,Idle Mean,t-5,0.0019288957118988037,attack
16588,Idle Min,t-5,0.0025246739387512207,attack
16588,Idle Std,t-5,-1.7404556274414062e-05,benign
16588,Init Bwd Win Byts,t-5,0.000618278980255127,attack
16588,Init Fwd Win Byts,t-5,0.004194200038909912,attack
16588,PSH Flag Cnt,t-5,-6.812810897827148e-05,benign
16588,Pkt Len Max,t-5,-0.0010382533073425293,benign
16588,Pkt Len Mean,t-5,0.0001233816146850586,attack
16588,Pkt Len Min,t-5,0.00023108720779418945,attack
16588,Pkt Len Std,t-5,-0.0003813505172729492,benign
16588,Pkt Len Var,t-5,-0.00027614831924438477,benign
16588,Pkt Size Avg,t-5,0.0015555620193481445,attack
16588,RST Flag Cnt,t-5,-0.002116858959197998,benign
16588,SYN Flag Cnt,t-5,-0.011536598205566406,benign
16588,Subflow Bwd Byts,t-5,3.74913215637207e-05,attack
16588,Subflow Bwd Pkts,t-5,-2.682209014892578e-05,benign
16588,Subflow Fwd Byts,t-5,1.811981201171875e-05,attack
16588,Subflow Fwd Pkts,t-5,-0.0005649924278259277,benign
16588,Tot Bwd Pkts,t-5,-3.3974647521972656e-05,benign
16588,Tot Fwd Pkts,t-5,-0.00035822391510009766,benign
16588,TotLen Bwd Pkts,t-5,5.8650970458984375e-05,attack
16588,TotLen Fwd Pkts,t-5,9.417533874511719e-06,attack
16588,URG Flag Cnt,t-5,0.008732110261917114,attack
16588,Protocol_0,t-5,0.00013512372970581055,attack
16588,Protocol_6,t-5,5.3763389587402344e-05,attack
16588,Protocol_17,t-5,-2.8192996978759766e-05,benign
16588,ACK Flag Cnt,t-4,-0.005306124687194824,benign
16588,Active Max,t-4,-6.0677528381347656e-05,benign
16588,Active Mean,t-4,-6.157159805297852e-05,benign
16588,Active Min,t-4,0.00011235475540161133,attack
16588,Active Std,t-4,0.0005620718002319336,attack
16588,Bwd Header Len,t-4,9.518861770629883e-05,attack
16588,Bwd IAT Max,t-4,-5.9664249420166016e-05,benign
16588,Bwd IAT Mean,t-4,-0.000789642333984375,benign
16588,Bwd IAT Min,t-4,-0.0006041526794433594,benign
16588,Bwd IAT Std,t-4,6.687641143798828e-05,attack
16588,Bwd IAT Tot,t-4,-1.1742115020751953e-05,benign
16588,Bwd Pkt Len Max,t-4,-0.0015559792518615723,benign
16588,Bwd Pkt Len Mean,t-4,-2.47955322265625e-05,benign
16588,Bwd Pkt Len Min,t-4,-0.0019126534461975098,benign
16588,Bwd Pkt Len Std,t-4,-0.0019983649253845215,benign
16588,Bwd Pkts/s,t-4,7.581710815429688e-05,attack
16588,Bwd Seg Size Avg,t-4,-9.60230827331543e-05,benign
16588,Down/Up Ratio,t-4,2.0623207092285156e-05,attack
16588,ECE Flag Cnt,t-4,-0.0064896345138549805,benign
16588,Flow Byts/s,t-4,0.005195826292037964,attack
16588,Flow Duration,t-4,-0.001772761344909668,benign
16588,Flow IAT Max,t-4,0.0013736486434936523,attack
16588,Flow IAT Mean,t-4,0.0034535229206085205,attack
16588,Flow IAT Min,t-4,0.0035982131958007812,attack
16588,Flow IAT Std,t-4,2.47955322265625e-05,attack
16588,Flow Pkts/s,t-4,6.747245788574219e-05,attack
16588,Fwd Act Data Pkts,t-4,7.712841033935547e-05,attack
16588,Fwd Header Len,t-4,-4.0650367736816406e-05,benign
16588,Fwd IAT Max,t-4,0.0019374489784240723,attack
16588,Fwd IAT Mean,t-4,0.0035346150398254395,attack
16588,Fwd IAT Min,t-4,0.003720223903656006,attack
16588,Fwd IAT Std,t-4,0.0004521608352661133,attack
16588,Fwd IAT Tot,t-4,-0.0021504759788513184,benign
16588,Fwd PSH Flags,t-4,0.0006378889083862305,attack
16588,Fwd Pkt Len Max,t-4,0.002041369676589966,attack
16588,Fwd Pkt Len Mean,t-4,-0.0006054043769836426,benign
16588,Fwd Pkt Len Min,t-4,3.2782554626464844e-06,attack
16588,Fwd Pkt Len Std,t-4,-0.0003707408905029297,benign
16588,Fwd Pkts/s,t-4,-0.0002136826515197754,benign
16588,Fwd Seg Size Avg,t-4,0.0006484389305114746,attack
16588,Fwd Seg Size Min,t-4,-0.0007017254829406738,benign
16588,Idle Max,t-4,0.0017519593238830566,attack
16588,Idle Mean,t-4,0.001128077507019043,attack
16588,Idle Min,t-4,0.0012393593788146973,attack
16588,Idle Std,t-4,-0.00013315677642822266,benign
16588,Init Bwd Win Byts,t-4,0.001819610595703125,attack
16588,Init Fwd Win Byts,t-4,0.005108565092086792,attack
16588,PSH Flag Cnt,t-4,-7.843971252441406e-05,benign
16588,Pkt Len Max,t-4,-6.622076034545898e-05,benign
16588,Pkt Len Mean,t-4,0.0001571178436279297,attack
16588,Pkt Len Min,t-4,-1.531839370727539e-05,benign
16588,Pkt Len Std,t-4,-0.0002442002296447754,benign
16588,Pkt Len Var,t-4,-0.00023853778839111328,benign
16588,Pkt Size Avg,t-4,0.0004826784133911133,attack
16588,RST Flag Cnt,t-4,-0.005746126174926758,benign
16588,SYN Flag Cnt,t-4,-0.0009422898292541504,benign
16588,Subflow Bwd Byts,t-4,6.860494613647461e-05,attack
16588,Subflow Bwd Pkts,t-4,3.910064697265625e-05,attack
16588,Subflow Fwd Byts,t-4,0.00010228157043457031,attack
16588,Subflow Fwd Pkts,t-4,6.258487701416016e-06,attack
16588,Tot Bwd Pkts,t-4,2.014636993408203e-05,attack
16588,Tot Fwd Pkts,t-4,7.927417755126953e-06,attack
16588,TotLen Bwd Pkts,t-4,5.221366882324219e-05,attack
16588,TotLen Fwd Pkts,t-4,6.55055046081543e-05,attack
16588,URG Flag Cnt,t-4,-0.0020632147789001465,benign
16588,Protocol_0,t-4,-0.001071631908416748,benign
16588,Protocol_6,t-4,0.00022029876708984375,attack
16588,Protocol_17,t-4,-0.0001246333122253418,benign
16588,ACK Flag Cnt,t-3,-0.0004801750183105469,benign
16588,Active Max,t-3,0.0,neutral
16588,Active Mean,t-3,-8.302927017211914e-05,benign
16588,Active Min,t-3,-2.2649765014648438e-05,benign
16588,Active Std,t-3,1.3232231140136719e-05,attack
16588,Bwd Header Len,t-3,2.0682811737060547e-05,attack
16588,Bwd IAT Max,t-3,-3.349781036376953e-05,benign
16588,Bwd IAT Mean,t-3,1.6570091247558594e-05,attack
16588,Bwd IAT Min,t-3,0.0001487135887145996,attack
16588,Bwd IAT Std,t-3,9.953975677490234e-06,attack
16588,Bwd IAT Tot,t-3,-0.001315474510192871,benign
16588,Bwd Pkt Len Max,t-3,0.0018624663352966309,attack
16588,Bwd Pkt Len Mean,t-3,-0.003994941711425781,benign
16588,Bwd Pkt Len Min,t-3,7.677078247070312e-05,attack
16588,Bwd Pkt Len Std,t-3,0.0025043487548828125,attack
16588,Bwd Pkts/s,t-3,0.0004044771194458008,attack
16588,Bwd Seg Size Avg,t-3,-0.0005033016204833984,benign
16588,Down/Up Ratio,t-3,-0.00046694278717041016,benign
16588,ECE Flag Cnt,t-3,0.0007029175758361816,attack
16588,Flow Byts/s,t-3,4.738569259643555e-05,attack
16588,Flow Duration,t-3,0.0007413029670715332,attack
16588,Flow IAT Max,t-3,0.00024825334548950195,attack
16588,Flow IAT Mean,t-3,0.0005220174789428711,attack
16588,Flow IAT Min,t-3,0.0006873011589050293,attack
16588,Flow IAT Std,t-3,-2.2292137145996094e-05,benign
16588,Flow Pkts/s,t-3,-0.00043970346450805664,benign
16588,Fwd Act Data Pkts,t-3,-1.2159347534179688e-05,benign
16588,Fwd Header Len,t-3,1.1205673217773438e-05,attack
16588,Fwd IAT Max,t-3,0.00035506486892700195,attack
16588,Fwd IAT Mean,t-3,0.000739753246307373,attack
16588,Fwd IAT Min,t-3,0.00032711029052734375,attack
16588,Fwd IAT Std,t-3,-2.008676528930664e-05,benign
16588,Fwd IAT Tot,t-3,0.00027680397033691406,attack
16588,Fwd PSH Flags,t-3,-0.0010949373245239258,benign
16588,Fwd Pkt Len Max,t-3,0.0005875229835510254,attack
16588,Fwd Pkt Len Mean,t-3,-0.0005577206611633301,benign
16588,Fwd Pkt Len Min,t-3,-9.924173355102539e-05,benign
16588,Fwd Pkt Len Std,t-3,-0.0006304383277893066,benign
16588,Fwd Pkts/s,t-3,0.00010693073272705078,attack
16588,Fwd Seg Size Avg,t-3,-0.0008274316787719727,benign
16588,Fwd Seg Size Min,t-3,-0.0002620220184326172,benign
16588,Idle Max,t-3,0.000546574592590332,attack
16588,Idle Mean,t-3,7.56978988647461e-05,attack
16588,Idle Min,t-3,0.0004550814628601074,attack
16588,Idle Std,t-3,-7.098913192749023e-05,benign
16588,Init Bwd Win Byts,t-3,-0.0007970929145812988,benign
16588,Init Fwd Win Byts,t-3,-0.00015413761138916016,benign
16588,PSH Flag Cnt,t-3,3.349781036376953e-05,attack
16588,Pkt Len Max,t-3,-0.002714812755584717,benign
16588,Pkt Len Mean,t-3,-0.0011020898818969727,benign
16588,Pkt Len Min,t-3,-0.00017201900482177734,benign
16588,Pkt Len Std,t-3,-0.002178668975830078,benign
16588,Pkt Len Var,t-3,-0.0013044476509094238,benign
16588,Pkt Size Avg,t-3,-0.0006709694862365723,benign
16588,RST Flag Cnt,t-3,0.00035750865936279297,attack
16588,SYN Flag Cnt,t-3,-0.0008851289749145508,benign
16588,Subflow Bwd Byts,t-3,-1.0967254638671875e-05,benign
16588,Subflow Bwd Pkts,t-3,-4.4226646423339844e-05,benign
16588,Subflow Fwd Byts,t-3,8.702278137207031e-06,attack
16588,Subflow Fwd Pkts,t-3,2.872943878173828e-05,attack
16588,Tot Bwd Pkts,t-3,-6.133317947387695e-05,benign
16588,Tot Fwd Pkts,t-3,2.7239322662353516e-05,attack
16588,TotLen Bwd Pkts,t-3,-1.2814998626708984e-05,benign
16588,TotLen Fwd Pkts,t-3,2.384185791015625e-06,attack
16588,URG Flag Cnt,t-3,-0.0010649561882019043,benign
16588,Protocol_0,t-3,-0.0002993941307067871,benign
16588,Protocol_6,t-3,7.748603820800781e-06,attack
16588,Protocol_17,t-3,-0.0002449154853820801,benign
16588,ACK Flag Cnt,t-2,-0.0013339519500732422,benign
16588,Active Max,t-2,-5.960464477539063e-08,benign
16588,Active Mean,t-2,1.2278556823730469e-05,attack
16588,Active Min,t-2,1.722574234008789e-05,attack
16588,Active Std,t-2,9.357929229736328e-05,attack
16588,Bwd Header Len,t-2,0.0002751350402832031,attack
16588,Bwd IAT Max,t-2,-0.0008126497268676758,benign
16588,Bwd IAT Mean,t-2,-0.0003412961959838867,benign
16588,Bwd IAT Min,t-2,0.0002663731575012207,attack
16588,Bwd IAT Std,t-2,-0.0004939436912536621,benign
16588,Bwd IAT Tot,t-2,-0.0002893805503845215,benign
16588,Bwd Pkt Len Max,t-2,-0.003686368465423584,benign
16588,Bwd Pkt Len Mean,t-2,0.0017356276512145996,attack
16588,Bwd Pkt Len Min,t-2,0.0009485483169555664,attack
16588,Bwd Pkt Len Std,t-2,-0.002152740955352783,benign
16588,Bwd Pkts/s,t-2,0.0010665059089660645,attack
16588,Bwd Seg Size Avg,t-2,0.0006187558174133301,attack
16588,Down/Up Ratio,t-2,-0.00035202503204345703,benign
16588,ECE Flag Cnt,t-2,-0.0004876852035522461,benign
16588,Flow Byts/s,t-2,9.202957153320312e-05,attack
16588,Flow Duration,t-2,-0.0002918243408203125,benign
16588,Flow IAT Max,t-2,3.88026237487793e-05,attack
16588,Flow IAT Mean,t-2,-0.0001391768455505371,benign
16588,Flow IAT Min,t-2,-0.0002446174621582031,benign
16588,Flow IAT Std,t-2,-0.0001963973045349121,benign
16588,Flow Pkts/s,t-2,0.00017309188842773438,attack
16588,Fwd Act Data Pkts,t-2,-3.457069396972656e-05,benign
16588,Fwd Header Len,t-2,-1.728534698486328e-05,benign
16588,Fwd IAT Max,t-2,7.933378219604492e-05,attack
16588,Fwd IAT Mean,t-2,-0.00012969970703125,benign
16588,Fwd IAT Min,t-2,-0.00035327672958374023,benign
16588,Fwd IAT Std,t-2,-0.00029724836349487305,benign
16588,Fwd IAT Tot,t-2,-0.0005639195442199707,benign
16588,Fwd PSH Flags,t-2,0.001340329647064209,attack
16588,Fwd Pkt Len Max,t-2,-0.000713050365447998,benign
16588,Fwd Pkt Len Mean,t-2,-2.855062484741211e-05,benign
16588,Fwd Pkt Len Min,t-2,0.00017893314361572266,attack
16588,Fwd Pkt Len Std,t-2,-0.0011110901832580566,benign
16588,Fwd Pkts/s,t-2,2.0325183868408203e-05,attack
16588,Fwd Seg Size Avg,t-2,0.0006919503211975098,attack
16588,Fwd Seg Size Min,t-2,-5.6862831115722656e-05,benign
16588,Idle Max,t-2,2.1696090698242188e-05,attack
16588,Idle Mean,t-2,0.00022113323211669922,attack
16588,Idle Min,t-2,0.00018012523651123047,attack
16588,Idle Std,t-2,0.0010595917701721191,attack
16588,Init Bwd Win Byts,t-2,5.8650970458984375e-05,attack
16588,Init Fwd Win Byts,t-2,0.0009985566139221191,attack
16588,PSH Flag Cnt,t-2,5.3942203521728516e-05,attack
16588,Pkt Len Max,t-2,-0.001572728157043457,benign
16588,Pkt Len Mean,t-2,0.0016842782497406006,attack
16588,Pkt Len Min,t-2,-0.0003871321678161621,benign
16588,Pkt Len Std,t-2,-0.0010090470314025879,benign
16588,Pkt Len Var,t-2,-4.965066909790039e-05,benign
16588,Pkt Size Avg,t-2,-0.00015789270401000977,benign
16588,RST Flag Cnt,t-2,-0.0005997419357299805,benign
16588,SYN Flag Cnt,t-2,0.005809366703033447,attack
16588,Subflow Bwd Byts,t-2,0.00013506412506103516,attack
16588,Subflow Bwd Pkts,t-2,2.473592758178711e-05,attack
16588,Subflow Fwd Byts,t-2,-4.595518112182617e-05,benign
16588,Subflow Fwd Pkts,t-2,7.545948028564453e-05,attack
16588,Tot Bwd Pkts,t-2,5.739927291870117e-05,attack
16588,Tot Fwd Pkts,t-2,8.344650268554688e-05,attack
16588,TotLen Bwd Pkts,t-2,4.678964614868164e-05,attack
16588,TotLen Fwd Pkts,t-2,-7.128715515136719e-05,benign
16588,URG Flag Cnt,t-2,0.0001685619354248047,attack
16588,Protocol_0,t-2,0.0010483860969543457,attack
16588,Protocol_6,t-2,4.0590763092041016e-05,attack
16588,Protocol_17,t-2,6.836652755737305e-05,attack
16588,ACK Flag Cnt,t-1,-0.0016170740127563477,benign
16588,Active Max,t-1,5.418062210083008e-05,attack
16588,Active Mean,t-1,-2.3543834686279297e-05,benign
16588,Active Min,t-1,-0.00011754035949707031,benign
16588,Active Std,t-1,-0.00010353326797485352,benign
16588,Bwd Header Len,t-1,5.048513412475586e-05,attack
16588,Bwd IAT Max,t-1,1.7881393432617188e-05,attack
16588,Bwd IAT Mean,t-1,8.940696716308594e-07,attack
16588,Bwd IAT Min,t-1,0.00012356042861938477,attack
16588,Bwd IAT Std,t-1,-0.0004832148551940918,benign
16588,Bwd IAT Tot,t-1,-0.0012862086296081543,benign
16588,Bwd Pkt Len Max,t-1,1.3172626495361328e-05,attack
16588,Bwd Pkt Len Mean,t-1,0.0012885332107543945,attack
16588,Bwd Pkt Len Min,t-1,0.0007619857788085938,attack
16588,Bwd Pkt Len Std,t-1,0.0006684064865112305,attack
16588,Bwd Pkts/s,t-1,0.0007429718971252441,attack
16588,Bwd Seg Size Avg,t-1,0.0001556873321533203,attack
16588,Down/Up Ratio,t-1,-0.0007731318473815918,benign
16588,ECE Flag Cnt,t-1,0.00015360116958618164,attack
16588,Flow Byts/s,t-1,0.00040137767791748047,attack
16588,Flow Duration,t-1,-0.0013880729675292969,benign
16588,Flow IAT Max,t-1,0.0004927515983581543,attack
16588,Flow IAT Mean,t-1,-0.00039952993392944336,benign
16588,Flow IAT Min,t-1,-0.0008046627044677734,benign
16588,Flow IAT Std,t-1,-0.002265632152557373,benign
16588,Flow Pkts/s,t-1,0.00022298097610473633,attack
16588,Fwd Act Data Pkts,t-1,0.000141143798828125,attack
16588,Fwd Header Len,t-1,-8.106231689453125e-06,benign
16588,Fwd IAT Max,t-1,4.5239925384521484e-05,attack
16588,Fwd IAT Mean,t-1,-3.4749507904052734e-05,benign
16588,Fwd IAT Min,t-1,-0.0005950927734375,benign
16588,Fwd IAT Std,t-1,-0.002555251121520996,benign
16588,Fwd IAT Tot,t-1,-0.0013749003410339355,benign
16588,Fwd PSH Flags,t-1,-0.0008925795555114746,benign
16588,Fwd Pkt Len Max,t-1,-0.0003707408905029297,benign
16588,Fwd Pkt Len Mean,t-1,0.0005346536636352539,attack
16588,Fwd Pkt Len Min,t-1,-0.0007564425468444824,benign
16588,Fwd Pkt Len Std,t-1,0.0004901885986328125,attack
16588,Fwd Pkts/s,t-1,0.00024080276489257812,attack
16588,Fwd Seg Size Avg,t-1,0.00017762184143066406,attack
16588,Fwd Seg Size Min,t-1,-0.001546025276184082,benign
16588,Idle Max,t-1,0.0008251667022705078,attack
16588,Idle Mean,t-1,-2.0265579223632812e-06,benign
16588,Idle Min,t-1,-0.00013005733489990234,benign
16588,Idle Std,t-1,0.004971563816070557,attack
16588,Init Bwd Win Byts,t-1,0.0008116364479064941,attack
16588,Init Fwd Win Byts,t-1,2.5391578674316406e-05,attack
16588,PSH Flag Cnt,t-1,-0.00023829936981201172,benign
16588,Pkt Len Max,t-1,0.00010192394256591797,attack
16588,Pkt Len Mean,t-1,0.0005899667739868164,attack
16588,Pkt Len Min,t-1,-0.0009834766387939453,benign
16588,Pkt Len Std,t-1,-0.00022399425506591797,benign
16588,Pkt Len Var,t-1,0.0018332898616790771,attack
16588,Pkt Size Avg,t-1,0.0002097487449645996,attack
16588,RST Flag Cnt,t-1,7.516145706176758e-05,attack
16588,SYN Flag Cnt,t-1,-0.0017511248588562012,benign
16588,Subflow Bwd Byts,t-1,-6.210803985595703e-05,benign
16588,Subflow Bwd Pkts,t-1,3.504753112792969e-05,attack
16588,Subflow Fwd Byts,t-1,-5.6743621826171875e-05,benign
16588,Subflow Fwd Pkts,t-1,-6.16312026977539e-05,benign
16588,Tot Bwd Pkts,t-1,-7.289648056030273e-05,benign
16588,Tot Fwd Pkts,t-1,7.092952728271484e-05,attack
16588,TotLen Bwd Pkts,t-1,-8.463859558105469e-05,benign
16588,TotLen Fwd Pkts,t-1,-1.6987323760986328e-05,benign
16588,URG Flag Cnt,t-1,0.00014841556549072266,attack
16588,Protocol_0,t-1,-0.0001392364501953125,benign
16588,Protocol_6,t-1,-4.178285598754883e-05,benign
16588,Protocol_17,t-1,0.00034624338150024414,attack
16588,ACK Flag Cnt,t,-0.003772139549255371,benign
16588,Active Max,t,-0.0003788471221923828,benign
16588,Active Mean,t,5.507469177246094e-05,attack
16588,Active Min,t,4.9591064453125e-05,attack
16588,Active Std,t,-0.00018042325973510742,benign
16588,Bwd Header Len,t,-6.824731826782227e-05,benign
16588,Bwd IAT Max,t,-0.0005340576171875,benign
16588,Bwd IAT Mean,t,0.0003001093864440918,attack
16588,Bwd IAT Min,t,0.0001309514045715332,attack
16588,Bwd IAT Std,t,0.0001685619354248047,attack
16588,Bwd IAT Tot,t,-0.00018543004989624023,benign
16588,Bwd Pkt Len Max,t,-0.0014733076095581055,benign
16588,Bwd Pkt Len Mean,t,0.0003173947334289551,attack
16588,Bwd Pkt Len Min,t,-1.6808509826660156e-05,benign
16588,Bwd Pkt Len Std,t,-0.0012512803077697754,benign
16588,Bwd Pkts/s,t,0.0004221796989440918,attack
16588,Bwd Seg Size Avg,t,0.0002490878105163574,attack
16588,Down/Up Ratio,t,-0.0003685951232910156,benign
16588,ECE Flag Cnt,t,-0.0005255341529846191,benign
16588,Flow Byts/s,t,3.635883331298828e-06,attack
16588,Flow Duration,t,0.0013089179992675781,attack
16588,Flow IAT Max,t,-0.0010367631912231445,benign
16588,Flow IAT Mean,t,-0.0012804269790649414,benign
16588,Flow IAT Min,t,-0.0018541216850280762,benign
16588,Flow IAT Std,t,0.001016080379486084,attack
16588,Flow Pkts/s,t,-0.00029861927032470703,benign
16588,Fwd Act Data Pkts,t,7.492303848266602e-05,attack
16588,Fwd Header Len,t,-0.0004455447196960449,benign
16588,Fwd IAT Max,t,-0.0003966093063354492,benign
16588,Fwd IAT Mean,t,-0.0009549260139465332,benign
16588,Fwd IAT Min,t,-0.0017594099044799805,benign
16588,Fwd IAT Std,t,0.0022991597652435303,attack
16588,Fwd IAT Tot,t,0.002506554126739502,attack
16588,Fwd PSH Flags,t,-0.0016549229621887207,benign
16588,Fwd Pkt Len Max,t,0.0003484487533569336,attack
16588,Fwd Pkt Len Mean,t,-0.0004926323890686035,benign
16588,Fwd Pkt Len Min,t,-0.0003464221954345703,benign
16588,Fwd Pkt Len Std,t,-0.0028960108757019043,benign
16588,Fwd Pkts/s,t,-0.00017464160919189453,benign
16588,Fwd Seg Size Avg,t,0.00048297643661499023,attack
16588,Fwd Seg Size Min,t,0.0003644227981567383,attack
16588,Idle Max,t,-0.0014011859893798828,benign
16588,Idle Mean,t,-0.0009882450103759766,benign
16588,Idle Min,t,-0.0006759762763977051,benign
16588,Idle Std,t,-5.7220458984375e-05,benign
16588,Init Bwd Win Byts,t,-0.0013067126274108887,benign
16588,Init Fwd Win Byts,t,-0.00013709068298339844,benign
16588,PSH Flag Cnt,t,-0.0004286766052246094,benign
16588,Pkt Len Max,t,-0.0006245970726013184,benign
16588,Pkt Len Mean,t,0.0012135505676269531,attack
16588,Pkt Len Min,t,-0.0005875229835510254,benign
16588,Pkt Len Std,t,-0.0003943443298339844,benign
16588,Pkt Len Var,t,0.0007985830307006836,attack
16588,Pkt Size Avg,t,0.00015407800674438477,attack
16588,RST Flag Cnt,t,-0.000613868236541748,benign
16588,SYN Flag Cnt,t,-0.0017709732055664062,benign
16588,Subflow Bwd Byts,t,-0.00011461973190307617,benign
16588,Subflow Bwd Pkts,t,-8.52346420288086e-05,benign
16588,Subflow Fwd Byts,t,-5.257129669189453e-05,benign
16588,Subflow Fwd Pkts,t,-0.0007375478744506836,benign
16588,Tot Bwd Pkts,t,-0.0001952052116394043,benign
16588,Tot Fwd Pkts,t,-0.0003070831298828125,benign
16588,TotLen Bwd Pkts,t,-7.104873657226562e-05,benign
16588,TotLen Fwd Pkts,t,-9.340047836303711e-05,benign
16588,URG Flag Cnt,t,-0.0010132789611816406,benign
16588,Protocol_0,t,0.0002701282501220703,attack
16588,Protocol_6,t,-0.00021958351135253906,benign
16588,Protocol_17,t,-5.841255187988281e-06,benign
16772,ACK Flag Cnt,t-9,0.0005364418029785156,attack
16772,Active Max,t-9,9.59634780883789e-06,attack
16772,Active Mean,t-9,7.3909759521484375e-06,attack
16772,Active Min,t-9,2.6464462280273438e-05,attack
16772,Active Std,t-9,8.958578109741211e-05,attack
16772,Bwd Header Len,t-9,-0.0002104640007019043,benign
16772,Bwd IAT Max,t-9,0.0001729130744934082,attack
16772,Bwd IAT Mean,t-9,-0.00019490718841552734,benign
16772,Bwd IAT Min,t-9,-6.020069122314453e-05,benign
16772,Bwd IAT Std,t-9,7.867813110351562e-06,attack
16772,Bwd IAT Tot,t-9,-6.35385513305664e-05,benign
16772,Bwd Pkt Len Max,t-9,0.00033146142959594727,attack
16772,Bwd Pkt Len Mean,t-9,-0.001897275447845459,benign
16772,Bwd Pkt Len Min,t-9,-0.0010565519332885742,benign
16772,Bwd Pkt Len Std,t-9,0.0003927946090698242,attack
16772,Bwd Pkts/s,t-9,1.1801719665527344e-05,attack
16772,Bwd Seg Size Avg,t-9,0.002178490161895752,attack
16772,Down/Up Ratio,t-9,-0.0002238750457763672,benign
16772,ECE Flag Cnt,t-9,-0.0005064606666564941,benign
16772,Flow Byts/s,t-9,3.874301910400391e-06,attack
16772,Flow Duration,t-9,6.824731826782227e-05,attack
16772,Flow IAT Max,t-9,0.00010257959365844727,attack
16772,Flow IAT Mean,t-9,0.0006067752838134766,attack
16772,Flow IAT Min,t-9,0.0005547404289245605,attack
16772,Flow IAT Std,t-9,-6.520748138427734e-05,benign
16772,Flow Pkts/s,t-9,-3.987550735473633e-05,benign
16772,Fwd Act Data Pkts,t-9,-1.043081283569336e-05,benign
16772,Fwd Header Len,t-9,1.9669532775878906e-05,attack
16772,Fwd IAT Max,t-9,0.0006000995635986328,attack
16772,Fwd IAT Mean,t-9,0.0007399916648864746,attack
16772,Fwd IAT Min,t-9,0.0006384849548339844,attack
16772,Fwd IAT Std,t-9,-0.00017970800399780273,benign
16772,Fwd IAT Tot,t-9,-0.00047844648361206055,benign
16772,Fwd PSH Flags,t-9,-5.346536636352539e-05,benign
16772,Fwd Pkt Len Max,t-9,1.0132789611816406e-06,attack
16772,Fwd Pkt Len Mean,t-9,-0.00023233890533447266,benign
16772,Fwd Pkt Len Min,t-9,5.304813385009766e-06,attack
16772,Fwd Pkt Len Std,t-9,-9.107589721679688e-05,benign
16772,Fwd Pkts/s,t-9,-0.00018996000289916992,benign
16772,Fwd Seg Size Avg,t-9,-6.514787673950195e-05,benign
16772,Fwd Seg Size Min,t-9,-8.356571197509766e-05,benign
16772,Idle Max,t-9,0.0006632804870605469,attack
16772,Idle Mean,t-9,0.0005411505699157715,attack
16772,Idle Min,t-9,0.0006108283996582031,attack
16772,Idle Std,t-9,-0.0001010894775390625,benign
16772,Init Bwd Win Byts,t-9,-0.00023090839385986328,benign
16772,Init Fwd Win Byts,t-9,0.00018739700317382812,attack
16772,PSH Flag Cnt,t-9,4.0590763092041016e-05,attack
16772,Pkt Len Max,t-9,0.0009046196937561035,attack
16772,Pkt Len Mean,t-9,-0.0009495019912719727,benign
16772,Pkt Len Min,t-9,-5.5849552154541016e-05,benign
16772,Pkt Len Std,t-9,3.8564205169677734e-05,attack
16772,Pkt Len Var,t-9,-0.0018564462661743164,benign
16772,Pkt Size Avg,t-9,-0.0002002716064453125,benign
16772,RST Flag Cnt,t-9,-0.0006028413772583008,benign
16772,SYN Flag Cnt,t-9,-0.00014227628707885742,benign
16772,Subflow Bwd Byts,t-9,0.00012767314910888672,attack
16772,Subflow Bwd Pkts,t-9,-5.435943603515625e-05,benign
16772,Subflow Fwd Byts,t-9,5.9604644775390625e-06,attack
16772,Subflow Fwd Pkts,t-9,-0.0004080533981323242,benign
16772,Tot Bwd Pkts,t-9,-0.00041675567626953125,benign
16772,Tot Fwd Pkts,t-9,-0.00033104419708251953,benign
16772,TotLen Bwd Pkts,t-9,-0.00027626752853393555,benign
16772,TotLen Fwd Pkts,t-9,1.0251998901367188e-05,attack
16772,URG Flag Cnt,t-9,-0.00039970874786376953,benign
16772,Protocol_0,t-9,-0.00010406970977783203,benign
16772,Protocol_6,t-9,-8.744001388549805e-05,benign
16772,Protocol_17,t-9,-5.370378494262695e-05,benign
16772,ACK Flag Cnt,t-8,0.001201927661895752,attack
16772,Active Max,t-8,1.9848346710205078e-05,attack
16772,Active Mean,t-8,-3.057718276977539e-05,benign
16772,Active Min,t-8,4.351139068603516e-06,attack
16772,Active Std,t-8,0.00012040138244628906,attack
16772,Bwd Header Len,t-8,-0.00019180774688720703,benign
16772,Bwd IAT Max,t-8,0.0005370378494262695,attack
16772,Bwd IAT Mean,t-8,9.775161743164062e-06,attack
16772,Bwd IAT Min,t-8,2.664327621459961e-05,attack
16772,Bwd IAT Std,t-8,0.0005376338958740234,attack
16772,Bwd IAT Tot,t-8,-0.00029975175857543945,benign
16772,Bwd Pkt Len Max,t-8,0.00012940168380737305,attack
16772,Bwd Pkt Len Mean,t-8,-0.0006455183029174805,benign
16772,Bwd Pkt Len Min,t-8,-0.0026876330375671387,benign
16772,Bwd Pkt Len Std,t-8,-0.0001354813575744629,benign
16772,Bwd Pkts/s,t-8,-4.649162292480469e-06,benign
16772,Bwd Seg Size Avg,t-8,-3.129243850708008e-05,benign
16772,Down/Up Ratio,t-8,0.00013768672943115234,attack
16772,ECE Flag Cnt,t-8,-0.0006958842277526855,benign
16772,Flow Byts/s,t-8,-1.6868114471435547e-05,benign
16772,Flow Duration,t-8,0.00011008977890014648,attack
16772,Flow IAT Max,t-8,4.792213439941406e-05,attack
16772,Flow IAT Mean,t-8,0.0009481310844421387,attack
16772,Flow IAT Min,t-8,0.0012546777725219727,attack
16772,Flow IAT Std,t-8,0.00010406970977783203,attack
16772,Flow Pkts/s,t-8,-0.00013905763626098633,benign
16772,Fwd Act Data Pkts,t-8,4.291534423828125e-05,attack
16772,Fwd Header Len,t-8,-1.3649463653564453e-05,benign
16772,Fwd IAT Max,t-8,0.00018143653869628906,attack
16772,Fwd IAT Mean,t-8,0.0010422468185424805,attack
16772,Fwd IAT Min,t-8,0.0013069510459899902,attack
16772,Fwd IAT Std,t-8,0.00034755468368530273,attack
16772,Fwd IAT Tot,t-8,0.0002243518829345703,attack
16772,Fwd PSH Flags,t-8,-5.245208740234375e-05,benign
16772,Fwd Pkt Len Max,t-8,6.80088996887207e-05,attack
16772,Fwd Pkt Len Mean,t-8,-7.939338684082031e-05,benign
16772,Fwd Pkt Len Min,t-8,6.23464584350586e-05,attack
16772,Fwd Pkt Len Std,t-8,1.0728836059570312e-05,attack
16772,Fwd Pkts/s,t-8,-0.0001785755157470703,benign
16772,Fwd Seg Size Avg,t-8,-1.138448715209961e-05,benign
16772,Fwd Seg Size Min,t-8,-8.440017700195312e-05,benign
16772,Idle Max,t-8,1.633167266845703e-05,attack
16772,Idle Mean,t-8,-1.9431114196777344e-05,benign
16772,Idle Min,t-8,-3.987550735473633e-05,benign
16772,Idle Std,t-8,-7.653236389160156e-05,benign
16772,Init Bwd Win Byts,t-8,-9.548664093017578e-05,benign
16772,Init Fwd Win Byts,t-8,0.0009723305702209473,attack
16772,PSH Flag Cnt,t-8,2.2232532501220703e-05,attack
16772,Pkt Len Max,t-8,1.8894672393798828e-05,attack
16772,Pkt Len Mean,t-8,-0.0002371072769165039,benign
16772,Pkt Len Min,t-8,0.00011980533599853516,attack
16772,Pkt Len Std,t-8,5.0067901611328125e-05,attack
16772,Pkt Len Var,t-8,-0.0002474188804626465,benign
16772,Pkt Size Avg,t-8,-0.0006357431411743164,benign
16772,RST Flag Cnt,t-8,-0.0009122490882873535,benign
16772,SYN Flag Cnt,t-8,-0.0003790855407714844,benign
16772,Subflow Bwd Byts,t-8,-3.3020973205566406e-05,benign
16772,Subflow Bwd Pkts,t-8,-0.00010603666305541992,benign
16772,Subflow Fwd Byts,t-8,-4.458427429199219e-05,benign
16772,Subflow Fwd Pkts,t-8,-0.0004438161849975586,benign
16772,Tot Bwd Pkts,t-8,-0.00016385316848754883,benign
16772,Tot Fwd Pkts,t-8,-0.00028508901596069336,benign
16772,TotLen Bwd Pkts,t-8,-9.000301361083984e-05,benign
16772,TotLen Fwd Pkts,t-8,-2.5391578674316406e-05,benign
16772,URG Flag Cnt,t-8,-0.0004982352256774902,benign
16772,Protocol_0,t-8,-0.00026786327362060547,benign
16772,Protocol_6,t-8,-6.4373016357421875e-06,benign
16772,Protocol_17,t-8,-0.0001596212387084961,benign
16772,ACK Flag Cnt,t-7,0.00037175416946411133,attack
16772,Active Max,t-7,9.584426879882812e-05,attack
16772,Active Mean,t-7,-3.4749507904052734e-05,benign
16772,Active Min,t-7,9.775161743164062e-06,attack
16772,Active Std,t-7,0.00015848875045776367,attack
16772,Bwd Header Len,t-7,7.611513137817383e-05,attack
16772,Bwd IAT Max,t-7,0.00010156631469726562,attack
16772,Bwd IAT Mean,t-7,7.62939453125e-06,attack
16772,Bwd IAT Min,t-7,8.887052536010742e-05,attack
16772,Bwd IAT Std,t-7,-3.743171691894531e-05,benign
16772,Bwd IAT Tot,t-7,0.0004335641860961914,attack
16772,Bwd Pkt Len Max,t-7,-0.00012701749801635742,benign
16772,Bwd Pkt Len Mean,t-7,-0.00018030405044555664,benign
16772,Bwd Pkt Len Min,t-7,0.00010901689529418945,attack
16772,Bwd Pkt Len Std,t-7,0.0005090832710266113,attack
16772,Bwd Pkts/s,t-7,-3.4332275390625e-05,benign
16772,Bwd Seg Size Avg,t-7,7.343292236328125e-05,attack
16772,Down/Up Ratio,t-7,3.075599670410156e-05,attack
16772,ECE Flag Cnt,t-7,-0.0001221299171447754,benign
16772,Flow Byts/s,t-7,5.608797073364258e-05,attack
16772,Flow Duration,t-7,-0.00010478496551513672,benign
16772,Flow IAT Max,t-7,-5.960464477539063e-08,benign
16772,Flow IAT Mean,t-7,-0.00036638975143432617,benign
16772,Flow IAT Min,t-7,-0.000518798828125,benign
16772,Flow IAT Std,t-7,-0.0001042485237121582,benign
16772,Flow Pkts/s,t-7,0.00021415948867797852,attack
16772,Fwd Act Data Pkts,t-7,2.6404857635498047e-05,attack
16772,Fwd Header Len,t-7,4.285573959350586e-05,attack
16772,Fwd IAT Max,t-7,4.5299530029296875e-06,attack
16772,Fwd IAT Mean,t-7,-0.00030285120010375977,benign
16772,Fwd IAT Min,t-7,-0.0006440877914428711,benign
16772,Fwd IAT Std,t-7,-0.0006085038185119629,benign
16772,Fwd IAT Tot,t-7,-0.00014352798461914062,benign
16772,Fwd PSH Flags,t-7,0.00017011165618896484,attack
16772,Fwd Pkt Len Max,t-7,2.0325183868408203e-05,attack
16772,Fwd Pkt Len Mean,t-7,3.916025161743164e-05,attack
16772,Fwd Pkt Len Min,t-7,3.2186508178710938e-06,attack
16772,Fwd Pkt Len Std,t-7,6.014108657836914e-05,attack
16772,Fwd Pkts/s,t-7,9.66191291809082e-05,attack
16772,Fwd Seg Size Avg,t-7,2.2530555725097656e-05,attack
16772,Fwd Seg Size Min,t-7,0.0005701184272766113,attack
16772,Idle Max,t-7,-2.0205974578857422e-05,benign
16772,Idle Mean,t-7,-4.279613494873047e-05,benign
16772,Idle Min,t-7,-0.00011199712753295898,benign
16772,Idle Std,t-7,-8.362531661987305e-05,benign
16772,Init Bwd Win Byts,t-7,0.0002422332763671875,attack
16772,Init Fwd Win Byts,t-7,0.0008016824722290039,attack
16772,PSH Flag Cnt,t-7,1.531839370727539e-05,attack
16772,Pkt Len Max,t-7,-9.09566879272461e-05,benign
16772,Pkt Len Mean,t-7,-2.9861927032470703e-05,benign
16772,Pkt Len Min,t-7,-6.556510925292969e-06,benign
16772,Pkt Len Std,t-7,-7.033348083496094e-06,benign
16772,Pkt Len Var,t-7,-3.5881996154785156e-05,benign
16772,Pkt Size Avg,t-7,-5.8650970458984375e-05,benign
16772,RST Flag Cnt,t-7,-0.00016540288925170898,benign
16772,SYN Flag Cnt,t-7,-2.1159648895263672e-05,benign
16772,Subflow Bwd Byts,t-7,4.166364669799805e-05,attack
16772,Subflow Bwd Pkts,t-7,5.990266799926758e-05,attack
16772,Subflow Fwd Byts,t-7,2.4139881134033203e-05,attack
16772,Subflow Fwd Pkts,t-7,0.00017821788787841797,attack
16772,Tot Bwd Pkts,t-7,5.751848220825195e-05,attack
16772,Tot Fwd Pkts,t-7,0.00014322996139526367,attack
16772,TotLen Bwd Pkts,t-7,5.036592483520508e-05,attack
16772,TotLen Fwd Pkts,t-7,1.2516975402832031e-05,attack
16772,URG Flag Cnt,t-7,-0.00033026933670043945,benign
16772,Protocol_0,t-7,0.00041222572326660156,attack
16772,Protocol_6,t-7,9.876489639282227e-05,attack
16772,Protocol_17,t-7,-7.051229476928711e-05,benign
16772,ACK Flag Cnt,t-6,-0.0001933574676513672,benign
16772,Active Max,t-6,3.457069396972656e-05,attack
16772,Active Mean,t-6,8.344650268554688e-07,attack
16772,Active Min,t-6,4.744529724121094e-05,attack
16772,Active Std,t-6,9.542703628540039e-05,attack
16772,Bwd Header Len,t-6,2.1338462829589844e-05,attack
16772,Bwd IAT Max,t-6,4.303455352783203e-05,attack
16772,Bwd IAT Mean,t-6,0.00020509958267211914,attack
16772,Bwd IAT Min,t-6,6.783008575439453e-05,attack
16772,Bwd IAT Std,t-6,-2.9265880584716797e-05,benign
16772,Bwd IAT Tot,t-6,0.00029271841049194336,attack
16772,Bwd Pkt Len Max,t-6,0.00037342309951782227,attack
16772,Bwd Pkt Len Mean,t-6,-0.0006176233291625977,benign
16772,Bwd Pkt Len Min,t-6,0.00018548965454101562,attack
16772,Bwd Pkt Len Std,t-6,0.0011069774627685547,attack
16772,Bwd Pkts/s,t-6,-6.884336471557617e-05,benign
16772,Bwd Seg Size Avg,t-6,-0.00025159120559692383,benign
16772,Down/Up Ratio,t-6,-0.0001679062843322754,benign
16772,ECE Flag Cnt,t-6,-0.00036525726318359375,benign
16772,Flow Byts/s,t-6,0.00012958049774169922,attack
16772,Flow Duration,t-6,-2.8908252716064453e-05,benign
16772,Flow IAT Max,t-6,-0.00016385316848754883,benign
16772,Flow IAT Mean,t-6,-0.00014859437942504883,benign
16772,Flow IAT Min,t-6,-0.00014847517013549805,benign
16772,Flow IAT Std,t-6,3.337860107421875e-06,attack
16772,Flow Pkts/s,t-6,0.00011670589447021484,attack
16772,Fwd Act Data Pkts,t-6,1.9848346710205078e-05,attack
16772,Fwd Header Len,t-6,-3.218650817871094e-05,benign
16772,Fwd IAT Max,t-6,-7.140636444091797e-05,benign
16772,Fwd IAT Mean,t-6,-1.3589859008789062e-05,benign
16772,Fwd IAT Min,t-6,-3.439188003540039e-05,benign
16772,Fwd IAT Std,t-6,-0.00019186735153198242,benign
16772,Fwd IAT Tot,t-6,-0.00016021728515625,benign
16772,Fwd PSH Flags,t-6,-0.00022476911544799805,benign
16772,Fwd Pkt Len Max,t-6,0.0003732442855834961,attack
16772,Fwd Pkt Len Mean,t-6,-0.00018519163131713867,benign
16772,Fwd Pkt Len Min,t-6,-0.0001761317253112793,benign
16772,Fwd Pkt Len Std,t-6,-0.00046193599700927734,benign
16772,Fwd Pkts/s,t-6,0.0001379847526550293,attack
16772,Fwd Seg Size Avg,t-6,0.0001049041748046875,attack
16772,Fwd Seg Size Min,t-6,0.00011152029037475586,attack
16772,Idle Max,t-6,-0.0001468062400817871,benign
16772,Idle Mean,t-6,-8.434057235717773e-05,benign
16772,Idle Min,t-6,-3.0338764190673828e-05,benign
16772,Idle Std,t-6,-6.973743438720703e-05,benign
16772,Init Bwd Win Byts,t-6,1.537799835205078e-05,attack
16772,Init Fwd Win Byts,t-6,0.0001800060272216797,attack
16772,PSH Flag Cnt,t-6,-3.713369369506836e-05,benign
16772,Pkt Len Max,t-6,-0.0007384419441223145,benign
16772,Pkt Len Mean,t-6,-3.6716461181640625e-05,benign
16772,Pkt Len Min,t-6,-3.17692756652832e-05,benign
16772,Pkt Len Std,t-6,-0.0005227923393249512,benign
16772,Pkt Len Var,t-6,-0.00030982494354248047,benign
16772,Pkt Size Avg,t-6,-3.3974647521972656e-05,benign
16772,RST Flag Cnt,t-6,-0.00020617246627807617,benign
16772,SYN Flag Cnt,t-6,-0.00032573938369750977,benign
16772,Subflow Bwd Byts,t-6,2.282857894897461e-05,attack
16772,Subflow Bwd Pkts,t-6,2.568960189819336e-05,attack
16772,Subflow Fwd Byts,t-6,3.3974647521972656e-06,attack
16772,Subflow Fwd Pkts,t-6,8.499622344970703e-05,attack
16772,Tot Bwd Pkts,t-6,-3.993511199951172e-06,benign
16772,Tot Fwd Pkts,t-6,3.0875205993652344e-05,attack
16772,TotLen Bwd Pkts,t-6,1.3947486877441406e-05,attack
16772,TotLen Fwd Pkts,t-6,-3.874301910400391e-06,benign
16772,URG Flag Cnt,t-6,-0.00031125545501708984,benign
16772,Protocol_0,t-6,-3.540515899658203e-05,benign
16772,Protocol_6,t-6,-1.7583370208740234e-05,benign
16772,Protocol_17,t-6,-7.653236389160156e-05,benign
16772,ACK Flag Cnt,t-5,-0.002503514289855957,benign
16772,Active Max,t-5,7.259845733642578e-05,attack
16772,Active Mean,t-5,3.522634506225586e-05,attack
16772,Active Min,t-5,4.6193599700927734e-05,attack
16772,Active Std,t-5,0.00012195110321044922,attack
16772,Bwd Header Len,t-5,-0.0004171133041381836,benign
16772,Bwd IAT Max,t-5,-4.3511390686035156e-05,benign
16772,Bwd IAT Mean,t-5,-0.000376284122467041,benign
16772,Bwd IAT Min,t-5,-0.0001531839370727539,benign
16772,Bwd IAT Std,t-5,2.6226043701171875e-06,attack
16772,Bwd IAT Tot,t-5,0.0005574822425842285,attack
16772,Bwd Pkt Len Max,t-5,0.0003281235694885254,attack
16772,Bwd Pkt Len Mean,t-5,-0.00023561716079711914,benign
16772,Bwd Pkt Len Min,t-5,-0.0015931129455566406,benign
16772,Bwd Pkt Len Std,t-5,0.0006965398788452148,attack
16772,Bwd Pkts/s,t-5,-0.0001761317253112793,benign
16772,Bwd Seg Size Avg,t-5,0.0010935068130493164,attack
16772,Down/Up Ratio,t-5,-0.00038754940032958984,benign
16772,ECE Flag Cnt,t-5,-0.008922815322875977,benign
16772,Flow Byts/s,t-5,-9.304285049438477e-05,benign
16772,Flow Duration,t-5,0.00026875734329223633,attack
16772,Flow IAT Max,t-5,0.00044780969619750977,attack
16772,Flow IAT Mean,t-5,0.0014447569847106934,attack
16772,Flow IAT Min,t-5,0.001940608024597168,attack
16772,Flow IAT Std,t-5,0.0001507401466369629,attack
16772,Flow Pkts/s,t-5,-4.982948303222656e-05,benign
16772,Fwd Act Data Pkts,t-5,0.0003979802131652832,attack
16772,Fwd Header Len,t-5,0.00033855438232421875,attack
16772,Fwd IAT Max,t-5,0.0007472634315490723,attack
16772,Fwd IAT Mean,t-5,0.0014154911041259766,attack
16772,Fwd IAT Min,t-5,0.001885533332824707,attack
16772,Fwd IAT Std,t-5,0.00020819902420043945,attack
16772,Fwd IAT Tot,t-5,0.00041997432708740234,attack
16772,Fwd PSH Flags,t-5,-4.458427429199219e-05,benign
16772,Fwd Pkt Len Max,t-5,-4.8279762268066406e-05,benign
16772,Fwd Pkt Len Mean,t-5,0.00024205446243286133,attack
16772,Fwd Pkt Len Min,t-5,-0.0013114213943481445,benign
16772,Fwd Pkt Len Std,t-5,-0.000213623046875,benign
16772,Fwd Pkts/s,t-5,-0.00017768144607543945,benign
16772,Fwd Seg Size Avg,t-5,0.00011372566223144531,attack
16772,Fwd Seg Size Min,t-5,0.00032335519790649414,attack
16772,Idle Max,t-5,0.00044596195220947266,attack
16772,Idle Mean,t-5,0.0004982352256774902,attack
16772,Idle Min,t-5,0.0007773041725158691,attack
16772,Idle Std,t-5,9.85264778137207e-05,attack
16772,Init Bwd Win Byts,t-5,-0.00019782781600952148,benign
16772,Init Fwd Win Byts,t-5,0.001593947410583496,attack
16772,PSH Flag Cnt,t-5,-0.00033867359161376953,benign
16772,Pkt Len Max,t-5,0.00041979551315307617,attack
16772,Pkt Len Mean,t-5,0.0002117156982421875,attack
16772,Pkt Len Min,t-5,-0.0008411407470703125,benign
16772,Pkt Len Std,t-5,2.5391578674316406e-05,attack
16772,Pkt Len Var,t-5,0.000805974006652832,attack
16772,Pkt Size Avg,t-5,-0.0020172595977783203,benign
16772,RST Flag Cnt,t-5,-0.01012420654296875,benign
16772,SYN Flag Cnt,t-5,-0.00015342235565185547,benign
16772,Subflow Bwd Byts,t-5,-5.0127506256103516e-05,benign
16772,Subflow Bwd Pkts,t-5,-7.140636444091797e-05,benign
16772,Subflow Fwd Byts,t-5,-0.0001863241195678711,benign
16772,Subflow Fwd Pkts,t-5,-0.0006976127624511719,benign
16772,Tot Bwd Pkts,t-5,-0.00021028518676757812,benign
16772,Tot Fwd Pkts,t-5,-0.000670313835144043,benign
16772,TotLen Bwd Pkts,t-5,-0.0001620650291442871,benign
16772,TotLen Fwd Pkts,t-5,-0.0001469254493713379,benign
16772,URG Flag Cnt,t-5,-0.0007736682891845703,benign
16772,Protocol_0,t-5,-0.00036656856536865234,benign
16772,Protocol_6,t-5,-9.000301361083984e-05,benign
16772,Protocol_17,t-5,-0.00036984682083129883,benign
16772,ACK Flag Cnt,t-4,-0.0016349554061889648,benign
16772,Active Max,t-4,4.416704177856445e-05,attack
16772,Active Mean,t-4,7.051229476928711e-05,attack
16772,Active Min,t-4,0.0001043081283569336,attack
16772,Active Std,t-4,0.00038564205169677734,attack
16772,Bwd Header Len,t-4,8.732080459594727e-05,attack
16772,Bwd IAT Max,t-4,-0.000311434268951416,benign
16772,Bwd IAT Mean,t-4,-0.0007536411285400391,benign
16772,Bwd IAT Min,t-4,0.00010520219802856445,attack
16772,Bwd IAT Std,t-4,-0.0005810856819152832,benign
16772,Bwd IAT Tot,t-4,-0.00011432170867919922,benign
16772,Bwd Pkt Len Max,t-4,0.001126706600189209,attack
16772,Bwd Pkt Len Mean,t-4,-0.001940310001373291,benign
16772,Bwd Pkt Len Min,t-4,-0.002323746681213379,benign
16772,Bwd Pkt Len Std,t-4,0.0015593171119689941,attack
16772,Bwd Pkts/s,t-4,0.00015622377395629883,attack
16772,Bwd Seg Size Avg,t-4,-0.0011140108108520508,benign
16772,Down/Up Ratio,t-4,-0.0007135868072509766,benign
16772,ECE Flag Cnt,t-4,-0.0019184350967407227,benign
16772,Flow Byts/s,t-4,0.00014525651931762695,attack
16772,Flow Duration,t-4,-0.0009201169013977051,benign
16772,Flow IAT Max,t-4,0.0021408796310424805,attack
16772,Flow IAT Mean,t-4,0.002910137176513672,attack
16772,Flow IAT Min,t-4,0.0032882094383239746,attack
16772,Flow IAT Std,t-4,-0.0008487105369567871,benign
16772,Flow Pkts/s,t-4,-0.0002549290657043457,benign
16772,Fwd Act Data Pkts,t-4,-1.5914440155029297e-05,benign
16772,Fwd Header Len,t-4,5.030632019042969e-05,attack
16772,Fwd IAT Max,t-4,0.0033405423164367676,attack
16772,Fwd IAT Mean,t-4,0.0025514960289001465,attack
16772,Fwd IAT Min,t-4,0.003339409828186035,attack
16772,Fwd IAT Std,t-4,-0.0018175244331359863,benign
16772,Fwd IAT Tot,t-4,-0.0025655627250671387,benign
16772,Fwd PSH Flags,t-4,-0.0009572505950927734,benign
16772,Fwd Pkt Len Max,t-4,-6.556510925292969e-07,benign
16772,Fwd Pkt Len Mean,t-4,0.00027763843536376953,attack
16772,Fwd Pkt Len Min,t-4,-4.887580871582031e-05,benign
16772,Fwd Pkt Len Std,t-4,0.00023692846298217773,attack
16772,Fwd Pkts/s,t-4,-2.765655517578125e-05,benign
16772,Fwd Seg Size Avg,t-4,6.508827209472656e-05,attack
16772,Fwd Seg Size Min,t-4,-0.0003255009651184082,benign
16772,Idle Max,t-4,0.0030080676078796387,attack
16772,Idle Mean,t-4,0.0019556283950805664,attack
16772,Idle Min,t-4,0.0027313828468322754,attack
16772,Idle Std,t-4,-0.000650942325592041,benign
16772,Init Bwd Win Byts,t-4,-7.045269012451172e-05,benign
16772,Init Fwd Win Byts,t-4,0.0011151432991027832,attack
16772,PSH Flag Cnt,t-4,-0.0001983642578125,benign
16772,Pkt Len Max,t-4,0.0004113316535949707,attack
16772,Pkt Len Mean,t-4,0.00044161081314086914,attack
16772,Pkt Len Min,t-4,-2.3603439331054688e-05,benign
16772,Pkt Len Std,t-4,-0.00021386146545410156,benign
16772,Pkt Len Var,t-4,-0.0007572770118713379,benign
16772,Pkt Size Avg,t-4,-0.00030499696731567383,benign
16772,RST Flag Cnt,t-4,-0.002241849899291992,benign
16772,SYN Flag Cnt,t-4,-0.000286102294921875,benign
16772,Subflow Bwd Byts,t-4,9.512901306152344e-05,attack
16772,Subflow Bwd Pkts,t-4,3.0994415283203125e-05,attack
16772,Subflow Fwd Byts,t-4,8.285045623779297e-06,attack
16772,Subflow Fwd Pkts,t-4,0.00013965368270874023,attack
16772,Tot Bwd Pkts,t-4,1.0251998901367188e-05,attack
16772,Tot Fwd Pkts,t-4,0.00013190507888793945,attack
16772,TotLen Bwd Pkts,t-4,6.240606307983398e-05,attack
16772,TotLen Fwd Pkts,t-4,-5.364418029785156e-07,benign
16772,URG Flag Cnt,t-4,-0.0012821555137634277,benign
16772,Protocol_0,t-4,-0.0005708932876586914,benign
16772,Protocol_6,t-4,-6.264448165893555e-05,benign
16772,Protocol_17,t-4,-0.0002474188804626465,benign
16772,ACK Flag Cnt,t-3,0.0016946196556091309,attack
16772,Active Max,t-3,0.0001125335693359375,attack
16772,Active Mean,t-3,9.292364120483398e-05,attack
16772,Active Min,t-3,-0.0001189112663269043,benign
16772,Active Std,t-3,0.000280916690826416,attack
16772,Bwd Header Len,t-3,0.00015079975128173828,attack
16772,Bwd IAT Max,t-3,0.00012636184692382812,attack
16772,Bwd IAT Mean,t-3,-0.00022232532501220703,benign
16772,Bwd IAT Min,t-3,0.0001564621925354004,attack
16772,Bwd IAT Std,t-3,-4.2557716369628906e-05,benign
16772,Bwd IAT Tot,t-3,0.0005207061767578125,attack
16772,Bwd Pkt Len Max,t-3,-0.0015736818313598633,benign
16772,Bwd Pkt Len Mean,t-3,0.0001303553581237793,attack
16772,Bwd Pkt Len Min,t-3,-0.0016178488731384277,benign
16772,Bwd Pkt Len Std,t-3,-0.0024574995040893555,benign
16772,Bwd Pkts/s,t-3,0.00021851062774658203,attack
16772,Bwd Seg Size Avg,t-3,7.206201553344727e-05,attack
16772,Down/Up Ratio,t-3,-0.0016910433769226074,benign
16772,ECE Flag Cnt,t-3,0.0025240182876586914,attack
16772,Flow Byts/s,t-3,9.059906005859375e-06,attack
16772,Flow Duration,t-3,5.662441253662109e-06,attack
16772,Flow IAT Max,t-3,0.0014777779579162598,attack
16772,Flow IAT Mean,t-3,0.0012655854225158691,attack
16772,Flow IAT Min,t-3,0.0015321969985961914,attack
16772,Flow IAT Std,t-3,-0.0003972053527832031,benign
16772,Flow Pkts/s,t-3,-0.000277101993560791,benign
16772,Fwd Act Data Pkts,t-3,-7.31348991394043e-05,benign
16772,Fwd Header Len,t-3,0.00013881921768188477,attack
16772,Fwd IAT Max,t-3,0.0016826391220092773,attack
16772,Fwd IAT Mean,t-3,0.00145798921585083,attack
16772,Fwd IAT Min,t-3,0.001676023006439209,attack
16772,Fwd IAT Std,t-3,-0.0011343955993652344,benign
16772,Fwd IAT Tot,t-3,-0.0009961724281311035,benign
16772,Fwd PSH Flags,t-3,-0.0002700686454772949,benign
16772,Fwd Pkt Len Max,t-3,5.626678466796875e-05,attack
16772,Fwd Pkt Len Mean,t-3,8.13603401184082e-05,attack
16772,Fwd Pkt Len Min,t-3,-0.0002319812774658203,benign
16772,Fwd Pkt Len Std,t-3,-0.0007139444351196289,benign
16772,Fwd Pkts/s,t-3,0.00028449296951293945,attack
16772,Fwd Seg Size Avg,t-3,-3.993511199951172e-05,benign
16772,Fwd Seg Size Min,t-3,-0.001366734504699707,benign
16772,Idle Max,t-3,0.0012400150299072266,attack
16772,Idle Mean,t-3,0.0009583234786987305,attack
16772,Idle Min,t-3,0.000912010669708252,attack
16772,Idle Std,t-3,-0.00042253732681274414,benign
16772,Init Bwd Win Byts,t-3,-0.0007370114326477051,benign
16772,Init Fwd Win Byts,t-3,-4.303455352783203e-05,benign
16772,PSH Flag Cnt,t-3,0.0006544589996337891,attack
16772,Pkt Len Max,t-3,-0.0005424618721008301,benign
16772,Pkt Len Mean,t-3,-0.00010228157043457031,benign
16772,Pkt Len Min,t-3,1.996755599975586e-05,attack
16772,Pkt Len Std,t-3,0.0005127787590026855,attack
16772,Pkt Len Var,t-3,0.0009124279022216797,attack
16772,Pkt Size Avg,t-3,-6.192922592163086e-05,benign
16772,RST Flag Cnt,t-3,0.0027922987937927246,attack
16772,SYN Flag Cnt,t-3,0.00011992454528808594,attack
16772,Subflow Bwd Byts,t-3,1.7404556274414062e-05,attack
16772,Subflow Bwd Pkts,t-3,5.453824996948242e-05,attack
16772,Subflow Fwd Byts,t-3,3.635883331298828e-05,attack
16772,Subflow Fwd Pkts,t-3,0.00033271312713623047,attack
16772,Tot Bwd Pkts,t-3,2.5272369384765625e-05,attack
16772,Tot Fwd Pkts,t-3,0.0002453923225402832,attack
16772,TotLen Bwd Pkts,t-3,2.8967857360839844e-05,attack
16772,TotLen Fwd Pkts,t-3,1.6689300537109375e-05,attack
16772,URG Flag Cnt,t-3,5.841255187988281e-06,attack
16772,Protocol_0,t-3,-0.00026786327362060547,benign
16772,Protocol_6,t-3,-0.00025832653045654297,benign
16772,Protocol_17,t-3,-0.0005115270614624023,benign
16772,ACK Flag Cnt,t-2,-0.0012561678886413574,benign
16772,Active Max,t-2,1.0251998901367188e-05,attack
16772,Active Mean,t-2,0.00010573863983154297,attack
16772,Active Min,t-2,-5.817413330078125e-05,benign
16772,Active Std,t-2,7.766485214233398e-05,attack
16772,Bwd Header Len,t-2,-4.1604042053222656e-05,benign
16772,Bwd IAT Max,t-2,0.00013113021850585938,attack
16772,Bwd IAT Mean,t-2,0.00043708086013793945,attack
16772,Bwd IAT Min,t-2,-0.00032889842987060547,benign
16772,Bwd IAT Std,t-2,-0.0007486343383789062,benign
16772,Bwd IAT Tot,t-2,4.649162292480469e-06,attack
16772,Bwd Pkt Len Max,t-2,-0.0010703206062316895,benign
16772,Bwd Pkt Len Mean,t-2,2.7835369110107422e-05,attack
16772,Bwd Pkt Len Min,t-2,-0.0003273487091064453,benign
16772,Bwd Pkt Len Std,t-2,-0.0009157657623291016,benign
16772,Bwd Pkts/s,t-2,-1.436471939086914e-05,benign
16772,Bwd Seg Size Avg,t-2,3.355741500854492e-05,attack
16772,Down/Up Ratio,t-2,-0.0005773305892944336,benign
16772,ECE Flag Cnt,t-2,0.0012083053588867188,attack
16772,Flow Byts/s,t-2,1.1324882507324219e-06,attack
16772,Flow Duration,t-2,0.0005049705505371094,attack
16772,Flow IAT Max,t-2,0.00016236305236816406,attack
16772,Flow IAT Mean,t-2,0.0003285408020019531,attack
16772,Flow IAT Min,t-2,0.0004163980484008789,attack
16772,Flow IAT Std,t-2,1.2814998626708984e-05,attack
16772,Flow Pkts/s,t-2,-0.00014293193817138672,benign
16772,Fwd Act Data Pkts,t-2,-0.00034886598587036133,benign
16772,Fwd Header Len,t-2,-0.00019311904907226562,benign
16772,Fwd IAT Max,t-2,0.00023674964904785156,attack
16772,Fwd IAT Mean,t-2,0.00011104345321655273,attack
16772,Fwd IAT Min,t-2,0.0005227327346801758,attack
16772,Fwd IAT Std,t-2,0.00036197900772094727,attack
16772,Fwd IAT Tot,t-2,0.00016796588897705078,attack
16772,Fwd PSH Flags,t-2,-0.003396451473236084,benign
16772,Fwd Pkt Len Max,t-2,0.0003706812858581543,attack
16772,Fwd Pkt Len Mean,t-2,0.00026094913482666016,attack
16772,Fwd Pkt Len Min,t-2,-0.00037544965744018555,benign
16772,Fwd Pkt Len Std,t-2,-0.0006179213523864746,benign
16772,Fwd Pkts/s,t-2,0.00014895200729370117,attack
16772,Fwd Seg Size Avg,t-2,0.000250399112701416,attack
16772,Fwd Seg Size Min,t-2,-0.003473520278930664,benign
16772,Idle Max,t-2,2.5987625122070312e-05,attack
16772,Idle Mean,t-2,1.2516975402832031e-06,attack
16772,Idle Min,t-2,6.020069122314453e-06,attack
16772,Idle Std,t-2,0.00012159347534179688,attack
16772,Init Bwd Win Byts,t-2,-0.0010334253311157227,benign
16772,Init Fwd Win Byts,t-2,-0.0007520318031311035,benign
16772,PSH Flag Cnt,t-2,0.000338137149810791,attack
16772,Pkt Len Max,t-2,0.000311434268951416,attack
16772,Pkt Len Mean,t-2,-0.0005708932876586914,benign
16772,Pkt Len Min,t-2,-0.0006750822067260742,benign
16772,Pkt Len Std,t-2,0.00021600723266601562,attack
16772,Pkt Len Var,t-2,-0.0004513263702392578,benign
16772,Pkt Size Avg,t-2,-0.0006009936332702637,benign
16772,RST Flag Cnt,t-2,0.0008951425552368164,attack
16772,SYN Flag Cnt,t-2,-0.0032824277877807617,benign
16772,Subflow Bwd Byts,t-2,-4.1484832763671875e-05,benign
16772,Subflow Bwd Pkts,t-2,-3.8623809814453125e-05,benign
16772,Subflow Fwd Byts,t-2,-9.304285049438477e-05,benign
16772,Subflow Fwd Pkts,t-2,-7.009506225585938e-05,benign
16772,Tot Bwd Pkts,t-2,-8.344650268554688e-05,benign
16772,Tot Fwd Pkts,t-2,-2.2351741790771484e-05,benign
16772,TotLen Bwd Pkts,t-2,-7.361173629760742e-05,benign
16772,TotLen Fwd Pkts,t-2,-9.191036224365234e-05,benign
16772,URG Flag Cnt,t-2,0.0008471012115478516,attack
16772,Protocol_0,t-2,0.00010472536087036133,attack
16772,Protocol_6,t-2,0.00042504072189331055,attack
16772,Protocol_17,t-2,-0.000443875789642334,benign
16772,ACK Flag Cnt,t-1,-0.005020499229431152,benign
16772,Active Max,t-1,-2.1159648895263672e-05,benign
16772,Active Mean,t-1,0.00014483928680419922,attack
16772,Active Min,t-1,0.0001894235610961914,attack
16772,Active Std,t-1,-0.00014084577560424805,benign
16772,Bwd Header Len,t-1,6.937980651855469e-05,attack
16772,Bwd IAT Max,t-1,-0.00015473365783691406,benign
16772,Bwd IAT Mean,t-1,-0.00012314319610595703,benign
16772,Bwd IAT Min,t-1,7.534027099609375e-05,attack
16772,Bwd IAT Std,t-1,2.562999725341797e-06,attack
16772,Bwd IAT Tot,t-1,7.897615432739258e-05,attack
16772,Bwd Pkt Len Max,t-1,0.00036895275115966797,attack
16772,Bwd Pkt Len Mean,t-1,-0.00046896934509277344,benign
16772,Bwd Pkt Len Min,t-1,-0.0004863739013671875,benign
16772,Bwd Pkt Len Std,t-1,0.0003631114959716797,attack
16772,Bwd Pkts/s,t-1,-0.0005123019218444824,benign
16772,Bwd Seg Size Avg,t-1,-3.254413604736328e-05,benign
16772,Down/Up Ratio,t-1,-0.0005564093589782715,benign
16772,ECE Flag Cnt,t-1,0.00010025501251220703,attack
16772,Flow Byts/s,t-1,3.832578659057617e-05,attack
16772,Flow Duration,t-1,5.161762237548828e-05,attack
16772,Flow IAT Max,t-1,-0.0005137920379638672,benign
16772,Flow IAT Mean,t-1,-0.0001805424690246582,benign
16772,Flow IAT Min,t-1,-0.0006351470947265625,benign
16772,Flow IAT Std,t-1,-0.000372469425201416,benign
16772,Flow Pkts/s,t-1,-0.0011502504348754883,benign
16772,Fwd Act Data Pkts,t-1,6.276369094848633e-05,attack
16772,Fwd Header Len,t-1,0.0001977682113647461,attack
16772,Fwd IAT Max,t-1,-0.0005571842193603516,benign
16772,Fwd IAT Mean,t-1,-0.0007514357566833496,benign
16772,Fwd IAT Min,t-1,-0.0004627108573913574,benign
16772,Fwd IAT Std,t-1,-0.00018548965454101562,benign
16772,Fwd IAT Tot,t-1,3.737211227416992e-05,attack
16772,Fwd PSH Flags,t-1,-0.005374610424041748,benign
16772,Fwd Pkt Len Max,t-1,1.1563301086425781e-05,attack
16772,Fwd Pkt Len Mean,t-1,-1.1086463928222656e-05,benign
16772,Fwd Pkt Len Min,t-1,5.781650543212891e-06,attack
16772,Fwd Pkt Len Std,t-1,0.00014716386795043945,attack
16772,Fwd Pkts/s,t-1,-0.0018655061721801758,benign
16772,Fwd Seg Size Avg,t-1,9.322166442871094e-05,attack
16772,Fwd Seg Size Min,t-1,-0.0012289881706237793,benign
16772,Idle Max,t-1,-0.0008164048194885254,benign
16772,Idle Mean,t-1,-0.0002981424331665039,benign
16772,Idle Min,t-1,1.9848346710205078e-05,attack
16772,Idle Std,t-1,-6.473064422607422e-05,benign
16772,Init Bwd Win Byts,t-1,-0.0007513761520385742,benign
16772,Init Fwd Win Byts,t-1,-0.0038799047470092773,benign
16772,PSH Flag Cnt,t-1,2.0325183868408203e-05,attack
16772,Pkt Len Max,t-1,0.0003160238265991211,attack
16772,Pkt Len Mean,t-1,-0.00048106908798217773,benign
16772,Pkt Len Min,t-1,-2.390146255493164e-05,benign
16772,Pkt Len Std,t-1,0.00010097026824951172,attack
16772,Pkt Len Var,t-1,-0.0004367232322692871,benign
16772,Pkt Size Avg,t-1,-0.0005717277526855469,benign
16772,RST Flag Cnt,t-1,0.00028586387634277344,attack
16772,SYN Flag Cnt,t-1,-0.005102336406707764,benign
16772,Subflow Bwd Byts,t-1,-3.647804260253906e-05,benign
16772,Subflow Bwd Pkts,t-1,5.9485435485839844e-05,attack
16772,Subflow Fwd Byts,t-1,4.124641418457031e-05,attack
16772,Subflow Fwd Pkts,t-1,0.00020313262939453125,attack
16772,Tot Bwd Pkts,t-1,6.508827209472656e-05,attack
16772,Tot Fwd Pkts,t-1,9.763240814208984e-05,attack
16772,TotLen Bwd Pkts,t-1,-5.8591365814208984e-05,benign
16772,TotLen Fwd Pkts,t-1,5.346536636352539e-05,attack
16772,URG Flag Cnt,t-1,-0.003748595714569092,benign
16772,Protocol_0,t-1,0.0002269744873046875,attack
16772,Protocol_6,t-1,0.0002523064613342285,attack
16772,Protocol_17,t-1,-0.0001062154769897461,benign
16772,ACK Flag Cnt,t,0.0049569010734558105,attack
16772,Active Max,t,4.1961669921875e-05,attack
16772,Active Mean,t,5.334615707397461e-05,attack
16772,Active Min,t,-0.00013768672943115234,benign
16772,Active Std,t,-0.0002797842025756836,benign
16772,Bwd Header Len,t,-0.00016176700592041016,benign
16772,Bwd IAT Max,t,-0.000865936279296875,benign
16772,Bwd IAT Mean,t,-0.0010368824005126953,benign
16772,Bwd IAT Min,t,-0.0003769993782043457,benign
16772,Bwd IAT Std,t,-0.0010876655578613281,benign
16772,Bwd IAT Tot,t,-0.00032961368560791016,benign
16772,Bwd Pkt Len Max,t,0.0011973381042480469,attack
16772,Bwd Pkt Len Mean,t,-0.0023467540740966797,benign
16772,Bwd Pkt Len Min,t,0.0015267133712768555,attack
16772,Bwd Pkt Len Std,t,0.0014826655387878418,attack
16772,Bwd Pkts/s,t,-0.0007235407829284668,benign
16772,Bwd Seg Size Avg,t,0.00047594308853149414,attack
16772,Down/Up Ratio,t,-8.320808410644531e-05,benign
16772,ECE Flag Cnt,t,-0.0027268528938293457,benign
16772,Flow Byts/s,t,-0.002546548843383789,benign
16772,Flow Duration,t,0.0021918416023254395,attack
16772,Flow IAT Max,t,-0.0004897117614746094,benign
16772,Flow IAT Mean,t,0.0011047124862670898,attack
16772,Flow IAT Min,t,-1.728534698486328e-05,benign
16772,Flow IAT Std,t,-0.0009230971336364746,benign
16772,Flow Pkts/s,t,0.0018581748008728027,attack
16772,Fwd Act Data Pkts,t,-4.172325134277344e-06,benign
16772,Fwd Header Len,t,-1.6808509826660156e-05,benign
16772,Fwd IAT Max,t,0.0001519918441772461,attack
16772,Fwd IAT Mean,t,4.690885543823242e-05,attack
16772,Fwd IAT Min,t,0.0004495382308959961,attack
16772,Fwd IAT Std,t,0.000402987003326416,attack
16772,Fwd IAT Tot,t,0.003161191940307617,attack
16772,Fwd PSH Flags,t,-0.0013774633407592773,benign
16772,Fwd Pkt Len Max,t,0.0019678473472595215,attack
16772,Fwd Pkt Len Mean,t,0.0005164146423339844,attack
16772,Fwd Pkt Len Min,t,-1.430511474609375e-06,benign
16772,Fwd Pkt Len Std,t,0.0026032328605651855,attack
16772,Fwd Pkts/s,t,0.0017501115798950195,attack
16772,Fwd Seg Size Avg,t,0.0013369917869567871,attack
16772,Fwd Seg Size Min,t,0.003303229808807373,attack
16772,Idle Max,t,4.351139068603516e-06,attack
16772,Idle Mean,t,-0.0004254579544067383,benign
16772,Idle Min,t,0.0020337700843811035,attack
16772,Idle Std,t,-0.00016683340072631836,benign
16772,Init Bwd Win Byts,t,0.0010313987731933594,attack
16772,Init Fwd Win Byts,t,0.0005556941032409668,attack
16772,PSH Flag Cnt,t,-0.00033158063888549805,benign
16772,Pkt Len Max,t,0.0020273327827453613,attack
16772,Pkt Len Mean,t,0.0011383295059204102,attack
16772,Pkt Len Min,t,-7.086992263793945e-05,benign
16772,Pkt Len Std,t,0.0011855363845825195,attack
16772,Pkt Len Var,t,-0.0016582012176513672,benign
16772,Pkt Size Avg,t,0.0013103485107421875,attack
16772,RST Flag Cnt,t,-0.0024650096893310547,benign
16772,SYN Flag Cnt,t,0.001892387866973877,attack
16772,Subflow Bwd Byts,t,-1.2874603271484375e-05,benign
16772,Subflow Bwd Pkts,t,-6.186962127685547e-05,benign
16772,Subflow Fwd Byts,t,-5.328655242919922e-05,benign
16772,Subflow Fwd Pkts,t,-0.00022220611572265625,benign
16772,Tot Bwd Pkts,t,-0.00014144182205200195,benign
16772,Tot Fwd Pkts,t,1.9669532775878906e-06,attack
16772,TotLen Bwd Pkts,t,6.651878356933594e-05,attack
16772,TotLen Fwd Pkts,t,-0.0001087188720703125,benign
16772,URG Flag Cnt,t,0.001971900463104248,attack
16772,Protocol_0,t,1.9669532775878906e-06,attack
16772,Protocol_6,t,-6.961822509765625e-05,benign
16772,Protocol_17,t,-0.0003464818000793457,benign
16956,ACK Flag Cnt,t-9,0.00014793872833251953,attack
16956,Active Max,t-9,-1.3768672943115234e-05,benign
16956,Active Mean,t-9,2.0802021026611328e-05,attack
16956,Active Min,t-9,1.3113021850585938e-05,attack
16956,Active Std,t-9,2.682209014892578e-06,attack
16956,Bwd Header Len,t-9,-2.384185791015625e-07,benign
16956,Bwd IAT Max,t-9,5.304813385009766e-06,attack
16956,Bwd IAT Mean,t-9,1.5676021575927734e-05,attack
16956,Bwd IAT Min,t-9,4.601478576660156e-05,attack
16956,Bwd IAT Std,t-9,2.9325485229492188e-05,attack
16956,Bwd IAT Tot,t-9,-3.49879264831543e-05,benign
16956,Bwd Pkt Len Max,t-9,-3.2186508178710938e-06,benign
16956,Bwd Pkt Len Mean,t-9,-5.370378494262695e-05,benign
16956,Bwd Pkt Len Min,t-9,-0.0003737807273864746,benign
16956,Bwd Pkt Len Std,t-9,1.1920928955078125e-07,attack
16956,Bwd Pkts/s,t-9,2.1457672119140625e-05,attack
16956,Bwd Seg Size Avg,t-9,-9.149312973022461e-05,benign
16956,Down/Up Ratio,t-9,5.21540641784668e-05,attack
16956,ECE Flag Cnt,t-9,0.0003510713577270508,attack
16956,Flow Byts/s,t-9,6.55055046081543e-05,attack
16956,Flow Duration,t-9,0.00017207860946655273,attack
16956,Flow IAT Max,t-9,5.21540641784668e-05,attack
16956,Flow IAT Mean,t-9,-0.00019097328186035156,benign
16956,Flow IAT Min,t-9,-5.435943603515625e-05,benign
16956,Flow IAT Std,t-9,0.000152587890625,attack
16956,Flow Pkts/s,t-9,-3.2782554626464844e-06,benign
16956,Fwd Act Data Pkts,t-9,5.841255187988281e-06,attack
16956,Fwd Header Len,t-9,1.2755393981933594e-05,attack
16956,Fwd IAT Max,t-9,-8.940696716308594e-05,benign
16956,Fwd IAT Mean,t-9,-6.276369094848633e-05,benign
16956,Fwd IAT Min,t-9,-0.0001767873764038086,benign
16956,Fwd IAT Std,t-9,0.0001392364501953125,attack
16956,Fwd IAT Tot,t-9,0.0001214146614074707,attack
16956,Fwd PSH Flags,t-9,9.429454803466797e-05,attack
16956,Fwd Pkt Len Max,t-9,5.960464477539063e-08,attack
16956,Fwd Pkt Len Mean,t-9,5.0902366638183594e-05,attack
16956,Fwd Pkt Len Min,t-9,7.492303848266602e-05,attack
16956,Fwd Pkt Len Std,t-9,0.0,neutral
16956,Fwd Pkts/s,t-9,-7.641315460205078e-05,benign
16956,Fwd Seg Size Avg,t-9,4.649162292480469e-05,attack
16956,Fwd Seg Size Min,t-9,-0.00038570165634155273,benign
16956,Idle Max,t-9,-2.866983413696289e-05,benign
16956,Idle Mean,t-9,-7.027387619018555e-05,benign
16956,Idle Min,t-9,-0.00020438432693481445,benign
16956,Idle Std,t-9,6.651878356933594e-05,attack
16956,Init Bwd Win Byts,t-9,-3.904104232788086e-05,benign
16956,Init Fwd Win Byts,t-9,0.0002270340919494629,attack
16956,PSH Flag Cnt,t-9,6.0677528381347656e-05,attack
16956,Pkt Len Max,t-9,-1.2755393981933594e-05,benign
16956,Pkt Len Mean,t-9,-0.00016582012176513672,benign
16956,Pkt Len Min,t-9,1.1324882507324219e-05,attack
16956,Pkt Len Std,t-9,-1.0132789611816406e-05,benign
16956,Pkt Len Var,t-9,-8.344650268554688e-06,benign
16956,Pkt Size Avg,t-9,-0.00013363361358642578,benign
16956,RST Flag Cnt,t-9,0.0002638697624206543,attack
16956,SYN Flag Cnt,t-9,-8.940696716308594e-06,benign
16956,Subflow Bwd Byts,t-9,-2.4437904357910156e-06,benign
16956,Subflow Bwd Pkts,t-9,-1.0669231414794922e-05,benign
16956,Subflow Fwd Byts,t-9,-3.7550926208496094e-06,benign
16956,Subflow Fwd Pkts,t-9,-6.139278411865234e-06,benign
16956,Tot Bwd Pkts,t-9,-2.944469451904297e-05,benign
16956,Tot Fwd Pkts,t-9,1.245737075805664e-05,attack
16956,TotLen Bwd Pkts,t-9,-2.682209014892578e-06,benign
16956,TotLen Fwd Pkts,t-9,-6.258487701416016e-06,benign
16956,URG Flag Cnt,t-9,-0.0005025863647460938,benign
16956,Protocol_0,t-9,3.0875205993652344e-05,attack
16956,Protocol_6,t-9,5.7220458984375e-06,attack
16956,Protocol_17,t-9,7.927417755126953e-06,attack
16956,ACK Flag Cnt,t-8,2.5272369384765625e-05,attack
16956,Active Max,t-8,1.7642974853515625e-05,attack
16956,Active Mean,t-8,7.69495964050293e-05,attack
16956,Active Min,t-8,9.834766387939453e-06,attack
16956,Active Std,t-8,-1.3232231140136719e-05,benign
16956,Bwd Header Len,t-8,-1.901388168334961e-05,benign
16956,Bwd IAT Max,t-8,-3.6656856536865234e-05,benign
16956,Bwd IAT Mean,t-8,1.728534698486328e-05,attack
16956,Bwd IAT Min,t-8,5.0127506256103516e-05,attack
16956,Bwd IAT Std,t-8,-9.644031524658203e-05,benign
16956,Bwd IAT Tot,t-8,-0.00011545419692993164,benign
16956,Bwd Pkt Len Max,t-8,-6.842613220214844e-05,benign
16956,Bwd Pkt Len Mean,t-8,-3.540515899658203e-05,benign
16956,Bwd Pkt Len Min,t-8,-0.0007137060165405273,benign
16956,Bwd Pkt Len Std,t-8,5.0067901611328125e-05,attack
16956,Bwd Pkts/s,t-8,-4.106760025024414e-05,benign
16956,Bwd Seg Size Avg,t-8,-0.00013363361358642578,benign
16956,Down/Up Ratio,t-8,0.0001443028450012207,attack
16956,ECE Flag Cnt,t-8,0.00017875432968139648,attack
16956,Flow Byts/s,t-8,-0.0002690553665161133,benign
16956,Flow Duration,t-8,0.0002624392509460449,attack
16956,Flow IAT Max,t-8,-0.00010228157043457031,benign
16956,Flow IAT Mean,t-8,-0.0003808140754699707,benign
16956,Flow IAT Min,t-8,-0.0003769397735595703,benign
16956,Flow IAT Std,t-8,4.887580871582031e-05,attack
16956,Flow Pkts/s,t-8,0.0007865428924560547,attack
16956,Fwd Act Data Pkts,t-8,-1.5497207641601562e-06,benign
16956,Fwd Header Len,t-8,-4.231929779052734e-06,benign
16956,Fwd IAT Max,t-8,-0.00016111135482788086,benign
16956,Fwd IAT Mean,t-8,-0.0002353191375732422,benign
16956,Fwd IAT Min,t-8,-0.00040978193283081055,benign
16956,Fwd IAT Std,t-8,3.039836883544922e-06,attack
16956,Fwd IAT Tot,t-8,2.6226043701171875e-06,attack
16956,Fwd PSH Flags,t-8,-4.07099723815918e-05,benign
16956,Fwd Pkt Len Max,t-8,6.794929504394531e-06,attack
16956,Fwd Pkt Len Mean,t-8,0.00011247396469116211,attack
16956,Fwd Pkt Len Min,t-8,0.00017368793487548828,attack
16956,Fwd Pkt Len Std,t-8,-4.649162292480469e-06,benign
16956,Fwd Pkts/s,t-8,0.002269566059112549,attack
16956,Fwd Seg Size Avg,t-8,0.00013333559036254883,attack
16956,Fwd Seg Size Min,t-8,-0.00027114152908325195,benign
16956,Idle Max,t-8,-0.00020182132720947266,benign
16956,Idle Mean,t-8,-0.00013267993927001953,benign
16956,Idle Min,t-8,-0.0001583099365234375,benign
16956,Idle Std,t-8,0.00010848045349121094,attack
16956,Init Bwd Win Byts,t-8,1.4483928680419922e-05,attack
16956,Init Fwd Win Byts,t-8,-9.059906005859375e-06,benign
16956,PSH Flag Cnt,t-8,0.00010269880294799805,attack
16956,Pkt Len Max,t-8,-5.412101745605469e-05,benign
16956,Pkt Len Mean,t-8,-0.00031322240829467773,benign
16956,Pkt Len Min,t-8,4.3392181396484375e-05,attack
16956,Pkt Len Std,t-8,-0.00017410516738891602,benign
16956,Pkt Len Var,t-8,-5.1856040954589844e-05,benign
16956,Pkt Size Avg,t-8,-0.000277101993560791,benign
16956,RST Flag Cnt,t-8,0.000171661376953125,attack
16956,SYN Flag Cnt,t-8,-5.27501106262207e-05,benign
16956,Subflow Bwd Byts,t-8,1.1324882507324219e-06,attack
16956,Subflow Bwd Pkts,t-8,-1.919269561767578e-05,benign
16956,Subflow Fwd Byts,t-8,-9.417533874511719e-06,benign
16956,Subflow Fwd Pkts,t-8,-4.2557716369628906e-05,benign
16956,Tot Bwd Pkts,t-8,-3.0994415283203125e-05,benign
16956,Tot Fwd Pkts,t-8,2.4318695068359375e-05,attack
16956,TotLen Bwd Pkts,t-8,-1.2218952178955078e-05,benign
16956,TotLen Fwd Pkts,t-8,-1.9252300262451172e-05,benign
16956,URG Flag Cnt,t-8,0.00047338008880615234,attack
16956,Protocol_0,t-8,8.004903793334961e-05,attack
16956,Protocol_6,t-8,-1.043081283569336e-05,benign
16956,Protocol_17,t-8,4.6133995056152344e-05,attack
16956,ACK Flag Cnt,t-7,0.00013881921768188477,attack
16956,Active Max,t-7,5.2094459533691406e-05,attack
16956,Active Mean,t-7,0.00011235475540161133,attack
16956,Active Min,t-7,5.316734313964844e-05,attack
16956,Active Std,t-7,3.355741500854492e-05,attack
16956,Bwd Header Len,t-7,-1.0609626770019531e-05,benign
16956,Bwd IAT Max,t-7,9.638071060180664e-05,attack
16956,Bwd IAT Mean,t-7,-4.887580871582031e-06,benign
16956,Bwd IAT Min,t-7,3.165006637573242e-05,attack
16956,Bwd IAT Std,t-7,0.00029736757278442383,attack
16956,Bwd IAT Tot,t-7,-0.00010263919830322266,benign
16956,Bwd Pkt Len Max,t-7,0.0001557469367980957,attack
16956,Bwd Pkt Len Mean,t-7,7.909536361694336e-05,attack
16956,Bwd Pkt Len Min,t-7,-0.0006999969482421875,benign
16956,Bwd Pkt Len Std,t-7,0.0005224943161010742,attack
16956,Bwd Pkts/s,t-7,6.467103958129883e-05,attack
16956,Bwd Seg Size Avg,t-7,-1.6808509826660156e-05,benign
16956,Down/Up Ratio,t-7,0.0003031492233276367,attack
16956,ECE Flag Cnt,t-7,0.00032144784927368164,attack
16956,Flow Byts/s,t-7,7.241964340209961e-05,attack
16956,Flow Duration,t-7,0.0006963014602661133,attack
16956,Flow IAT Max,t-7,-0.00019806623458862305,benign
16956,Flow IAT Mean,t-7,-0.0007213950157165527,benign
16956,Flow IAT Min,t-7,-0.00045037269592285156,benign
16956,Flow IAT Std,t-7,0.0002924799919128418,attack
16956,Flow Pkts/s,t-7,-1.4424324035644531e-05,benign
16956,Fwd Act Data Pkts,t-7,-8.106231689453125e-05,benign
16956,Fwd Header Len,t-7,-7.12275505065918e-05,benign
16956,Fwd IAT Max,t-7,-0.0004621744155883789,benign
16956,Fwd IAT Mean,t-7,-0.000596165657043457,benign
16956,Fwd IAT Min,t-7,-0.0006331801414489746,benign
16956,Fwd IAT Std,t-7,0.00046181678771972656,attack
16956,Fwd IAT Tot,t-7,0.00032383203506469727,attack
16956,Fwd PSH Flags,t-7,0.00038230419158935547,attack
16956,Fwd Pkt Len Max,t-7,8.744001388549805e-05,attack
16956,Fwd Pkt Len Mean,t-7,0.0001137852668762207,attack
16956,Fwd Pkt Len Min,t-7,0.0003052949905395508,attack
16956,Fwd Pkt Len Std,t-7,-0.00012171268463134766,benign
16956,Fwd Pkts/s,t-7,-9.119510650634766e-05,benign
16956,Fwd Seg Size Avg,t-7,0.00039839744567871094,attack
16956,Fwd Seg Size Min,t-7,9.769201278686523e-05,attack
16956,Idle Max,t-7,-0.0007992386817932129,benign
16956,Idle Mean,t-7,-9.077787399291992e-05,benign
16956,Idle Min,t-7,-0.0007569789886474609,benign
16956,Idle Std,t-7,0.00015801191329956055,attack
16956,Init Bwd Win Byts,t-7,5.221366882324219e-05,attack
16956,Init Fwd Win Byts,t-7,-9.655952453613281e-05,benign
16956,PSH Flag Cnt,t-7,9.691715240478516e-05,attack
16956,Pkt Len Max,t-7,-0.00034105777740478516,benign
16956,Pkt Len Mean,t-7,-0.0004717707633972168,benign
16956,Pkt Len Min,t-7,0.00010472536087036133,attack
16956,Pkt Len Std,t-7,-0.00046885013580322266,benign
16956,Pkt Len Var,t-7,0.00027054548263549805,attack
16956,Pkt Size Avg,t-7,-0.0003466010093688965,benign
16956,RST Flag Cnt,t-7,0.00013512372970581055,attack
16956,SYN Flag Cnt,t-7,0.00044226646423339844,attack
16956,Subflow Bwd Byts,t-7,7.808208465576172e-06,attack
16956,Subflow Bwd Pkts,t-7,-3.260374069213867e-05,benign
16956,Subflow Fwd Byts,t-7,-6.246566772460938e-05,benign
16956,Subflow Fwd Pkts,t-7,-0.00013375282287597656,benign
16956,Tot Bwd Pkts,t-7,-7.838010787963867e-05,benign
16956,Tot Fwd Pkts,t-7,-5.918741226196289e-05,benign
16956,TotLen Bwd Pkts,t-7,-2.0623207092285156e-05,benign
16956,TotLen Fwd Pkts,t-7,-4.76837158203125e-05,benign
16956,URG Flag Cnt,t-7,-0.00032448768615722656,benign
16956,Protocol_0,t-7,0.00013899803161621094,attack
16956,Protocol_6,t-7,-3.5881996154785156e-05,benign
16956,Protocol_17,t-7,0.00022298097610473633,attack
16956,ACK Flag Cnt,t-6,-0.0002842545509338379,benign
16956,Active Max,t-6,8.565187454223633e-05,attack
16956,Active Mean,t-6,0.0001564621925354004,attack
16956,Active Min,t-6,9.554624557495117e-05,attack
16956,Active Std,t-6,5.173683166503906e-05,attack
16956,Bwd Header Len,t-6,1.233816146850586e-05,attack
16956,Bwd IAT Max,t-6,7.2479248046875e-05,attack
16956,Bwd IAT Mean,t-6,-0.00011777877807617188,benign
16956,Bwd IAT Min,t-6,-5.0008296966552734e-05,benign
16956,Bwd IAT Std,t-6,0.00036329030990600586,attack
16956,Bwd IAT Tot,t-6,-0.00021564960479736328,benign
16956,Bwd Pkt Len Max,t-6,0.00022834539413452148,attack
16956,Bwd Pkt Len Mean,t-6,7.718801498413086e-05,attack
16956,Bwd Pkt Len Min,t-6,-0.0004583001136779785,benign
16956,Bwd Pkt Len Std,t-6,0.0006616711616516113,attack
16956,Bwd Pkts/s,t-6,-3.874301910400391e-06,benign
16956,Bwd Seg Size Avg,t-6,3.218650817871094e-05,attack
16956,Down/Up Ratio,t-6,0.00047779083251953125,attack
16956,ECE Flag Cnt,t-6,0.0005519986152648926,attack
16956,Flow Byts/s,t-6,8.600950241088867e-05,attack
16956,Flow Duration,t-6,0.0006963014602661133,attack
16956,Flow IAT Max,t-6,4.7326087951660156e-05,attack
16956,Flow IAT Mean,t-6,-0.00045168399810791016,benign
16956,Flow IAT Min,t-6,-0.00016111135482788086,benign
16956,Flow IAT Std,t-6,0.00017207860946655273,attack
16956,Flow Pkts/s,t-6,-5.507469177246094e-05,benign
16956,Fwd Act Data Pkts,t-6,-9.930133819580078e-05,benign
16956,Fwd Header Len,t-6,-6.270408630371094e-05,benign
16956,Fwd IAT Max,t-6,-0.00020748376846313477,benign
16956,Fwd IAT Mean,t-6,-0.0003440976142883301,benign
16956,Fwd IAT Min,t-6,-0.0003349781036376953,benign
16956,Fwd IAT Std,t-6,0.00048410892486572266,attack
16956,Fwd IAT Tot,t-6,0.00016874074935913086,attack
16956,Fwd PSH Flags,t-6,0.0005931258201599121,attack
16956,Fwd Pkt Len Max,t-6,-9.483098983764648e-05,benign
16956,Fwd Pkt Len Mean,t-6,-0.0002662539482116699,benign
16956,Fwd Pkt Len Min,t-6,0.0003529787063598633,attack
16956,Fwd Pkt Len Std,t-6,-0.0003758668899536133,benign
16956,Fwd Pkts/s,t-6,-0.00014519691467285156,benign
16956,Fwd Seg Size Avg,t-6,0.00028383731842041016,attack
16956,Fwd Seg Size Min,t-6,0.00026470422744750977,attack
16956,Idle Max,t-6,-0.0005952715873718262,benign
16956,Idle Mean,t-6,0.0001964569091796875,attack
16956,Idle Min,t-6,-0.0005512833595275879,benign
16956,Idle Std,t-6,0.00013655424118041992,attack
16956,Init Bwd Win Byts,t-6,-0.00011110305786132812,benign
16956,Init Fwd Win Byts,t-6,-1.3887882232666016e-05,benign
16956,PSH Flag Cnt,t-6,5.4717063903808594e-05,attack
16956,Pkt Len Max,t-6,-0.00028896331787109375,benign
16956,Pkt Len Mean,t-6,-0.0006041526794433594,benign
16956,Pkt Len Min,t-6,0.0001754164695739746,attack
16956,Pkt Len Std,t-6,-0.000592648983001709,benign
16956,Pkt Len Var,t-6,0.0001328587532043457,attack
16956,Pkt Size Avg,t-6,-5.644559860229492e-05,benign
16956,RST Flag Cnt,t-6,0.0003000497817993164,attack
16956,SYN Flag Cnt,t-6,0.0006000995635986328,attack
16956,Subflow Bwd Byts,t-6,7.3909759521484375e-06,attack
16956,Subflow Bwd Pkts,t-6,-1.6689300537109375e-06,benign
16956,Subflow Fwd Byts,t-6,-6.902217864990234e-05,benign
16956,Subflow Fwd Pkts,t-6,-0.00012385845184326172,benign
16956,Tot Bwd Pkts,t-6,-6.967782974243164e-05,benign
16956,Tot Fwd Pkts,t-6,-3.647804260253906e-05,benign
16956,TotLen Bwd Pkts,t-6,-2.0444393157958984e-05,benign
16956,TotLen Fwd Pkts,t-6,-4.398822784423828e-05,benign
16956,URG Flag Cnt,t-6,-0.00034433603286743164,benign
16956,Protocol_0,t-6,0.00013113021850585938,attack
16956,Protocol_6,t-6,-0.00018006563186645508,benign
16956,Protocol_17,t-6,0.00033169984817504883,attack
16956,ACK Flag Cnt,t-5,0.00029271841049194336,attack
16956,Active Max,t-5,7.426738739013672e-05,attack
16956,Active Mean,t-5,0.00015503168106079102,attack
16956,Active Min,t-5,3.254413604736328e-05,attack
16956,Active Std,t-5,8.183717727661133e-05,attack
16956,Bwd Header Len,t-5,2.187490463256836e-05,attack
16956,Bwd IAT Max,t-5,-3.0279159545898438e-05,benign
16956,Bwd IAT Mean,t-5,0.0008063316345214844,attack
16956,Bwd IAT Min,t-5,0.0014565587043762207,attack
16956,Bwd IAT Std,t-5,0.0003814697265625,attack
16956,Bwd IAT Tot,t-5,-0.00010263919830322266,benign
16956,Bwd Pkt Len Max,t-5,-8.958578109741211e-05,benign
16956,Bwd Pkt Len Mean,t-5,0.0002639293670654297,attack
16956,Bwd Pkt Len Min,t-5,1.2099742889404297e-05,attack
16956,Bwd Pkt Len Std,t-5,0.000610053539276123,attack
16956,Bwd Pkts/s,t-5,-4.881620407104492e-05,benign
16956,Bwd Seg Size Avg,t-5,1.6927719116210938e-05,attack
16956,Down/Up Ratio,t-5,-7.349252700805664e-05,benign
16956,ECE Flag Cnt,t-5,0.0010519027709960938,attack
16956,Flow Byts/s,t-5,4.953145980834961e-05,attack
16956,Flow Duration,t-5,0.00033098459243774414,attack
16956,Flow IAT Max,t-5,0.0001455545425415039,attack
16956,Flow IAT Mean,t-5,1.800060272216797e-05,attack
16956,Flow IAT Min,t-5,0.00017511844635009766,attack
16956,Flow IAT Std,t-5,8.624792098999023e-05,attack
16956,Flow Pkts/s,t-5,-6.073713302612305e-05,benign
16956,Fwd Act Data Pkts,t-5,-0.00010323524475097656,benign
16956,Fwd Header Len,t-5,-3.129243850708008e-05,benign
16956,Fwd IAT Max,t-5,-2.384185791015625e-06,benign
16956,Fwd IAT Mean,t-5,5.620718002319336e-05,attack
16956,Fwd IAT Min,t-5,6.377696990966797e-06,attack
16956,Fwd IAT Std,t-5,-0.0002512931823730469,benign
16956,Fwd IAT Tot,t-5,-0.00016945600509643555,benign
16956,Fwd PSH Flags,t-5,0.0007638335227966309,attack
16956,Fwd Pkt Len Max,t-5,-0.0001404881477355957,benign
16956,Fwd Pkt Len Mean,t-5,-0.0004399418830871582,benign
16956,Fwd Pkt Len Min,t-5,-0.00011628866195678711,benign
16956,Fwd Pkt Len Std,t-5,-0.0006096959114074707,benign
16956,Fwd Pkts/s,t-5,-0.00011938810348510742,benign
16956,Fwd Seg Size Avg,t-5,0.0001843571662902832,attack
16956,Fwd Seg Size Min,t-5,-0.00012612342834472656,benign
16956,Idle Max,t-5,-3.463029861450195e-05,benign
16956,Idle Mean,t-5,6.103515625e-05,attack
16956,Idle Min,t-5,-9.47713851928711e-06,benign
16956,Idle Std,t-5,6.508827209472656e-05,attack
16956,Init Bwd Win Byts,t-5,-0.0004411935806274414,benign
16956,Init Fwd Win Byts,t-5,0.00015050172805786133,attack
16956,PSH Flag Cnt,t-5,0.00029224157333374023,attack
16956,Pkt Len Max,t-5,-0.00028908252716064453,benign
16956,Pkt Len Mean,t-5,-0.0005472302436828613,benign
16956,Pkt Len Min,t-5,-6.258487701416016e-05,benign
16956,Pkt Len Std,t-5,-0.0005208849906921387,benign
16956,Pkt Len Var,t-5,-0.000213623046875,benign
16956,Pkt Size Avg,t-5,5.918741226196289e-05,attack
16956,RST Flag Cnt,t-5,0.0009197592735290527,attack
16956,SYN Flag Cnt,t-5,0.0008431673049926758,attack
16956,Subflow Bwd Byts,t-5,1.5497207641601562e-06,attack
16956,Subflow Bwd Pkts,t-5,2.473592758178711e-05,attack
16956,Subflow Fwd Byts,t-5,-4.315376281738281e-05,benign
16956,Subflow Fwd Pkts,t-5,-3.933906555175781e-05,benign
16956,Tot Bwd Pkts,t-5,-5.882978439331055e-05,benign
16956,Tot Fwd Pkts,t-5,6.80088996887207e-05,attack
16956,TotLen Bwd Pkts,t-5,-1.823902130126953e-05,benign
16956,TotLen Fwd Pkts,t-5,-1.5616416931152344e-05,benign
16956,URG Flag Cnt,t-5,0.0006850361824035645,attack
16956,Protocol_0,t-5,6.35981559753418e-05,attack
16956,Protocol_6,t-5,0.0002206563949584961,attack
16956,Protocol_17,t-5,-0.0005424618721008301,benign
16956,ACK Flag Cnt,t-4,0.0006038546562194824,attack
16956,Active Max,t-4,0.00011408329010009766,attack
16956,Active Mean,t-4,0.00018787384033203125,attack
16956,Active Min,t-4,9.5367431640625e-06,attack
16956,Active Std,t-4,0.0001761317253112793,attack
16956,Bwd Header Len,t-4,7.450580596923828e-05,attack
16956,Bwd IAT Max,t-4,-0.00021123886108398438,benign
16956,Bwd IAT Mean,t-4,-0.0005297660827636719,benign
16956,Bwd IAT Min,t-4,-0.0002689957618713379,benign
16956,Bwd IAT Std,t-4,-7.271766662597656e-06,benign
16956,Bwd IAT Tot,t-4,-0.0008587837219238281,benign
16956,Bwd Pkt Len Max,t-4,-0.0003249049186706543,benign
16956,Bwd Pkt Len Mean,t-4,0.00047260522842407227,attack
16956,Bwd Pkt Len Min,t-4,0.00028908252716064453,attack
16956,Bwd Pkt Len Std,t-4,0.0006622076034545898,attack
16956,Bwd Pkts/s,t-4,8.481740951538086e-05,attack
16956,Bwd Seg Size Avg,t-4,3.30805778503418e-05,attack
16956,Down/Up Ratio,t-4,-0.0021227598190307617,benign
16956,ECE Flag Cnt,t-4,0.0017452836036682129,attack
16956,Flow Byts/s,t-4,-3.7789344787597656e-05,benign
16956,Flow Duration,t-4,0.00035578012466430664,attack
16956,Flow IAT Max,t-4,0.0011274218559265137,attack
16956,Flow IAT Mean,t-4,0.0006651878356933594,attack
16956,Flow IAT Min,t-4,0.0007773041725158691,attack
16956,Flow IAT Std,t-4,-0.000860750675201416,benign
16956,Flow Pkts/s,t-4,1.341104507446289e-05,attack
16956,Fwd Act Data Pkts,t-4,-6.461143493652344e-05,benign
16956,Fwd Header Len,t-4,6.74128532409668e-05,attack
16956,Fwd IAT Max,t-4,0.0003103017807006836,attack
16956,Fwd IAT Mean,t-4,0.0009083747863769531,attack
16956,Fwd IAT Min,t-4,0.0005769133567810059,attack
16956,Fwd IAT Std,t-4,-0.00022017955780029297,benign
16956,Fwd IAT Tot,t-4,-0.0008523464202880859,benign
16956,Fwd PSH Flags,t-4,0.000688016414642334,attack
16956,Fwd Pkt Len Max,t-4,-0.00034993886947631836,benign
16956,Fwd Pkt Len Mean,t-4,-0.0007207393646240234,benign
16956,Fwd Pkt Len Min,t-4,0.00043082237243652344,attack
16956,Fwd Pkt Len Std,t-4,-0.0010254383087158203,benign
16956,Fwd Pkts/s,t-4,-6.735324859619141e-06,benign
16956,Fwd Seg Size Avg,t-4,0.0006247758865356445,attack
16956,Fwd Seg Size Min,t-4,9.894371032714844e-05,attack
16956,Idle Max,t-4,0.0005246996879577637,attack
16956,Idle Mean,t-4,0.0008829236030578613,attack
16956,Idle Min,t-4,0.00031238794326782227,attack
16956,Idle Std,t-4,-6.240606307983398e-05,benign
16956,Init Bwd Win Byts,t-4,-0.000356137752532959,benign
16956,Init Fwd Win Byts,t-4,0.0009558796882629395,attack
16956,PSH Flag Cnt,t-4,0.0004228353500366211,attack
16956,Pkt Len Max,t-4,-0.00019818544387817383,benign
16956,Pkt Len Mean,t-4,-0.0009472966194152832,benign
16956,Pkt Len Min,t-4,0.00035053491592407227,attack
16956,Pkt Len Std,t-4,-0.0006443262100219727,benign
16956,Pkt Len Var,t-4,-0.000592350959777832,benign
16956,Pkt Size Avg,t-4,-0.00025093555450439453,benign
16956,RST Flag Cnt,t-4,0.001473844051361084,attack
16956,SYN Flag Cnt,t-4,0.0007241964340209961,attack
16956,Subflow Bwd Byts,t-4,8.404254913330078e-06,attack
16956,Subflow Bwd Pkts,t-4,0.00011265277862548828,attack
16956,Subflow Fwd Byts,t-4,-4.83393669128418e-05,benign
16956,Subflow Fwd Pkts,t-4,0.00013273954391479492,attack
16956,Tot Bwd Pkts,t-4,-8.732080459594727e-05,benign
16956,Tot Fwd Pkts,t-4,0.0003031492233276367,attack
16956,TotLen Bwd Pkts,t-4,1.239776611328125e-05,attack
16956,TotLen Fwd Pkts,t-4,-1.3649463653564453e-05,benign
16956,URG Flag Cnt,t-4,-0.0003838539123535156,benign
16956,Protocol_0,t-4,-4.13060188293457e-05,benign
16956,Protocol_6,t-4,-0.00021445751190185547,benign
16956,Protocol_17,t-4,0.0004303455352783203,attack
16956,ACK Flag Cnt,t-3,0.0001812577247619629,attack
16956,Active Max,t-3,0.00014156103134155273,attack
16956,Active Mean,t-3,0.00019663572311401367,attack
16956,Active Min,t-3,-5.2869319915771484e-05,benign
16956,Active Std,t-3,0.00020396709442138672,attack
16956,Bwd Header Len,t-3,5.3763389587402344e-05,attack
16956,Bwd IAT Max,t-3,-0.0003292560577392578,benign
16956,Bwd IAT Mean,t-3,-0.0002484917640686035,benign
16956,Bwd IAT Min,t-3,-0.0002142786979675293,benign
16956,Bwd IAT Std,t-3,-0.00028526782989501953,benign
16956,Bwd IAT Tot,t-3,-0.0007559061050415039,benign
16956,Bwd Pkt Len Max,t-3,-0.0001804828643798828,benign
16956,Bwd Pkt Len Mean,t-3,-0.0001888871192932129,benign
16956,Bwd Pkt Len Min,t-3,5.352497100830078e-05,attack
16956,Bwd Pkt Len Std,t-3,-0.0009375810623168945,benign
16956,Bwd Pkts/s,t-3,8.83936882019043e-05,attack
16956,Bwd Seg Size Avg,t-3,-9.524822235107422e-05,benign
16956,Down/Up Ratio,t-3,0.0006935596466064453,attack
16956,ECE Flag Cnt,t-3,0.0008196234703063965,attack
16956,Flow Byts/s,t-3,-0.00019472837448120117,benign
16956,Flow Duration,t-3,-0.000102996826171875,benign
16956,Flow IAT Max,t-3,0.0006796121597290039,attack
16956,Flow IAT Mean,t-3,0.0005381107330322266,attack
16956,Flow IAT Min,t-3,0.0006629824638366699,attack
16956,Flow IAT Std,t-3,-0.0003382563591003418,benign
16956,Flow Pkts/s,t-3,1.9490718841552734e-05,attack
16956,Fwd Act Data Pkts,t-3,3.361701965332031e-05,attack
16956,Fwd Header Len,t-3,4.738569259643555e-05,attack
16956,Fwd IAT Max,t-3,5.334615707397461e-05,attack
16956,Fwd IAT Mean,t-3,0.0007882118225097656,attack
16956,Fwd IAT Min,t-3,0.0005615949630737305,attack
16956,Fwd IAT Std,t-3,6.651878356933594e-05,attack
16956,Fwd IAT Tot,t-3,-0.0002657175064086914,benign
16956,Fwd PSH Flags,t-3,8.624792098999023e-05,attack
16956,Fwd Pkt Len Max,t-3,-0.000171661376953125,benign
16956,Fwd Pkt Len Mean,t-3,-0.0001900792121887207,benign
16956,Fwd Pkt Len Min,t-3,4.4345855712890625e-05,attack
16956,Fwd Pkt Len Std,t-3,-0.0007980465888977051,benign
16956,Fwd Pkts/s,t-3,6.389617919921875e-05,attack
16956,Fwd Seg Size Avg,t-3,-0.0005277395248413086,benign
16956,Fwd Seg Size Min,t-3,0.0003877878189086914,attack
16956,Idle Max,t-3,0.0003031492233276367,attack
16956,Idle Mean,t-3,0.0005654692649841309,attack
16956,Idle Min,t-3,0.0003421902656555176,attack
16956,Idle Std,t-3,-0.00011652708053588867,benign
16956,Init Bwd Win Byts,t-3,-0.0007701516151428223,benign
16956,Init Fwd Win Byts,t-3,0.00019162893295288086,attack
16956,PSH Flag Cnt,t-3,9.006261825561523e-05,attack
16956,Pkt Len Max,t-3,1.8775463104248047e-05,attack
16956,Pkt Len Mean,t-3,0.000522613525390625,attack
16956,Pkt Len Min,t-3,-0.0002301931381225586,benign
16956,Pkt Len Std,t-3,-0.00023871660232543945,benign
16956,Pkt Len Var,t-3,0.0008554458618164062,attack
16956,Pkt Size Avg,t-3,-7.832050323486328e-05,benign
16956,RST Flag Cnt,t-3,0.0003873109817504883,attack
16956,SYN Flag Cnt,t-3,0.0003579854965209961,attack
16956,Subflow Bwd Byts,t-3,-1.9073486328125e-06,benign
16956,Subflow Bwd Pkts,t-3,3.737211227416992e-05,attack
16956,Subflow Fwd Byts,t-3,-7.748603820800781e-06,benign
16956,Subflow Fwd Pkts,t-3,-2.086162567138672e-06,benign
16956,Tot Bwd Pkts,t-3,-8.177757263183594e-05,benign
16956,Tot Fwd Pkts,t-3,0.0002480745315551758,attack
16956,TotLen Bwd Pkts,t-3,9.953975677490234e-06,attack
16956,TotLen Fwd Pkts,t-3,-1.0251998901367188e-05,benign
16956,URG Flag Cnt,t-3,0.00028055906295776367,attack
16956,Protocol_0,t-3,-1.4424324035644531e-05,benign
16956,Protocol_6,t-3,-6.711483001708984e-05,benign
16956,Protocol_17,t-3,0.0001405477523803711,attack
16956,ACK Flag Cnt,t-2,-0.0007669329643249512,benign
16956,Active Max,t-2,0.00010341405868530273,attack
16956,Active Mean,t-2,0.00014126300811767578,attack
16956,Active Min,t-2,-8.571147918701172e-05,benign
16956,Active Std,t-2,0.00025832653045654297,attack
16956,Bwd Header Len,t-2,5.894899368286133e-05,attack
16956,Bwd IAT Max,t-2,-0.0001055598258972168,benign
16956,Bwd IAT Mean,t-2,-6.723403930664062e-05,benign
16956,Bwd IAT Min,t-2,-5.066394805908203e-05,benign
16956,Bwd IAT Std,t-2,-4.0471553802490234e-05,benign
16956,Bwd IAT Tot,t-2,-0.00032657384872436523,benign
16956,Bwd Pkt Len Max,t-2,-0.0007783174514770508,benign
16956,Bwd Pkt Len Mean,t-2,-0.0001201629638671875,benign
16956,Bwd Pkt Len Min,t-2,-0.00039064884185791016,benign
16956,Bwd Pkt Len Std,t-2,0.0007683634757995605,attack
16956,Bwd Pkts/s,t-2,0.00017780065536499023,attack
16956,Bwd Seg Size Avg,t-2,-0.0004175901412963867,benign
16956,Down/Up Ratio,t-2,-0.0003024935722351074,benign
16956,ECE Flag Cnt,t-2,0.0006627440452575684,attack
16956,Flow Byts/s,t-2,-0.0003553032875061035,benign
16956,Flow Duration,t-2,0.0001348257064819336,attack
16956,Flow IAT Max,t-2,0.00048667192459106445,attack
16956,Flow IAT Mean,t-2,6.115436553955078e-05,attack
16956,Flow IAT Min,t-2,0.000396728515625,attack
16956,Flow IAT Std,t-2,-0.00017434358596801758,benign
16956,Flow Pkts/s,t-2,-0.00015491247177124023,benign
16956,Fwd Act Data Pkts,t-2,3.2782554626464844e-06,attack
16956,Fwd Header Len,t-2,1.4424324035644531e-05,attack
16956,Fwd IAT Max,t-2,-0.00016188621520996094,benign
16956,Fwd IAT Mean,t-2,0.0007277131080627441,attack
16956,Fwd IAT Min,t-2,0.0002562403678894043,attack
16956,Fwd IAT Std,t-2,-0.0001386404037475586,benign
16956,Fwd IAT Tot,t-2,0.0003934502601623535,attack
16956,Fwd PSH Flags,t-2,-0.0004800558090209961,benign
16956,Fwd Pkt Len Max,t-2,-0.0010046958923339844,benign
16956,Fwd Pkt Len Mean,t-2,-0.0017755627632141113,benign
16956,Fwd Pkt Len Min,t-2,-0.0001404285430908203,benign
16956,Fwd Pkt Len Std,t-2,-0.003471672534942627,benign
16956,Fwd Pkts/s,t-2,0.00015592575073242188,attack
16956,Fwd Seg Size Avg,t-2,-0.00030618906021118164,benign
16956,Fwd Seg Size Min,t-2,0.0019207596778869629,attack
16956,Idle Max,t-2,-5.1915645599365234e-05,benign
16956,Idle Mean,t-2,0.00038486719131469727,attack
16956,Idle Min,t-2,0.00015151500701904297,attack
16956,Idle Std,t-2,-0.00037229061126708984,benign
16956,Init Bwd Win Byts,t-2,-0.0017883777618408203,benign
16956,Init Fwd Win Byts,t-2,-7.647275924682617e-05,benign
16956,PSH Flag Cnt,t-2,-2.014636993408203e-05,benign
16956,Pkt Len Max,t-2,0.00016832351684570312,attack
16956,Pkt Len Mean,t-2,0.00038361549377441406,attack
16956,Pkt Len Min,t-2,-0.0005418062210083008,benign
16956,Pkt Len Std,t-2,-0.0015906691551208496,benign
16956,Pkt Len Var,t-2,-0.0002205967903137207,benign
16956,Pkt Size Avg,t-2,0.00019568204879760742,attack
16956,RST Flag Cnt,t-2,0.00037616491317749023,attack
16956,SYN Flag Cnt,t-2,-0.00020837783813476562,benign
16956,Subflow Bwd Byts,t-2,-2.4437904357910156e-05,benign
16956,Subflow Bwd Pkts,t-2,3.0338764190673828e-05,attack
16956,Subflow Fwd Byts,t-2,-9.059906005859375e-06,benign
16956,Subflow Fwd Pkts,t-2,-1.6808509826660156e-05,benign
16956,Tot Bwd Pkts,t-2,-0.00010561943054199219,benign
16956,Tot Fwd Pkts,t-2,0.00017762184143066406,attack
16956,TotLen Bwd Pkts,t-2,-1.728534698486328e-05,benign
16956,TotLen Fwd Pkts,t-2,-6.496906280517578e-06,benign
16956,URG Flag Cnt,t-2,7.063150405883789e-05,attack
16956,Protocol_0,t-2,5.602836608886719e-06,attack
16956,Protocol_6,t-2,0.00012892484664916992,attack
16956,Protocol_17,t-2,-0.00012058019638061523,benign
16956,ACK Flag Cnt,t-1,-0.0018457770347595215,benign
16956,Active Max,t-1,0.00012665987014770508,attack
16956,Active Mean,t-1,0.0002262592315673828,attack
16956,Active Min,t-1,-8.225440979003906e-05,benign
16956,Active Std,t-1,0.0003281235694885254,attack
16956,Bwd Header Len,t-1,-4.392862319946289e-05,benign
16956,Bwd IAT Max,t-1,-0.0007180571556091309,benign
16956,Bwd IAT Mean,t-1,-0.00037932395935058594,benign
16956,Bwd IAT Min,t-1,-0.00012916326522827148,benign
16956,Bwd IAT Std,t-1,-0.0005012750625610352,benign
16956,Bwd IAT Tot,t-1,-0.0008121132850646973,benign
16956,Bwd Pkt Len Max,t-1,0.0014832019805908203,attack
16956,Bwd Pkt Len Mean,t-1,-0.0018318891525268555,benign
16956,Bwd Pkt Len Min,t-1,0.001080155372619629,attack
16956,Bwd Pkt Len Std,t-1,0.0008428096771240234,attack
16956,Bwd Pkts/s,t-1,-0.00036340951919555664,benign
16956,Bwd Seg Size Avg,t-1,0.0002232193946838379,attack
16956,Down/Up Ratio,t-1,9.757280349731445e-05,attack
16956,ECE Flag Cnt,t-1,0.00015658140182495117,attack
16956,Flow Byts/s,t-1,-0.000279843807220459,benign
16956,Flow Duration,t-1,0.0020009875297546387,attack
16956,Flow IAT Max,t-1,0.0013110041618347168,attack
16956,Flow IAT Mean,t-1,2.1457672119140625e-06,attack
16956,Flow IAT Min,t-1,-0.00021797418594360352,benign
16956,Flow IAT Std,t-1,-0.00024259090423583984,benign
16956,Flow Pkts/s,t-1,-4.655122756958008e-05,benign
16956,Fwd Act Data Pkts,t-1,-0.00017011165618896484,benign
16956,Fwd Header Len,t-1,-0.00042682886123657227,benign
16956,Fwd IAT Max,t-1,0.00021272897720336914,attack
16956,Fwd IAT Mean,t-1,0.0013870000839233398,attack
16956,Fwd IAT Min,t-1,-0.00013005733489990234,benign
16956,Fwd IAT Std,t-1,0.00017595291137695312,attack
16956,Fwd IAT Tot,t-1,0.0015034079551696777,attack
16956,Fwd PSH Flags,t-1,-0.0003682374954223633,benign
16956,Fwd Pkt Len Max,t-1,-0.0003026127815246582,benign
16956,Fwd Pkt Len Mean,t-1,0.00145643949508667,attack
16956,Fwd Pkt Len Min,t-1,-0.00027757883071899414,benign
16956,Fwd Pkt Len Std,t-1,0.00029784440994262695,attack
16956,Fwd Pkts/s,t-1,4.655122756958008e-05,attack
16956,Fwd Seg Size Avg,t-1,0.0008652806282043457,attack
16956,Fwd Seg Size Min,t-1,0.0019175410270690918,attack
16956,Idle Max,t-1,-3.2782554626464844e-05,benign
16956,Idle Mean,t-1,0.0013521909713745117,attack
16956,Idle Min,t-1,-0.0001195073127746582,benign
16956,Idle Std,t-1,-0.0009490251541137695,benign
16956,Init Bwd Win Byts,t-1,-0.0003839731216430664,benign
16956,Init Fwd Win Byts,t-1,-6.80088996887207e-05,benign
16956,PSH Flag Cnt,t-1,-0.00011789798736572266,benign
16956,Pkt Len Max,t-1,0.001069486141204834,attack
16956,Pkt Len Mean,t-1,-0.00046074390411376953,benign
16956,Pkt Len Min,t-1,-0.00046569108963012695,benign
16956,Pkt Len Std,t-1,0.0007647871971130371,attack
16956,Pkt Len Var,t-1,-0.0012387633323669434,benign
16956,Pkt Size Avg,t-1,-0.00164794921875,benign
16956,RST Flag Cnt,t-1,-5.745887756347656e-05,benign
16956,SYN Flag Cnt,t-1,-0.0008314251899719238,benign
16956,Subflow Bwd Byts,t-1,1.1265277862548828e-05,attack
16956,Subflow Bwd Pkts,t-1,-2.3603439331054688e-05,benign
16956,Subflow Fwd Byts,t-1,-0.0001742839813232422,benign
16956,Subflow Fwd Pkts,t-1,-0.00032973289489746094,benign
16956,Tot Bwd Pkts,t-1,-0.00025767087936401367,benign
16956,Tot Fwd Pkts,t-1,0.00010782480239868164,attack
16956,TotLen Bwd Pkts,t-1,-0.00012224912643432617,benign
16956,TotLen Fwd Pkts,t-1,-0.0001329183578491211,benign
16956,URG Flag Cnt,t-1,-2.2292137145996094e-05,benign
16956,Protocol_0,t-1,0.00011450052261352539,attack
16956,Protocol_6,t-1,-8.803606033325195e-05,benign
16956,Protocol_17,t-1,-0.00019949674606323242,benign
16956,ACK Flag Cnt,t,-0.001997649669647217,benign
16956,Active Max,t,4.583597183227539e-05,attack
16956,Active Mean,t,0.0002459883689880371,attack
16956,Active Min,t,7.683038711547852e-05,attack
16956,Active Std,t,0.00016516447067260742,attack
16956,Bwd Header Len,t,-3.159046173095703e-05,benign
16956,Bwd IAT Max,t,-0.00028896331787109375,benign
16956,Bwd IAT Mean,t,-0.0004369020462036133,benign
16956,Bwd IAT Min,t,-0.0001799464225769043,benign
16956,Bwd IAT Std,t,-0.00036978721618652344,benign
16956,Bwd IAT Tot,t,-0.00036078691482543945,benign
16956,Bwd Pkt Len Max,t,0.0014153718948364258,attack
16956,Bwd Pkt Len Mean,t,-0.0011827349662780762,benign
16956,Bwd Pkt Len Min,t,0.0011376738548278809,attack
16956,Bwd Pkt Len Std,t,0.0005823373794555664,attack
16956,Bwd Pkts/s,t,0.00026291608810424805,attack
16956,Bwd Seg Size Avg,t,0.0005409717559814453,attack
16956,Down/Up Ratio,t,-0.0022725462913513184,benign
16956,ECE Flag Cnt,t,0.00027310848236083984,attack
16956,Flow Byts/s,t,-0.00033080577850341797,benign
16956,Flow Duration,t,0.0011529326438903809,attack
16956,Flow IAT Max,t,-0.00018715858459472656,benign
16956,Flow IAT Mean,t,-0.0005617737770080566,benign
16956,Flow IAT Min,t,-0.0013827085494995117,benign
16956,Flow IAT Std,t,0.0003306865692138672,attack
16956,Flow Pkts/s,t,-0.00036197900772094727,benign
16956,Fwd Act Data Pkts,t,-2.3543834686279297e-05,benign
16956,Fwd Header Len,t,-0.0004220008850097656,benign
16956,Fwd IAT Max,t,-0.0005615353584289551,benign
16956,Fwd IAT Mean,t,0.00024068355560302734,attack
16956,Fwd IAT Min,t,-0.001291811466217041,benign
16956,Fwd IAT Std,t,0.00033593177795410156,attack
16956,Fwd IAT Tot,t,0.0012353062629699707,attack
16956,Fwd PSH Flags,t,0.0006333589553833008,attack
16956,Fwd Pkt Len Max,t,0.0007491111755371094,attack
16956,Fwd Pkt Len Mean,t,0.000643312931060791,attack
16956,Fwd Pkt Len Min,t,-0.00031363964080810547,benign
16956,Fwd Pkt Len Std,t,0.0003629326820373535,attack
16956,Fwd Pkts/s,t,0.00010406970977783203,attack
16956,Fwd Seg Size Avg,t,0.0005319714546203613,attack
16956,Fwd Seg Size Min,t,0.00208282470703125,attack
16956,Idle Max,t,-0.0009770393371582031,benign
16956,Idle Mean,t,0.00028568506240844727,attack
16956,Idle Min,t,-0.0005672574043273926,benign
16956,Idle Std,t,-0.0010142326354980469,benign
16956,Init Bwd Win Byts,t,3.218650817871094e-05,attack
16956,Init Fwd Win Byts,t,5.316734313964844e-05,attack
16956,PSH Flag Cnt,t,-8.058547973632812e-05,benign
16956,Pkt Len Max,t,0.001080334186553955,attack
16956,Pkt Len Mean,t,0.0006622076034545898,attack
16956,Pkt Len Min,t,-0.0005390048027038574,benign
16956,Pkt Len Std,t,0.001071929931640625,attack
16956,Pkt Len Var,t,-0.0007680058479309082,benign
16956,Pkt Size Avg,t,0.00026667118072509766,attack
16956,RST Flag Cnt,t,-0.00019866228103637695,benign
16956,SYN Flag Cnt,t,3.9458274841308594e-05,attack
16956,Subflow Bwd Byts,t,-2.86102294921875e-06,benign
16956,Subflow Bwd Pkts,t,-3.457069396972656e-05,benign
16956,Subflow Fwd Byts,t,-0.00010704994201660156,benign
16956,Subflow Fwd Pkts,t,-0.0002918243408203125,benign
16956,Tot Bwd Pkts,t,-0.00015437602996826172,benign
16956,Tot Fwd Pkts,t,8.606910705566406e-05,attack
16956,TotLen Bwd Pkts,t,-9.882450103759766e-05,benign
16956,TotLen Fwd Pkts,t,-7.700920104980469e-05,benign
16956,URG Flag Cnt,t,-0.0011292695999145508,benign
16956,Protocol_0,t,0.00014007091522216797,attack
16956,Protocol_6,t,1.71661376953125e-05,attack
16956,Protocol_17,t,-0.0002811551094055176,benign
17139,ACK Flag Cnt,t-9,-0.0020240843296051025,benign
17139,Active Max,t-9,8.761882781982422e-05,attack
17139,Active Mean,t-9,-2.9593706130981445e-05,benign
17139,Active Min,t-9,2.5570392608642578e-05,attack
17139,Active Std,t-9,9.572505950927734e-05,attack
17139,Bwd Header Len,t-9,-0.0002187788486480713,benign
17139,Bwd IAT Max,t-9,0.0011402368545532227,attack
17139,Bwd IAT Mean,t-9,0.00010403990745544434,attack
17139,Bwd IAT Min,t-9,-8.147954940795898e-05,benign
17139,Bwd IAT Std,t-9,0.0006509721279144287,attack
17139,Bwd IAT Tot,t-9,-0.0006970763206481934,benign
17139,Bwd Pkt Len Max,t-9,-2.8252601623535156e-05,benign
17139,Bwd Pkt Len Mean,t-9,-0.00050315260887146,benign
17139,Bwd Pkt Len Min,t-9,-3.1888484954833984e-06,benign
17139,Bwd Pkt Len Std,t-9,0.00043645501136779785,attack
17139,Bwd Pkts/s,t-9,4.908442497253418e-05,attack
17139,Bwd Seg Size Avg,t-9,1.71661376953125e-05,attack
17139,Down/Up Ratio,t-9,-2.1457672119140625e-06,benign
17139,ECE Flag Cnt,t-9,0.0017827749252319336,attack
17139,Flow Byts/s,t-9,-8.091330528259277e-05,benign
17139,Flow Duration,t-9,9.268522262573242e-06,attack
17139,Flow IAT Max,t-9,-0.0006665289402008057,benign
17139,Flow IAT Mean,t-9,0.0005582571029663086,attack
17139,Flow IAT Min,t-9,0.0008448362350463867,attack
17139,Flow IAT Std,t-9,0.0003642141819000244,attack
17139,Flow Pkts/s,t-9,3.081560134887695e-05,attack
17139,Fwd Act Data Pkts,t-9,0.00010928511619567871,attack
17139,Fwd Header Len,t-9,0.0006206631660461426,attack
17139,Fwd IAT Max,t-9,-0.0008733868598937988,benign
17139,Fwd IAT Mean,t-9,0.00039458274841308594,attack
17139,Fwd IAT Min,t-9,0.0007185041904449463,attack
17139,Fwd IAT Std,t-9,0.0004502832889556885,attack
17139,Fwd IAT Tot,t-9,-0.00024896860122680664,benign
17139,Fwd PSH Flags,t-9,4.419684410095215e-05,attack
17139,Fwd Pkt Len Max,t-9,7.867813110351562e-05,attack
17139,Fwd Pkt Len Mean,t-9,0.0001081228256225586,attack
17139,Fwd Pkt Len Min,t-9,-6.556510925292969e-07,benign
17139,Fwd Pkt Len Std,t-9,0.00011226534843444824,attack
17139,Fwd Pkts/s,t-9,8.249282836914062e-05,attack
17139,Fwd Seg Size Avg,t-9,2.6971101760864258e-05,attack
17139,Fwd Seg Size Min,t-9,-4.947185516357422e-06,benign
17139,Idle Max,t-9,-0.0008750259876251221,benign
17139,Idle Mean,t-9,-0.0008168220520019531,benign
17139,Idle Min,t-9,-0.0012497007846832275,benign
17139,Idle Std,t-9,3.37064266204834e-05,attack
17139,Init Bwd Win Byts,t-9,0.0002910792827606201,attack
17139,Init Fwd Win Byts,t-9,0.00017115473747253418,attack
17139,PSH Flag Cnt,t-9,0.00014188885688781738,attack
17139,Pkt Len Max,t-9,5.125999450683594e-06,attack
17139,Pkt Len Mean,t-9,-0.00029858946800231934,benign
17139,Pkt Len Min,t-9,-4.26173210144043e-06,benign
17139,Pkt Len Std,t-9,-0.0005616247653961182,benign
17139,Pkt Len Var,t-9,-0.0007399320602416992,benign
17139,Pkt Size Avg,t-9,-0.0004451572895050049,benign
17139,RST Flag Cnt,t-9,0.0014660358428955078,attack
17139,SYN Flag Cnt,t-9,-0.0013211071491241455,benign
17139,Subflow Bwd Byts,t-9,-4.1425228118896484e-06,benign
17139,Subflow Bwd Pkts,t-9,6.568431854248047e-05,attack
17139,Subflow Fwd Byts,t-9,-6.249547004699707e-05,benign
17139,Subflow Fwd Pkts,t-9,-0.0006454586982727051,benign
17139,Tot Bwd Pkts,t-9,-0.00021505355834960938,benign
17139,Tot Fwd Pkts,t-9,0.00011613965034484863,attack
17139,TotLen Bwd Pkts,t-9,5.543231964111328e-06,attack
17139,TotLen Fwd Pkts,t-9,-7.867813110351562e-06,benign
17139,URG Flag Cnt,t-9,-0.0004449784755706787,benign
17139,Protocol_0,t-9,-0.00010839104652404785,benign
17139,Protocol_6,t-9,4.172325134277344e-07,attack
17139,Protocol_17,t-9,-8.434057235717773e-06,benign
17139,ACK Flag Cnt,t-8,-0.007489562034606934,benign
17139,Active Max,t-8,0.00011923909187316895,attack
17139,Active Mean,t-8,-0.00013905763626098633,benign
17139,Active Min,t-8,-2.637505531311035e-05,benign
17139,Active Std,t-8,0.00024360418319702148,attack
17139,Bwd Header Len,t-8,-0.0006660223007202148,benign
17139,Bwd IAT Max,t-8,0.00698697566986084,attack
17139,Bwd IAT Mean,t-8,0.0003097355365753174,attack
17139,Bwd IAT Min,t-8,-0.00019824504852294922,benign
17139,Bwd IAT Std,t-8,0.0025403499603271484,attack
17139,Bwd IAT Tot,t-8,0.0007918477058410645,attack
17139,Bwd Pkt Len Max,t-8,0.0006768703460693359,attack
17139,Bwd Pkt Len Mean,t-8,0.00022289156913757324,attack
17139,Bwd Pkt Len Min,t-8,-0.0014799833297729492,benign
17139,Bwd Pkt Len Std,t-8,0.002208113670349121,attack
17139,Bwd Pkts/s,t-8,-4.011392593383789e-05,benign
17139,Bwd Seg Size Avg,t-8,0.00010055303573608398,attack
17139,Down/Up Ratio,t-8,3.7789344787597656e-05,attack
17139,ECE Flag Cnt,t-8,-0.001639336347579956,benign
17139,Flow Byts/s,t-8,-2.60770320892334e-05,benign
17139,Flow Duration,t-8,0.0007477104663848877,attack
17139,Flow IAT Max,t-8,-0.00195881724357605,benign
17139,Flow IAT Mean,t-8,0.0014842748641967773,attack
17139,Flow IAT Min,t-8,0.00226709246635437,attack
17139,Flow IAT Std,t-8,0.0014612376689910889,attack
17139,Flow Pkts/s,t-8,-4.7594308853149414e-05,benign
17139,Fwd Act Data Pkts,t-8,0.0005157887935638428,attack
17139,Fwd Header Len,t-8,-0.00039580464363098145,benign
17139,Fwd IAT Max,t-8,-0.0023876726627349854,benign
17139,Fwd IAT Mean,t-8,0.0010750889778137207,attack
17139,Fwd IAT Min,t-8,0.0024187564849853516,attack
17139,Fwd IAT Std,t-8,0.0015059709548950195,attack
17139,Fwd IAT Tot,t-8,0.0010072886943817139,attack
17139,Fwd PSH Flags,t-8,0.002657771110534668,attack
17139,Fwd Pkt Len Max,t-8,0.00010758638381958008,attack
17139,Fwd Pkt Len Mean,t-8,-7.835030555725098e-05,benign
17139,Fwd Pkt Len Min,t-8,1.8924474716186523e-05,attack
17139,Fwd Pkt Len Std,t-8,0.00015974044799804688,attack
17139,Fwd Pkts/s,t-8,-6.458163261413574e-05,benign
17139,Fwd Seg Size Avg,t-8,8.371472358703613e-05,attack
17139,Fwd Seg Size Min,t-8,-0.0003686845302581787,benign
17139,Idle Max,t-8,-0.001746058464050293,benign
17139,Idle Mean,t-8,-0.0015727579593658447,benign
17139,Idle Min,t-8,-0.002532362937927246,benign
17139,Idle Std,t-8,9.480118751525879e-05,attack
17139,Init Bwd Win Byts,t-8,-0.00038674473762512207,benign
17139,Init Fwd Win Byts,t-8,0.0014206469058990479,attack
17139,PSH Flag Cnt,t-8,0.0001327991485595703,attack
17139,Pkt Len Max,t-8,0.0006435513496398926,attack
17139,Pkt Len Mean,t-8,-0.0002544522285461426,benign
17139,Pkt Len Min,t-8,-4.747509956359863e-05,benign
17139,Pkt Len Std,t-8,7.587671279907227e-05,attack
17139,Pkt Len Var,t-8,-0.00023871660232543945,benign
17139,Pkt Size Avg,t-8,-0.0007225871086120605,benign
17139,RST Flag Cnt,t-8,-0.0035869181156158447,benign
17139,SYN Flag Cnt,t-8,0.0016831457614898682,attack
17139,Subflow Bwd Byts,t-8,-2.205371856689453e-06,benign
17139,Subflow Bwd Pkts,t-8,-0.0002073347568511963,benign
17139,Subflow Fwd Byts,t-8,-0.0005588829517364502,benign
17139,Subflow Fwd Pkts,t-8,-0.0014500617980957031,benign
17139,Tot Bwd Pkts,t-8,-0.0007967352867126465,benign
17139,Tot Fwd Pkts,t-8,-0.00034797191619873047,benign
17139,TotLen Bwd Pkts,t-8,-3.960728645324707e-05,benign
17139,TotLen Fwd Pkts,t-8,-0.00043845176696777344,benign
17139,URG Flag Cnt,t-8,0.00615045428276062,attack
17139,Protocol_0,t-8,-0.0003037750720977783,benign
17139,Protocol_6,t-8,5.692243576049805e-06,attack
17139,Protocol_17,t-8,-0.00019025802612304688,benign
17139,ACK Flag Cnt,t-7,-1.4275312423706055e-05,benign
17139,Active Max,t-7,-2.0563602447509766e-05,benign
17139,Active Mean,t-7,-8.106231689453125e-06,benign
17139,Active Min,t-7,-1.0788440704345703e-05,benign
17139,Active Std,t-7,8.004903793334961e-05,attack
17139,Bwd Header Len,t-7,-6.273388862609863e-05,benign
17139,Bwd IAT Max,t-7,-0.0002320706844329834,benign
17139,Bwd IAT Mean,t-7,1.952052116394043e-05,attack
17139,Bwd IAT Min,t-7,0.0001278519630432129,attack
17139,Bwd IAT Std,t-7,-0.0002747476100921631,benign
17139,Bwd IAT Tot,t-7,0.00035813450813293457,attack
17139,Bwd Pkt Len Max,t-7,-0.0005842745304107666,benign
17139,Bwd Pkt Len Mean,t-7,5.7756900787353516e-05,attack
17139,Bwd Pkt Len Min,t-7,-0.0010911226272583008,benign
17139,Bwd Pkt Len Std,t-7,-0.001732558012008667,benign
17139,Bwd Pkts/s,t-7,0.00011870265007019043,attack
17139,Bwd Seg Size Avg,t-7,0.00013688206672668457,attack
17139,Down/Up Ratio,t-7,0.00010982155799865723,attack
17139,ECE Flag Cnt,t-7,0.0003516077995300293,attack
17139,Flow Byts/s,t-7,-2.2411346435546875e-05,benign
17139,Flow Duration,t-7,0.00021573901176452637,attack
17139,Flow IAT Max,t-7,-4.3451786041259766e-05,benign
17139,Flow IAT Mean,t-7,0.00013327598571777344,attack
17139,Flow IAT Min,t-7,0.00041860342025756836,attack
17139,Flow IAT Std,t-7,-0.0003502964973449707,benign
17139,Flow Pkts/s,t-7,-5.5670738220214844e-05,benign
17139,Fwd Act Data Pkts,t-7,7.516145706176758e-05,attack
17139,Fwd Header Len,t-7,2.1725893020629883e-05,attack
17139,Fwd IAT Max,t-7,0.0007925331592559814,attack
17139,Fwd IAT Mean,t-7,0.0006438791751861572,attack
17139,Fwd IAT Min,t-7,0.0004366636276245117,attack
17139,Fwd IAT Std,t-7,-0.00042134523391723633,benign
17139,Fwd IAT Tot,t-7,-7.006525993347168e-05,benign
17139,Fwd PSH Flags,t-7,-0.000450819730758667,benign
17139,Fwd Pkt Len Max,t-7,-0.00011387467384338379,benign
17139,Fwd Pkt Len Mean,t-7,-0.00042006373405456543,benign
17139,Fwd Pkt Len Min,t-7,0.0003458559513092041,attack
17139,Fwd Pkt Len Std,t-7,-0.0006593465805053711,benign
17139,Fwd Pkts/s,t-7,-8.01384449005127e-05,benign
17139,Fwd Seg Size Avg,t-7,-0.0002779960632324219,benign
17139,Fwd Seg Size Min,t-7,-0.003044635057449341,benign
17139,Idle Max,t-7,8.437037467956543e-05,attack
17139,Idle Mean,t-7,7.784366607666016e-05,attack
17139,Idle Min,t-7,0.0005604028701782227,attack
17139,Idle Std,t-7,5.364418029785156e-07,attack
17139,Init Bwd Win Byts,t-7,-0.0005699098110198975,benign
17139,Init Fwd Win Byts,t-7,-0.0011548995971679688,benign
17139,PSH Flag Cnt,t-7,-2.9802322387695312e-06,benign
17139,Pkt Len Max,t-7,-0.0006041824817657471,benign
17139,Pkt Len Mean,t-7,1.5795230865478516e-06,attack
17139,Pkt Len Min,t-7,-0.00028958916664123535,benign
17139,Pkt Len Std,t-7,-0.0003415048122406006,benign
17139,Pkt Len Var,t-7,-5.456805229187012e-05,benign
17139,Pkt Size Avg,t-7,5.5849552154541016e-05,attack
17139,RST Flag Cnt,t-7,0.00023189187049865723,attack
17139,SYN Flag Cnt,t-7,-0.0005015134811401367,benign
17139,Subflow Bwd Byts,t-7,1.1116266250610352e-05,attack
17139,Subflow Bwd Pkts,t-7,-7.659196853637695e-05,benign
17139,Subflow Fwd Byts,t-7,-2.1010637283325195e-05,benign
17139,Subflow Fwd Pkts,t-7,-0.00033783912658691406,benign
17139,Tot Bwd Pkts,t-7,-3.466010093688965e-05,benign
17139,Tot Fwd Pkts,t-7,-5.0067901611328125e-06,benign
17139,TotLen Bwd Pkts,t-7,1.6123056411743164e-05,attack
17139,TotLen Fwd Pkts,t-7,1.71661376953125e-05,attack
17139,URG Flag Cnt,t-7,0.0008956193923950195,attack
17139,Protocol_0,t-7,-7.635354995727539e-05,benign
17139,Protocol_6,t-7,0.00020262598991394043,attack
17139,Protocol_17,t-7,-2.6553869247436523e-05,benign
17139,ACK Flag Cnt,t-6,0.0003179311752319336,attack
17139,Active Max,t-6,0.00015717744827270508,attack
17139,Active Mean,t-6,6.866455078125e-05,attack
17139,Active Min,t-6,-1.3440847396850586e-05,benign
17139,Active Std,t-6,0.000183790922164917,attack
17139,Bwd Header Len,t-6,3.859400749206543e-05,attack
17139,Bwd IAT Max,t-6,-0.00022879242897033691,benign
17139,Bwd IAT Mean,t-6,3.936886787414551e-05,attack
17139,Bwd IAT Min,t-6,5.7131052017211914e-05,attack
17139,Bwd IAT Std,t-6,-0.0006727874279022217,benign
17139,Bwd IAT Tot,t-6,0.0006522536277770996,attack
17139,Bwd Pkt Len Max,t-6,-0.0011588037014007568,benign
17139,Bwd Pkt Len Mean,t-6,-0.0005478560924530029,benign
17139,Bwd Pkt Len Min,t-6,0.001279205083847046,attack
17139,Bwd Pkt Len Std,t-6,-0.002104431390762329,benign
17139,Bwd Pkts/s,t-6,0.00020763278007507324,attack
17139,Bwd Seg Size Avg,t-6,-0.00044608116149902344,benign
17139,Down/Up Ratio,t-6,-0.00042998790740966797,benign
17139,ECE Flag Cnt,t-6,0.0007669925689697266,attack
17139,Flow Byts/s,t-6,-0.00011941790580749512,benign
17139,Flow Duration,t-6,0.00042760372161865234,attack
17139,Flow IAT Max,t-6,1.6123056411743164e-05,attack
17139,Flow IAT Mean,t-6,-0.0009441077709197998,benign
17139,Flow IAT Min,t-6,-0.0017292201519012451,benign
17139,Flow IAT Std,t-6,-0.0005250275135040283,benign
17139,Flow Pkts/s,t-6,1.2874603271484375e-05,attack
17139,Fwd Act Data Pkts,t-6,8.744001388549805e-05,attack
17139,Fwd Header Len,t-6,2.2411346435546875e-05,attack
17139,Fwd IAT Max,t-6,-0.00045868754386901855,benign
17139,Fwd IAT Mean,t-6,-0.001323789358139038,benign
17139,Fwd IAT Min,t-6,-0.0018388032913208008,benign
17139,Fwd IAT Std,t-6,-0.0007582902908325195,benign
17139,Fwd IAT Tot,t-6,0.0005914866924285889,attack
17139,Fwd PSH Flags,t-6,-0.00011748075485229492,benign
17139,Fwd Pkt Len Max,t-6,0.000540316104888916,attack
17139,Fwd Pkt Len Mean,t-6,0.00011801719665527344,attack
17139,Fwd Pkt Len Min,t-6,-4.1425228118896484e-06,benign
17139,Fwd Pkt Len Std,t-6,-2.73287296295166e-05,benign
17139,Fwd Pkts/s,t-6,0.00014385581016540527,attack
17139,Fwd Seg Size Avg,t-6,0.00021579861640930176,attack
17139,Fwd Seg Size Min,t-6,0.00031432509422302246,attack
17139,Idle Max,t-6,-0.00031450390815734863,benign
17139,Idle Mean,t-6,-0.00022110342979431152,benign
17139,Idle Min,t-6,-0.00035125017166137695,benign
17139,Idle Std,t-6,-0.00011715292930603027,benign
17139,Init Bwd Win Byts,t-6,-6.699562072753906e-05,benign
17139,Init Fwd Win Byts,t-6,0.00034886598587036133,attack
17139,PSH Flag Cnt,t-6,8.541345596313477e-05,attack
17139,Pkt Len Max,t-6,-0.0007503330707550049,benign
17139,Pkt Len Mean,t-6,0.00022143125534057617,attack
17139,Pkt Len Min,t-6,-0.00011235475540161133,benign
17139,Pkt Len Std,t-6,-0.0002262890338897705,benign
17139,Pkt Len Var,t-6,-0.0009116828441619873,benign
17139,Pkt Size Avg,t-6,0.0010561645030975342,attack
17139,RST Flag Cnt,t-6,0.0009336769580841064,attack
17139,SYN Flag Cnt,t-6,9.47713851928711e-06,attack
17139,Subflow Bwd Byts,t-6,2.631545066833496e-05,attack
17139,Subflow Bwd Pkts,t-6,0.0001360476016998291,attack
17139,Subflow Fwd Byts,t-6,2.6851892471313477e-05,attack
17139,Subflow Fwd Pkts,t-6,0.00021213293075561523,attack
17139,Tot Bwd Pkts,t-6,0.00012674927711486816,attack
17139,Tot Fwd Pkts,t-6,0.00015723705291748047,attack
17139,TotLen Bwd Pkts,t-6,4.291534423828125e-05,attack
17139,TotLen Fwd Pkts,t-6,-3.6656856536865234e-06,benign
17139,URG Flag Cnt,t-6,-0.0007572472095489502,benign
17139,Protocol_0,t-6,0.0010383129119873047,attack
17139,Protocol_6,t-6,-4.780292510986328e-05,benign
17139,Protocol_17,t-6,0.00019827485084533691,attack
17139,ACK Flag Cnt,t-5,-0.0002142190933227539,benign
17139,Active Max,t-5,6.893277168273926e-05,attack
17139,Active Mean,t-5,2.8699636459350586e-05,attack
17139,Active Min,t-5,9.548664093017578e-05,attack
17139,Active Std,t-5,0.0001671910285949707,attack
17139,Bwd Header Len,t-5,0.00014317035675048828,attack
17139,Bwd IAT Max,t-5,-0.000688016414642334,benign
17139,Bwd IAT Mean,t-5,-6.681680679321289e-05,benign
17139,Bwd IAT Min,t-5,-2.4527311325073242e-05,benign
17139,Bwd IAT Std,t-5,-0.0008907020092010498,benign
17139,Bwd IAT Tot,t-5,0.00024366378784179688,attack
17139,Bwd Pkt Len Max,t-5,-0.0005638301372528076,benign
17139,Bwd Pkt Len Mean,t-5,1.7583370208740234e-05,attack
17139,Bwd Pkt Len Min,t-5,-0.002186417579650879,benign
17139,Bwd Pkt Len Std,t-5,-0.0022162795066833496,benign
17139,Bwd Pkts/s,t-5,-4.51505184173584e-05,benign
17139,Bwd Seg Size Avg,t-5,-1.963973045349121e-05,benign
17139,Down/Up Ratio,t-5,0.00026232004165649414,attack
17139,ECE Flag Cnt,t-5,-0.00011795759201049805,benign
17139,Flow Byts/s,t-5,3.808736801147461e-05,attack
17139,Flow Duration,t-5,-0.0006594657897949219,benign
17139,Flow IAT Max,t-5,0.00025093555450439453,attack
17139,Flow IAT Mean,t-5,0.0009741783142089844,attack
17139,Flow IAT Min,t-5,0.001297295093536377,attack
17139,Flow IAT Std,t-5,1.3172626495361328e-05,attack
17139,Flow Pkts/s,t-5,0.00017890334129333496,attack
17139,Fwd Act Data Pkts,t-5,4.839897155761719e-05,attack
17139,Fwd Header Len,t-5,7.772445678710938e-05,attack
17139,Fwd IAT Max,t-5,0.0008018314838409424,attack
17139,Fwd IAT Mean,t-5,0.0010624229907989502,attack
17139,Fwd IAT Min,t-5,0.0016589164733886719,attack
17139,Fwd IAT Std,t-5,5.811452865600586e-06,attack
17139,Fwd IAT Tot,t-5,-0.0009244680404663086,benign
17139,Fwd PSH Flags,t-5,0.0005583763122558594,attack
17139,Fwd Pkt Len Max,t-5,-0.00030681490898132324,benign
17139,Fwd Pkt Len Mean,t-5,-1.4960765838623047e-05,benign
17139,Fwd Pkt Len Min,t-5,0.0002377331256866455,attack
17139,Fwd Pkt Len Std,t-5,0.00013828277587890625,attack
17139,Fwd Pkts/s,t-5,-2.5093555450439453e-05,benign
17139,Fwd Seg Size Avg,t-5,-2.7418136596679688e-05,benign
17139,Fwd Seg Size Min,t-5,-0.0008718669414520264,benign
17139,Idle Max,t-5,0.0005846321582794189,attack
17139,Idle Mean,t-5,0.00035813450813293457,attack
17139,Idle Min,t-5,0.0007873177528381348,attack
17139,Idle Std,t-5,-0.0003737509250640869,benign
17139,Init Bwd Win Byts,t-5,-0.0003331601619720459,benign
17139,Init Fwd Win Byts,t-5,0.0009752213954925537,attack
17139,PSH Flag Cnt,t-5,3.552436828613281e-05,attack
17139,Pkt Len Max,t-5,-0.0006863176822662354,benign
17139,Pkt Len Mean,t-5,0.0001272261142730713,attack
17139,Pkt Len Min,t-5,0.00017958879470825195,attack
17139,Pkt Len Std,t-5,0.0005749762058258057,attack
17139,Pkt Len Var,t-5,-0.0003451108932495117,benign
17139,Pkt Size Avg,t-5,0.0003787577152252197,attack
17139,RST Flag Cnt,t-5,0.0010938644409179688,attack
17139,SYN Flag Cnt,t-5,0.0017966032028198242,attack
17139,Subflow Bwd Byts,t-5,6.213784217834473e-05,attack
17139,Subflow Bwd Pkts,t-5,0.0001468956470489502,attack
17139,Subflow Fwd Byts,t-5,3.790855407714844e-05,attack
17139,Subflow Fwd Pkts,t-5,0.00021195411682128906,attack
17139,Tot Bwd Pkts,t-5,0.00010782480239868164,attack
17139,Tot Fwd Pkts,t-5,0.0002003014087677002,attack
17139,TotLen Bwd Pkts,t-5,6.270408630371094e-05,attack
17139,TotLen Fwd Pkts,t-5,-2.86102294921875e-06,benign
17139,URG Flag Cnt,t-5,0.0028733909130096436,attack
17139,Protocol_0,t-5,-0.0002510547637939453,benign
17139,Protocol_6,t-5,0.0003738105297088623,attack
17139,Protocol_17,t-5,-0.0002879798412322998,benign
17139,ACK Flag Cnt,t-4,-0.0047216713428497314,benign
17139,Active Max,t-4,0.00042504072189331055,attack
17139,Active Mean,t-4,5.5909156799316406e-05,attack
17139,Active Min,t-4,-0.00019609928131103516,benign
17139,Active Std,t-4,0.0005525648593902588,attack
17139,Bwd Header Len,t-4,0.0003122389316558838,attack
17139,Bwd IAT Max,t-4,-0.0015769898891448975,benign
17139,Bwd IAT Mean,t-4,-0.0010637640953063965,benign
17139,Bwd IAT Min,t-4,-0.00039520859718322754,benign
17139,Bwd IAT Std,t-4,-0.0013603270053863525,benign
17139,Bwd IAT Tot,t-4,-3.489851951599121e-05,benign
17139,Bwd Pkt Len Max,t-4,-0.0020145773887634277,benign
17139,Bwd Pkt Len Mean,t-4,7.492303848266602e-05,attack
17139,Bwd Pkt Len Min,t-4,-0.00460168719291687,benign
17139,Bwd Pkt Len Std,t-4,-0.0039841532707214355,benign
17139,Bwd Pkts/s,t-4,-3.069639205932617e-05,benign
17139,Bwd Seg Size Avg,t-4,-0.0002722740173339844,benign
17139,Down/Up Ratio,t-4,-0.0003813207149505615,benign
17139,ECE Flag Cnt,t-4,0.0039598941802978516,attack
17139,Flow Byts/s,t-4,0.0011475980281829834,attack
17139,Flow Duration,t-4,-0.0019368529319763184,benign
17139,Flow IAT Max,t-4,0.0033415257930755615,attack
17139,Flow IAT Mean,t-4,0.004267901182174683,attack
17139,Flow IAT Min,t-4,0.004242837429046631,attack
17139,Flow IAT Std,t-4,-0.0027340054512023926,benign
17139,Flow Pkts/s,t-4,0.00016480684280395508,attack
17139,Fwd Act Data Pkts,t-4,0.00010439753532409668,attack
17139,Fwd Header Len,t-4,0.00035130977630615234,attack
17139,Fwd IAT Max,t-4,0.004425376653671265,attack
17139,Fwd IAT Mean,t-4,0.005084693431854248,attack
17139,Fwd IAT Min,t-4,0.004937320947647095,attack
17139,Fwd IAT Std,t-4,-0.0024071931838989258,benign
17139,Fwd IAT Tot,t-4,-0.002977132797241211,benign
17139,Fwd PSH Flags,t-4,-0.0009443461894989014,benign
17139,Fwd Pkt Len Max,t-4,-0.0010741651058197021,benign
17139,Fwd Pkt Len Mean,t-4,-0.0003815591335296631,benign
17139,Fwd Pkt Len Min,t-4,9.334087371826172e-05,attack
17139,Fwd Pkt Len Std,t-4,-0.0013123154640197754,benign
17139,Fwd Pkts/s,t-4,0.00011545419692993164,attack
17139,Fwd Seg Size Avg,t-4,-0.0007455646991729736,benign
17139,Fwd Seg Size Min,t-4,0.001303642988204956,attack
17139,Idle Max,t-4,0.004413247108459473,attack
17139,Idle Mean,t-4,0.0029494166374206543,attack
17139,Idle Min,t-4,0.0037294328212738037,attack
17139,Idle Std,t-4,-0.0003021359443664551,benign
17139,Init Bwd Win Byts,t-4,-0.0008713901042938232,benign
17139,Init Fwd Win Byts,t-4,0.006801426410675049,attack
17139,PSH Flag Cnt,t-4,0.000721365213394165,attack
17139,Pkt Len Max,t-4,-0.000973820686340332,benign
17139,Pkt Len Mean,t-4,-0.00036785006523132324,benign
17139,Pkt Len Min,t-4,-0.0002588629722595215,benign
17139,Pkt Len Std,t-4,-0.0010173022747039795,benign
17139,Pkt Len Var,t-4,-0.0009639859199523926,benign
17139,Pkt Size Avg,t-4,0.0002892017364501953,attack
17139,RST Flag Cnt,t-4,0.004059553146362305,attack
17139,SYN Flag Cnt,t-4,0.0003752708435058594,attack
17139,Subflow Bwd Byts,t-4,7.283687591552734e-05,attack
17139,Subflow Bwd Pkts,t-4,0.0002612769603729248,attack
17139,Subflow Fwd Byts,t-4,0.00010263919830322266,attack
17139,Subflow Fwd Pkts,t-4,0.0005361735820770264,attack
17139,Tot Bwd Pkts,t-4,0.00015026330947875977,attack
17139,Tot Fwd Pkts,t-4,0.0004558563232421875,attack
17139,TotLen Bwd Pkts,t-4,7.912516593933105e-05,attack
17139,TotLen Fwd Pkts,t-4,6.29425048828125e-05,attack
17139,URG Flag Cnt,t-4,-0.0012111067771911621,benign
17139,Protocol_0,t-4,-0.0006788671016693115,benign
17139,Protocol_6,t-4,0.001063704490661621,attack
17139,Protocol_17,t-4,-0.0011300742626190186,benign
17139,ACK Flag Cnt,t-3,0.0002627372741699219,attack
17139,Active Max,t-3,0.00019285082817077637,attack
17139,Active Mean,t-3,-8.368492126464844e-05,benign
17139,Active Min,t-3,-0.00013047456741333008,benign
17139,Active Std,t-3,0.00028246641159057617,attack
17139,Bwd Header Len,t-3,-5.9932470321655273e-05,benign
17139,Bwd IAT Max,t-3,-0.0007010996341705322,benign
17139,Bwd IAT Mean,t-3,-0.00020968914031982422,benign
17139,Bwd IAT Min,t-3,-0.00016230344772338867,benign
17139,Bwd IAT Std,t-3,-0.000504910945892334,benign
17139,Bwd IAT Tot,t-3,9.676814079284668e-05,attack
17139,Bwd Pkt Len Max,t-3,2.384185791015625e-06,attack
17139,Bwd Pkt Len Mean,t-3,-5.364418029785156e-07,benign
17139,Bwd Pkt Len Min,t-3,-0.0008501410484313965,benign
17139,Bwd Pkt Len Std,t-3,-0.0002364814281463623,benign
17139,Bwd Pkts/s,t-3,0.000476151704788208,attack
17139,Bwd Seg Size Avg,t-3,-5.960464477539063e-08,benign
17139,Down/Up Ratio,t-3,0.0002644956111907959,attack
17139,ECE Flag Cnt,t-3,0.0011532902717590332,attack
17139,Flow Byts/s,t-3,-5.492568016052246e-05,benign
17139,Flow Duration,t-3,0.0005992650985717773,attack
17139,Flow IAT Max,t-3,0.0013641119003295898,attack
17139,Flow IAT Mean,t-3,0.00201416015625,attack
17139,Flow IAT Min,t-3,0.0021282732486724854,attack
17139,Flow IAT Std,t-3,-0.0011436641216278076,benign
17139,Flow Pkts/s,t-3,-1.7642974853515625e-05,benign
17139,Fwd Act Data Pkts,t-3,1.5676021575927734e-05,attack
17139,Fwd Header Len,t-3,7.68899917602539e-06,attack
17139,Fwd IAT Max,t-3,0.0017230510711669922,attack
17139,Fwd IAT Mean,t-3,0.002179443836212158,attack
17139,Fwd IAT Min,t-3,0.002162158489227295,attack
17139,Fwd IAT Std,t-3,-0.0007950961589813232,benign
17139,Fwd IAT Tot,t-3,0.0005560517311096191,attack
17139,Fwd PSH Flags,t-3,0.00018849968910217285,attack
17139,Fwd Pkt Len Max,t-3,-0.0004048347473144531,benign
17139,Fwd Pkt Len Mean,t-3,-0.0006738901138305664,benign
17139,Fwd Pkt Len Min,t-3,2.86102294921875e-06,attack
17139,Fwd Pkt Len Std,t-3,-0.0009746253490447998,benign
17139,Fwd Pkts/s,t-3,0.00013744831085205078,attack
17139,Fwd Seg Size Avg,t-3,-0.0007391273975372314,benign
17139,Fwd Seg Size Min,t-3,0.000516355037689209,attack
17139,Idle Max,t-3,0.001749664545059204,attack
17139,Idle Mean,t-3,0.0013863146305084229,attack
17139,Idle Min,t-3,0.0015991926193237305,attack
17139,Idle Std,t-3,-0.00010165572166442871,benign
17139,Init Bwd Win Byts,t-3,0.00028699636459350586,attack
17139,Init Fwd Win Byts,t-3,0.0026310384273529053,attack
17139,PSH Flag Cnt,t-3,9.647011756896973e-05,attack
17139,Pkt Len Max,t-3,-3.7670135498046875e-05,benign
17139,Pkt Len Mean,t-3,-3.126263618469238e-05,benign
17139,Pkt Len Min,t-3,1.0609626770019531e-05,attack
17139,Pkt Len Std,t-3,-0.000153273344039917,benign
17139,Pkt Len Var,t-3,0.0001354217529296875,attack
17139,Pkt Size Avg,t-3,-6.61611557006836e-05,benign
17139,RST Flag Cnt,t-3,0.001555413007736206,attack
17139,SYN Flag Cnt,t-3,0.00024434924125671387,attack
17139,Subflow Bwd Byts,t-3,2.5033950805664062e-06,attack
17139,Subflow Bwd Pkts,t-3,-4.455447196960449e-05,benign
17139,Subflow Fwd Byts,t-3,-9.861588478088379e-05,benign
17139,Subflow Fwd Pkts,t-3,8.693337440490723e-05,attack
17139,Tot Bwd Pkts,t-3,1.2040138244628906e-05,attack
17139,Tot Fwd Pkts,t-3,8.994340896606445e-05,attack
17139,TotLen Bwd Pkts,t-3,5.692243576049805e-06,attack
17139,TotLen Fwd Pkts,t-3,2.0265579223632812e-06,attack
17139,URG Flag Cnt,t-3,-0.0009545683860778809,benign
17139,Protocol_0,t-3,-0.000494152307510376,benign
17139,Protocol_6,t-3,7.11977481842041e-05,attack
17139,Protocol_17,t-3,4.437565803527832e-05,attack
17139,ACK Flag Cnt,t-2,-0.0006558597087860107,benign
17139,Active Max,t-2,3.49879264831543e-05,attack
17139,Active Mean,t-2,2.2083520889282227e-05,attack
17139,Active Min,t-2,-0.00017902255058288574,benign
17139,Active Std,t-2,0.0002359151840209961,attack
17139,Bwd Header Len,t-2,0.0001704692840576172,attack
17139,Bwd IAT Max,t-2,-0.0006767511367797852,benign
17139,Bwd IAT Mean,t-2,-8.240342140197754e-05,benign
17139,Bwd IAT Min,t-2,9.560585021972656e-05,attack
17139,Bwd IAT Std,t-2,-0.0007144808769226074,benign
17139,Bwd IAT Tot,t-2,-1.4513731002807617e-05,benign
17139,Bwd Pkt Len Max,t-2,-0.0002518892288208008,benign
17139,Bwd Pkt Len Mean,t-2,-0.001162499189376831,benign
17139,Bwd Pkt Len Min,t-2,0.0024247467517852783,attack
17139,Bwd Pkt Len Std,t-2,-0.0010703504085540771,benign
17139,Bwd Pkts/s,t-2,0.000800788402557373,attack
17139,Bwd Seg Size Avg,t-2,-0.000678330659866333,benign
17139,Down/Up Ratio,t-2,-0.0008907020092010498,benign
17139,ECE Flag Cnt,t-2,0.0006802380084991455,attack
17139,Flow Byts/s,t-2,-0.0002627372741699219,benign
17139,Flow Duration,t-2,-0.00012239813804626465,benign
17139,Flow IAT Max,t-2,0.001551806926727295,attack
17139,Flow IAT Mean,t-2,0.001331329345703125,attack
17139,Flow IAT Min,t-2,0.00107496976852417,attack
17139,Flow IAT Std,t-2,-0.0011409521102905273,benign
17139,Flow Pkts/s,t-2,-9.202957153320312e-05,benign
17139,Fwd Act Data Pkts,t-2,8.192658424377441e-05,attack
17139,Fwd Header Len,t-2,-1.5616416931152344e-05,benign
17139,Fwd IAT Max,t-2,0.0016720294952392578,attack
17139,Fwd IAT Mean,t-2,0.002674609422683716,attack
17139,Fwd IAT Min,t-2,0.0017565786838531494,attack
17139,Fwd IAT Std,t-2,-0.0007717907428741455,benign
17139,Fwd IAT Tot,t-2,-0.0005242824554443359,benign
17139,Fwd PSH Flags,t-2,-0.0015236437320709229,benign
17139,Fwd Pkt Len Max,t-2,-0.0002487301826477051,benign
17139,Fwd Pkt Len Mean,t-2,0.0009115040302276611,attack
17139,Fwd Pkt Len Min,t-2,-0.00016963481903076172,benign
17139,Fwd Pkt Len Std,t-2,0.0008507072925567627,attack
17139,Fwd Pkts/s,t-2,-0.00022390484809875488,benign
17139,Fwd Seg Size Avg,t-2,0.0010133683681488037,attack
17139,Fwd Seg Size Min,t-2,-0.0005680322647094727,benign
17139,Idle Max,t-2,0.0014909207820892334,attack
17139,Idle Mean,t-2,0.001613020896911621,attack
17139,Idle Min,t-2,0.0007408559322357178,attack
17139,Idle Std,t-2,-9.453296661376953e-05,benign
17139,Init Bwd Win Byts,t-2,0.0012541711330413818,attack
17139,Init Fwd Win Byts,t-2,-3.740191459655762e-05,benign
17139,PSH Flag Cnt,t-2,-1.1831521987915039e-05,benign
17139,Pkt Len Max,t-2,0.0016181766986846924,attack
17139,Pkt Len Mean,t-2,-0.0004188418388366699,benign
17139,Pkt Len Min,t-2,-0.00042754411697387695,benign
17139,Pkt Len Std,t-2,0.00047892332077026367,attack
17139,Pkt Len Var,t-2,-0.0011661350727081299,benign
17139,Pkt Size Avg,t-2,-0.0009163022041320801,benign
17139,RST Flag Cnt,t-2,0.0003820359706878662,attack
17139,SYN Flag Cnt,t-2,-0.00205838680267334,benign
17139,Subflow Bwd Byts,t-2,1.952052116394043e-05,attack
17139,Subflow Bwd Pkts,t-2,0.00015935301780700684,attack
17139,Subflow Fwd Byts,t-2,3.3676624298095703e-06,attack
17139,Subflow Fwd Pkts,t-2,0.0002714097499847412,attack
17139,Tot Bwd Pkts,t-2,-4.979968070983887e-05,benign
17139,Tot Fwd Pkts,t-2,0.00030675530433654785,attack
17139,TotLen Bwd Pkts,t-2,2.1129846572875977e-05,attack
17139,TotLen Fwd Pkts,t-2,-0.00010269880294799805,benign
17139,URG Flag Cnt,t-2,-0.0004864633083343506,benign
17139,Protocol_0,t-2,-0.00033676624298095703,benign
17139,Protocol_6,t-2,-0.00033670663833618164,benign
17139,Protocol_17,t-2,-0.00023865699768066406,benign
17139,ACK Flag Cnt,t-1,-0.004721790552139282,benign
17139,Active Max,t-1,-0.00017085671424865723,benign
17139,Active Mean,t-1,7.271766662597656e-06,attack
17139,Active Min,t-1,-6.285309791564941e-05,benign
17139,Active Std,t-1,-3.2782554626464844e-05,benign
17139,Bwd Header Len,t-1,0.00015118718147277832,attack
17139,Bwd IAT Max,t-1,-0.000692516565322876,benign
17139,Bwd IAT Mean,t-1,7.644295692443848e-05,attack
17139,Bwd IAT Min,t-1,0.0002339482307434082,attack
17139,Bwd IAT Std,t-1,8.26716423034668e-05,attack
17139,Bwd IAT Tot,t-1,0.00034737586975097656,attack
17139,Bwd Pkt Len Max,t-1,-0.0012995004653930664,benign
17139,Bwd Pkt Len Mean,t-1,0.0001252293586730957,attack
17139,Bwd Pkt Len Min,t-1,0.00017634034156799316,attack
17139,Bwd Pkt Len Std,t-1,-0.0010358989238739014,benign
17139,Bwd Pkts/s,t-1,0.0006968677043914795,attack
17139,Bwd Seg Size Avg,t-1,0.0001310408115386963,attack
17139,Down/Up Ratio,t-1,-0.001783609390258789,benign
17139,ECE Flag Cnt,t-1,-0.0008258223533630371,benign
17139,Flow Byts/s,t-1,-0.0003247559070587158,benign
17139,Flow Duration,t-1,0.0012311041355133057,attack
17139,Flow IAT Max,t-1,0.00017336010932922363,attack
17139,Flow IAT Mean,t-1,-0.0002536177635192871,benign
17139,Flow IAT Min,t-1,-0.00037992000579833984,benign
17139,Flow IAT Std,t-1,0.00027930736541748047,attack
17139,Flow Pkts/s,t-1,-0.0005250871181488037,benign
17139,Fwd Act Data Pkts,t-1,0.00012919306755065918,attack
17139,Fwd Header Len,t-1,3.87728214263916e-05,attack
17139,Fwd IAT Max,t-1,0.0005564093589782715,attack
17139,Fwd IAT Mean,t-1,0.0003885328769683838,attack
17139,Fwd IAT Min,t-1,-0.00018236041069030762,benign
17139,Fwd IAT Std,t-1,0.0009441077709197998,attack
17139,Fwd IAT Tot,t-1,0.0017306804656982422,attack
17139,Fwd PSH Flags,t-1,-0.0019766390323638916,benign
17139,Fwd Pkt Len Max,t-1,-0.00033980607986450195,benign
17139,Fwd Pkt Len Mean,t-1,-0.0014463067054748535,benign
17139,Fwd Pkt Len Min,t-1,-0.0006323754787445068,benign
17139,Fwd Pkt Len Std,t-1,-0.0030971169471740723,benign
17139,Fwd Pkts/s,t-1,-0.0005423128604888916,benign
17139,Fwd Seg Size Avg,t-1,-0.0011926889419555664,benign
17139,Fwd Seg Size Min,t-1,0.0021575987339019775,attack
17139,Idle Max,t-1,-0.0006399750709533691,benign
17139,Idle Mean,t-1,4.035234451293945e-05,attack
17139,Idle Min,t-1,-4.6193599700927734e-05,benign
17139,Idle Std,t-1,-0.00011435151100158691,benign
17139,Init Bwd Win Byts,t-1,-0.0025656819343566895,benign
17139,Init Fwd Win Byts,t-1,0.00026175379753112793,attack
17139,PSH Flag Cnt,t-1,-0.0003342628479003906,benign
17139,Pkt Len Max,t-1,-0.001125037670135498,benign
17139,Pkt Len Mean,t-1,0.000867307186126709,attack
17139,Pkt Len Min,t-1,-0.0011486411094665527,benign
17139,Pkt Len Std,t-1,-0.0006923973560333252,benign
17139,Pkt Len Var,t-1,0.0002288222312927246,attack
17139,Pkt Size Avg,t-1,0.00041353702545166016,attack
17139,RST Flag Cnt,t-1,-0.0013422369956970215,benign
17139,SYN Flag Cnt,t-1,-0.0025631487369537354,benign
17139,Subflow Bwd Byts,t-1,3.460049629211426e-05,attack
17139,Subflow Bwd Pkts,t-1,3.1441450119018555e-05,attack
17139,Subflow Fwd Byts,t-1,-2.16066837310791e-05,benign
17139,Subflow Fwd Pkts,t-1,-0.00012132525444030762,benign
17139,Tot Bwd Pkts,t-1,-8.636713027954102e-05,benign
17139,Tot Fwd Pkts,t-1,-1.800060272216797e-05,benign
17139,TotLen Bwd Pkts,t-1,3.0934810638427734e-05,attack
17139,TotLen Fwd Pkts,t-1,-9.78708267211914e-05,benign
17139,URG Flag Cnt,t-1,-0.0007815957069396973,benign
17139,Protocol_0,t-1,0.00010514259338378906,attack
17139,Protocol_6,t-1,-0.00034743547439575195,benign
17139,Protocol_17,t-1,-0.00025334954261779785,benign
17139,ACK Flag Cnt,t,-0.004823535680770874,benign
17139,Active Max,t,-0.00024273991584777832,benign
17139,Active Mean,t,-0.0001119077205657959,benign
17139,Active Min,t,-0.00010782480239868164,benign
17139,Active Std,t,-7.537007331848145e-05,benign
17139,Bwd Header Len,t,1.4334917068481445e-05,attack
17139,Bwd IAT Max,t,0.0005948543548583984,attack
17139,Bwd IAT Mean,t,-0.00014322996139526367,benign
17139,Bwd IAT Min,t,6.830692291259766e-05,attack
17139,Bwd IAT Std,t,0.0011117160320281982,attack
17139,Bwd IAT Tot,t,-0.00040921568870544434,benign
17139,Bwd Pkt Len Max,t,-0.0010596513748168945,benign
17139,Bwd Pkt Len Mean,t,-0.00015607476234436035,benign
17139,Bwd Pkt Len Min,t,-0.0006201267242431641,benign
17139,Bwd Pkt Len Std,t,-0.0015677809715270996,benign
17139,Bwd Pkts/s,t,0.0005581974983215332,attack
17139,Bwd Seg Size Avg,t,-8.52048397064209e-05,benign
17139,Down/Up Ratio,t,8.541345596313477e-05,attack
17139,ECE Flag Cnt,t,-0.0006990730762481689,benign
17139,Flow Byts/s,t,-0.00039008259773254395,benign
17139,Flow Duration,t,-0.006906867027282715,benign
17139,Flow IAT Max,t,0.0016415417194366455,attack
17139,Flow IAT Mean,t,0.0023471713066101074,attack
17139,Flow IAT Min,t,0.01014605164527893,attack
17139,Flow IAT Std,t,0.0005502402782440186,attack
17139,Flow Pkts/s,t,-0.0005216896533966064,benign
17139,Fwd Act Data Pkts,t,-5.701184272766113e-05,benign
17139,Fwd Header Len,t,2.0802021026611328e-05,attack
17139,Fwd IAT Max,t,-0.0021778345108032227,benign
17139,Fwd IAT Mean,t,0.0038380324840545654,attack
17139,Fwd IAT Min,t,0.0008912086486816406,attack
17139,Fwd IAT Std,t,0.00018996000289916992,attack
17139,Fwd IAT Tot,t,-0.00892573595046997,benign
17139,Fwd PSH Flags,t,-0.0015393495559692383,benign
17139,Fwd Pkt Len Max,t,0.0003153681755065918,attack
17139,Fwd Pkt Len Mean,t,9.694695472717285e-05,attack
17139,Fwd Pkt Len Min,t,-0.0010377168655395508,benign
17139,Fwd Pkt Len Std,t,2.7894973754882812e-05,attack
17139,Fwd Pkts/s,t,-0.0002136528491973877,benign
17139,Fwd Seg Size Avg,t,0.0003897547721862793,attack
17139,Fwd Seg Size Min,t,-0.01157224178314209,benign
17139,Idle Max,t,0.0024215877056121826,attack
17139,Idle Mean,t,0.0001468360424041748,attack
17139,Idle Min,t,-0.000982046127319336,benign
17139,Idle Std,t,-0.0002931654453277588,benign
17139,Init Bwd Win Byts,t,-0.0005141198635101318,benign
17139,Init Fwd Win Byts,t,-0.0016079246997833252,benign
17139,PSH Flag Cnt,t,-0.000379711389541626,benign
17139,Pkt Len Max,t,-0.0005501806735992432,benign
17139,Pkt Len Mean,t,-4.6640634536743164e-05,benign
17139,Pkt Len Min,t,-0.00028517842292785645,benign
17139,Pkt Len Std,t,-0.00028377771377563477,benign
17139,Pkt Len Var,t,-0.0005178451538085938,benign
17139,Pkt Size Avg,t,-2.1904706954956055e-05,benign
17139,RST Flag Cnt,t,-0.001086503267288208,benign
17139,SYN Flag Cnt,t,-0.00137367844581604,benign
17139,Subflow Bwd Byts,t,2.7418136596679688e-05,attack
17139,Subflow Bwd Pkts,t,-3.546476364135742e-06,benign
17139,Subflow Fwd Byts,t,-5.5730342864990234e-05,benign
17139,Subflow Fwd Pkts,t,-0.00024196505546569824,benign
17139,Tot Bwd Pkts,t,-7.611513137817383e-05,benign
17139,Tot Fwd Pkts,t,-6.517767906188965e-05,benign
17139,TotLen Bwd Pkts,t,-6.3478946685791016e-06,benign
17139,TotLen Fwd Pkts,t,-0.0001055002212524414,benign
17139,URG Flag Cnt,t,0.0002918839454650879,attack
17139,Protocol_0,t,-0.004292428493499756,benign
17139,Protocol_6,t,-0.0001582801342010498,benign
17139,Protocol_17,t,-0.00011339783668518066,benign
17323,ACK Flag Cnt,t-9,0.00030308961868286133,attack
17323,Active Max,t-9,6.0498714447021484e-05,attack
17323,Active Mean,t-9,1.6033649444580078e-05,attack
17323,Active Min,t-9,1.1920928955078125e-06,attack
17323,Active Std,t-9,5.0067901611328125e-05,attack
17323,Bwd Header Len,t-9,3.540515899658203e-05,attack
17323,Bwd IAT Max,t-9,-0.00017595291137695312,benign
17323,Bwd IAT Mean,t-9,-3.5881996154785156e-05,benign
17323,Bwd IAT Min,t-9,-3.4689903259277344e-05,benign
17323,Bwd IAT Std,t-9,-0.00024431943893432617,benign
17323,Bwd IAT Tot,t-9,0.00012302398681640625,attack
17323,Bwd Pkt Len Max,t-9,-0.00040262937545776367,benign
17323,Bwd Pkt Len Mean,t-9,0.00022602081298828125,attack
17323,Bwd Pkt Len Min,t-9,0.0007745027542114258,attack
17323,Bwd Pkt Len Std,t-9,-0.00040155649185180664,benign
17323,Bwd Pkts/s,t-9,7.212162017822266e-06,attack
17323,Bwd Seg Size Avg,t-9,7.456541061401367e-05,attack
17323,Down/Up Ratio,t-9,-4.392862319946289e-05,benign
17323,ECE Flag Cnt,t-9,0.0006165504455566406,attack
17323,Flow Byts/s,t-9,-8.410215377807617e-05,benign
17323,Flow Duration,t-9,0.00020682811737060547,attack
17323,Flow IAT Max,t-9,-0.00014591217041015625,benign
17323,Flow IAT Mean,t-9,-0.0006758570671081543,benign
17323,Flow IAT Min,t-9,-0.0007281899452209473,benign
17323,Flow IAT Std,t-9,-4.971027374267578e-05,benign
17323,Flow Pkts/s,t-9,2.300739288330078e-05,attack
17323,Fwd Act Data Pkts,t-9,2.2411346435546875e-05,attack
17323,Fwd Header Len,t-9,7.969141006469727e-05,attack
17323,Fwd IAT Max,t-9,-0.00017243623733520508,benign
17323,Fwd IAT Mean,t-9,-0.0006512999534606934,benign
17323,Fwd IAT Min,t-9,-0.000766456127166748,benign
17323,Fwd IAT Std,t-9,-0.00023812055587768555,benign
17323,Fwd IAT Tot,t-9,0.00023758411407470703,attack
17323,Fwd PSH Flags,t-9,0.00036269426345825195,attack
17323,Fwd Pkt Len Max,t-9,0.0001990795135498047,attack
17323,Fwd Pkt Len Mean,t-9,-0.00011980533599853516,benign
17323,Fwd Pkt Len Min,t-9,9.995698928833008e-05,attack
17323,Fwd Pkt Len Std,t-9,-8.26716423034668e-05,benign
17323,Fwd Pkts/s,t-9,1.7702579498291016e-05,attack
17323,Fwd Seg Size Avg,t-9,0.00010752677917480469,attack
17323,Fwd Seg Size Min,t-9,0.00011074542999267578,attack
17323,Idle Max,t-9,-0.00013339519500732422,benign
17323,Idle Mean,t-9,-0.0001289844512939453,benign
17323,Idle Min,t-9,-0.00013214349746704102,benign
17323,Idle Std,t-9,1.817941665649414e-05,attack
17323,Init Bwd Win Byts,t-9,4.5180320739746094e-05,attack
17323,Init Fwd Win Byts,t-9,-0.0007423162460327148,benign
17323,PSH Flag Cnt,t-9,5.120038986206055e-05,attack
17323,Pkt Len Max,t-9,-0.00012415647506713867,benign
17323,Pkt Len Mean,t-9,8.857250213623047e-05,attack
17323,Pkt Len Min,t-9,7.331371307373047e-05,attack
17323,Pkt Len Std,t-9,4.762411117553711e-05,attack
17323,Pkt Len Var,t-9,-0.00012892484664916992,benign
17323,Pkt Size Avg,t-9,0.00041979551315307617,attack
17323,RST Flag Cnt,t-9,0.0004818439483642578,attack
17323,SYN Flag Cnt,t-9,0.00019115209579467773,attack
17323,Subflow Bwd Byts,t-9,1.0013580322265625e-05,attack
17323,Subflow Bwd Pkts,t-9,5.7756900787353516e-05,attack
17323,Subflow Fwd Byts,t-9,3.49879264831543e-05,attack
17323,Subflow Fwd Pkts,t-9,0.00015980005264282227,attack
17323,Tot Bwd Pkts,t-9,5.7220458984375e-05,attack
17323,Tot Fwd Pkts,t-9,0.00010478496551513672,attack
17323,TotLen Bwd Pkts,t-9,2.568960189819336e-05,attack
17323,TotLen Fwd Pkts,t-9,2.2470951080322266e-05,attack
17323,URG Flag Cnt,t-9,6.896257400512695e-05,attack
17323,Protocol_0,t-9,0.0005546212196350098,attack
17323,Protocol_6,t-9,-2.205371856689453e-05,benign
17323,Protocol_17,t-9,0.00010663270950317383,attack
17323,ACK Flag Cnt,t-8,0.0002530217170715332,attack
17323,Active Max,t-8,6.079673767089844e-06,attack
17323,Active Mean,t-8,7.748603820800781e-07,attack
17323,Active Min,t-8,1.4543533325195312e-05,attack
17323,Active Std,t-8,5.1140785217285156e-05,attack
17323,Bwd Header Len,t-8,1.3113021850585938e-05,attack
17323,Bwd IAT Max,t-8,0.0008344650268554688,attack
17323,Bwd IAT Mean,t-8,4.112720489501953e-06,attack
17323,Bwd IAT Min,t-8,3.1888484954833984e-05,attack
17323,Bwd IAT Std,t-8,0.0008580684661865234,attack
17323,Bwd IAT Tot,t-8,3.7550926208496094e-05,attack
17323,Bwd Pkt Len Max,t-8,0.00017404556274414062,attack
17323,Bwd Pkt Len Mean,t-8,-6.890296936035156e-05,benign
17323,Bwd Pkt Len Min,t-8,-6.270408630371094e-05,benign
17323,Bwd Pkt Len Std,t-8,0.00020045042037963867,attack
17323,Bwd Pkts/s,t-8,5.942583084106445e-05,attack
17323,Bwd Seg Size Avg,t-8,-6.896257400512695e-05,benign
17323,Down/Up Ratio,t-8,7.396936416625977e-05,attack
17323,ECE Flag Cnt,t-8,6.0439109802246094e-05,attack
17323,Flow Byts/s,t-8,-7.432699203491211e-05,benign
17323,Flow Duration,t-8,-3.933906555175781e-05,benign
17323,Flow IAT Max,t-8,-0.00022083520889282227,benign
17323,Flow IAT Mean,t-8,0.0003052353858947754,attack
17323,Flow IAT Min,t-8,0.00029921531677246094,attack
17323,Flow IAT Std,t-8,7.772445678710938e-05,attack
17323,Flow Pkts/s,t-8,-1.1920928955078125e-06,benign
17323,Fwd Act Data Pkts,t-8,3.3974647521972656e-06,attack
17323,Fwd Header Len,t-8,1.8596649169921875e-05,attack
17323,Fwd IAT Max,t-8,-0.0001678466796875,benign
17323,Fwd IAT Mean,t-8,0.00029355287551879883,attack
17323,Fwd IAT Min,t-8,0.00031620264053344727,attack
17323,Fwd IAT Std,t-8,0.00028008222579956055,attack
17323,Fwd IAT Tot,t-8,-3.11732292175293e-05,benign
17323,Fwd PSH Flags,t-8,-6.222724914550781e-05,benign
17323,Fwd Pkt Len Max,t-8,-1.1026859283447266e-05,benign
17323,Fwd Pkt Len Mean,t-8,-7.748603820800781e-07,benign
17323,Fwd Pkt Len Min,t-8,-5.245208740234375e-06,benign
17323,Fwd Pkt Len Std,t-8,-1.3589859008789062e-05,benign
17323,Fwd Pkts/s,t-8,-3.826618194580078e-05,benign
17323,Fwd Seg Size Avg,t-8,8.046627044677734e-06,attack
17323,Fwd Seg Size Min,t-8,-6.598234176635742e-05,benign
17323,Idle Max,t-8,-0.00011223554611206055,benign
17323,Idle Mean,t-8,-0.00019615888595581055,benign
17323,Idle Min,t-8,-0.00012296438217163086,benign
17323,Idle Std,t-8,-3.796815872192383e-05,benign
17323,Init Bwd Win Byts,t-8,-5.4717063903808594e-05,benign
17323,Init Fwd Win Byts,t-8,0.0001506805419921875,attack
17323,PSH Flag Cnt,t-8,2.002716064453125e-05,attack
17323,Pkt Len Max,t-8,4.5418739318847656e-05,attack
17323,Pkt Len Mean,t-8,8.821487426757812e-06,attack
17323,Pkt Len Min,t-8,2.6464462280273438e-05,attack
17323,Pkt Len Std,t-8,-6.186962127685547e-05,benign
17323,Pkt Len Var,t-8,4.231929779052734e-06,attack
17323,Pkt Size Avg,t-8,-3.212690353393555e-05,benign
17323,RST Flag Cnt,t-8,2.6106834411621094e-05,attack
17323,SYN Flag Cnt,t-8,-0.0001926422119140625,benign
17323,Subflow Bwd Byts,t-8,1.2159347534179688e-05,attack
17323,Subflow Bwd Pkts,t-8,3.123283386230469e-05,attack
17323,Subflow Fwd Byts,t-8,2.3663043975830078e-05,attack
17323,Subflow Fwd Pkts,t-8,0.00011849403381347656,attack
17323,Tot Bwd Pkts,t-8,1.4424324035644531e-05,attack
17323,Tot Fwd Pkts,t-8,9.393692016601562e-05,attack
17323,TotLen Bwd Pkts,t-8,2.0802021026611328e-05,attack
17323,TotLen Fwd Pkts,t-8,1.0848045349121094e-05,attack
17323,URG Flag Cnt,t-8,-0.0003071427345275879,benign
17323,Protocol_0,t-8,-7.903575897216797e-05,benign
17323,Protocol_6,t-8,-4.011392593383789e-05,benign
17323,Protocol_17,t-8,5.698204040527344e-05,attack
17323,ACK Flag Cnt,t-7,-0.00024330615997314453,benign
17323,Active Max,t-7,3.1828880310058594e-05,attack
17323,Active Mean,t-7,2.008676528930664e-05,attack
17323,Active Min,t-7,-2.682209014892578e-06,benign
17323,Active Std,t-7,3.933906555175781e-05,attack
17323,Bwd Header Len,t-7,-1.1324882507324219e-06,benign
17323,Bwd IAT Max,t-7,-2.944469451904297e-05,benign
17323,Bwd IAT Mean,t-7,-2.6524066925048828e-05,benign
17323,Bwd IAT Min,t-7,2.580881118774414e-05,attack
17323,Bwd IAT Std,t-7,3.9696693420410156e-05,attack
17323,Bwd IAT Tot,t-7,0.0011596083641052246,attack
17323,Bwd Pkt Len Max,t-7,0.00019657611846923828,attack
17323,Bwd Pkt Len Mean,t-7,-0.00021898746490478516,benign
17323,Bwd Pkt Len Min,t-7,-0.00010251998901367188,benign
17323,Bwd Pkt Len Std,t-7,0.0003127455711364746,attack
17323,Bwd Pkts/s,t-7,0.00012606382369995117,attack
17323,Bwd Seg Size Avg,t-7,-0.00016456842422485352,benign
17323,Down/Up Ratio,t-7,-8.821487426757812e-06,benign
17323,ECE Flag Cnt,t-7,-0.00028449296951293945,benign
17323,Flow Byts/s,t-7,-6.29425048828125e-05,benign
17323,Flow Duration,t-7,0.0001831650733947754,attack
17323,Flow IAT Max,t-7,1.9550323486328125e-05,attack
17323,Flow IAT Mean,t-7,0.0002465248107910156,attack
17323,Flow IAT Min,t-7,0.0003121495246887207,attack
17323,Flow IAT Std,t-7,1.8417835235595703e-05,attack
17323,Flow Pkts/s,t-7,-1.710653305053711e-05,benign
17323,Fwd Act Data Pkts,t-7,-7.748603820800781e-07,benign
17323,Fwd Header Len,t-7,7.152557373046875e-06,attack
17323,Fwd IAT Max,t-7,5.543231964111328e-05,attack
17323,Fwd IAT Mean,t-7,0.00021207332611083984,attack
17323,Fwd IAT Min,t-7,0.0003275871276855469,attack
17323,Fwd IAT Std,t-7,1.3589859008789062e-05,attack
17323,Fwd IAT Tot,t-7,0.00018727779388427734,attack
17323,Fwd PSH Flags,t-7,-8.553266525268555e-05,benign
17323,Fwd Pkt Len Max,t-7,1.1324882507324219e-05,attack
17323,Fwd Pkt Len Mean,t-7,0.00016444921493530273,attack
17323,Fwd Pkt Len Min,t-7,-6.735324859619141e-06,benign
17323,Fwd Pkt Len Std,t-7,6.526708602905273e-05,attack
17323,Fwd Pkts/s,t-7,-0.00012630224227905273,benign
17323,Fwd Seg Size Avg,t-7,0.00028949975967407227,attack
17323,Fwd Seg Size Min,t-7,0.00015354156494140625,attack
17323,Idle Max,t-7,4.225969314575195e-05,attack
17323,Idle Mean,t-7,3.9517879486083984e-05,attack
17323,Idle Min,t-7,2.187490463256836e-05,attack
17323,Idle Std,t-7,-3.457069396972656e-05,benign
17323,Init Bwd Win Byts,t-7,-1.9490718841552734e-05,benign
17323,Init Fwd Win Byts,t-7,0.00015527009963989258,attack
17323,PSH Flag Cnt,t-7,-6.735324859619141e-06,benign
17323,Pkt Len Max,t-7,0.0001552104949951172,attack
17323,Pkt Len Mean,t-7,1.3232231140136719e-05,attack
17323,Pkt Len Min,t-7,3.153085708618164e-05,attack
17323,Pkt Len Std,t-7,-0.0002608299255371094,benign
17323,Pkt Len Var,t-7,0.0003668665885925293,attack
17323,Pkt Size Avg,t-7,-0.0001538991928100586,benign
17323,RST Flag Cnt,t-7,-5.245208740234375e-05,benign
17323,SYN Flag Cnt,t-7,-0.00016069412231445312,benign
17323,Subflow Bwd Byts,t-7,9.894371032714844e-06,attack
17323,Subflow Bwd Pkts,t-7,3.2186508178710938e-06,attack
17323,Subflow Fwd Byts,t-7,1.4722347259521484e-05,attack
17323,Subflow Fwd Pkts,t-7,-6.973743438720703e-06,benign
17323,Tot Bwd Pkts,t-7,-1.6689300537109375e-06,benign
17323,Tot Fwd Pkts,t-7,-1.8775463104248047e-05,benign
17323,TotLen Bwd Pkts,t-7,6.258487701416016e-06,attack
17323,TotLen Fwd Pkts,t-7,1.3113021850585938e-06,attack
17323,URG Flag Cnt,t-7,-0.00028055906295776367,benign
17323,Protocol_0,t-7,-4.100799560546875e-05,benign
17323,Protocol_6,t-7,-6.538629531860352e-05,benign
17323,Protocol_17,t-7,0.00010031461715698242,attack
17323,ACK Flag Cnt,t-6,-7.104873657226562e-05,benign
17323,Active Max,t-6,2.0802021026611328e-05,attack
17323,Active Mean,t-6,3.045797348022461e-05,attack
17323,Active Min,t-6,-1.055002212524414e-05,benign
17323,Active Std,t-6,4.458427429199219e-05,attack
17323,Bwd Header Len,t-6,3.445148468017578e-05,attack
17323,Bwd IAT Max,t-6,-0.00036644935607910156,benign
17323,Bwd IAT Mean,t-6,-3.5822391510009766e-05,benign
17323,Bwd IAT Min,t-6,3.5881996154785156e-05,attack
17323,Bwd IAT Std,t-6,-0.0003235936164855957,benign
17323,Bwd IAT Tot,t-6,-0.0006563663482666016,benign
17323,Bwd Pkt Len Max,t-6,-1.4483928680419922e-05,benign
17323,Bwd Pkt Len Mean,t-6,-0.0001646280288696289,benign
17323,Bwd Pkt Len Min,t-6,0.00018322467803955078,attack
17323,Bwd Pkt Len Std,t-6,3.349781036376953e-05,attack
17323,Bwd Pkts/s,t-6,0.00014090538024902344,attack
17323,Bwd Seg Size Avg,t-6,-0.0005303025245666504,benign
17323,Down/Up Ratio,t-6,-0.0001036524772644043,benign
17323,ECE Flag Cnt,t-6,0.0003477334976196289,attack
17323,Flow Byts/s,t-6,-0.00011092424392700195,benign
17323,Flow Duration,t-6,-0.0004904270172119141,benign
17323,Flow IAT Max,t-6,0.00010514259338378906,attack
17323,Flow IAT Mean,t-6,0.0002789497375488281,attack
17323,Flow IAT Min,t-6,0.0001823902130126953,attack
17323,Flow IAT Std,t-6,0.00010979175567626953,attack
17323,Flow Pkts/s,t-6,1.1205673217773438e-05,attack
17323,Fwd Act Data Pkts,t-6,-5.2988529205322266e-05,benign
17323,Fwd Header Len,t-6,-3.2782554626464844e-06,benign
17323,Fwd IAT Max,t-6,5.662441253662109e-06,attack
17323,Fwd IAT Mean,t-6,0.0004099607467651367,attack
17323,Fwd IAT Min,t-6,0.00035876035690307617,attack
17323,Fwd IAT Std,t-6,-0.00017458200454711914,benign
17323,Fwd IAT Tot,t-6,-0.0005753040313720703,benign
17323,Fwd PSH Flags,t-6,-2.193450927734375e-05,benign
17323,Fwd Pkt Len Max,t-6,-7.152557373046875e-06,benign
17323,Fwd Pkt Len Mean,t-6,-9.745359420776367e-05,benign
17323,Fwd Pkt Len Min,t-6,0.00013077259063720703,attack
17323,Fwd Pkt Len Std,t-6,-9.614229202270508e-05,benign
17323,Fwd Pkts/s,t-6,-8.618831634521484e-05,benign
17323,Fwd Seg Size Avg,t-6,-0.0003158450126647949,benign
17323,Fwd Seg Size Min,t-6,-0.00022143125534057617,benign
17323,Idle Max,t-6,-0.000102996826171875,benign
17323,Idle Mean,t-6,-1.5676021575927734e-05,benign
17323,Idle Min,t-6,-0.00013172626495361328,benign
17323,Idle Std,t-6,-1.150369644165039e-05,benign
17323,Init Bwd Win Byts,t-6,-0.00045180320739746094,benign
17323,Init Fwd Win Byts,t-6,0.0002778768539428711,attack
17323,PSH Flag Cnt,t-6,8.493661880493164e-05,attack
17323,Pkt Len Max,t-6,-0.00010031461715698242,benign
17323,Pkt Len Mean,t-6,-0.0001779794692993164,benign
17323,Pkt Len Min,t-6,-2.3186206817626953e-05,benign
17323,Pkt Len Std,t-6,-0.00040709972381591797,benign
17323,Pkt Len Var,t-6,9.244680404663086e-05,attack
17323,Pkt Size Avg,t-6,-0.00027930736541748047,benign
17323,RST Flag Cnt,t-6,0.00021272897720336914,attack
17323,SYN Flag Cnt,t-6,-4.112720489501953e-06,benign
17323,Subflow Bwd Byts,t-6,1.3172626495361328e-05,attack
17323,Subflow Bwd Pkts,t-6,3.2007694244384766e-05,attack
17323,Subflow Fwd Byts,t-6,6.020069122314453e-06,attack
17323,Subflow Fwd Pkts,t-6,5.46574592590332e-05,attack
17323,Tot Bwd Pkts,t-6,-9.119510650634766e-06,benign
17323,Tot Fwd Pkts,t-6,8.958578109741211e-05,attack
17323,TotLen Bwd Pkts,t-6,1.4483928680419922e-05,attack
17323,TotLen Fwd Pkts,t-6,-9.775161743164062e-06,benign
17323,URG Flag Cnt,t-6,-0.0001920461654663086,benign
17323,Protocol_0,t-6,-2.5391578674316406e-05,benign
17323,Protocol_6,t-6,-3.1948089599609375e-05,benign
17323,Protocol_17,t-6,-2.8312206268310547e-05,benign
17323,ACK Flag Cnt,t-5,0.00014662742614746094,attack
17323,Active Max,t-5,-0.0008783936500549316,benign
17323,Active Mean,t-5,-0.0009014010429382324,benign
17323,Active Min,t-5,1.9788742065429688e-05,attack
17323,Active Std,t-5,-0.0026595592498779297,benign
17323,Bwd Header Len,t-5,5.728006362915039e-05,attack
17323,Bwd IAT Max,t-5,-0.00039947032928466797,benign
17323,Bwd IAT Mean,t-5,-0.00024121999740600586,benign
17323,Bwd IAT Min,t-5,-4.547834396362305e-05,benign
17323,Bwd IAT Std,t-5,-0.00019699335098266602,benign
17323,Bwd IAT Tot,t-5,-0.0009238719940185547,benign
17323,Bwd Pkt Len Max,t-5,-0.0002835988998413086,benign
17323,Bwd Pkt Len Mean,t-5,1.7821788787841797e-05,attack
17323,Bwd Pkt Len Min,t-5,0.0006683468818664551,attack
17323,Bwd Pkt Len Std,t-5,0.00010514259338378906,attack
17323,Bwd Pkts/s,t-5,6.026029586791992e-05,attack
17323,Bwd Seg Size Avg,t-5,0.00041234493255615234,attack
17323,Down/Up Ratio,t-5,9.560585021972656e-05,attack
17323,ECE Flag Cnt,t-5,0.0005466341972351074,attack
17323,Flow Byts/s,t-5,-0.00017112493515014648,benign
17323,Flow Duration,t-5,0.0002275705337524414,attack
17323,Flow IAT Max,t-5,-7.778406143188477e-05,benign
17323,Flow IAT Mean,t-5,0.0005781650543212891,attack
17323,Flow IAT Min,t-5,0.00040721893310546875,attack
17323,Flow IAT Std,t-5,-0.00023502111434936523,benign
17323,Flow Pkts/s,t-5,-5.2928924560546875e-05,benign
17323,Fwd Act Data Pkts,t-5,-7.599592208862305e-05,benign
17323,Fwd Header Len,t-5,-5.650520324707031e-05,benign
17323,Fwd IAT Max,t-5,0.00017452239990234375,attack
17323,Fwd IAT Mean,t-5,0.0007379651069641113,attack
17323,Fwd IAT Min,t-5,0.000567018985748291,attack
17323,Fwd IAT Std,t-5,-0.00026422739028930664,benign
17323,Fwd IAT Tot,t-5,0.00033795833587646484,attack
17323,Fwd PSH Flags,t-5,0.0005123615264892578,attack
17323,Fwd Pkt Len Max,t-5,-0.00011330842971801758,benign
17323,Fwd Pkt Len Mean,t-5,-0.0002626180648803711,benign
17323,Fwd Pkt Len Min,t-5,0.00023174285888671875,attack
17323,Fwd Pkt Len Std,t-5,-0.0001442432403564453,benign
17323,Fwd Pkts/s,t-5,-7.939338684082031e-05,benign
17323,Fwd Seg Size Avg,t-5,0.0007578134536743164,attack
17323,Fwd Seg Size Min,t-5,9.107589721679688e-05,attack
17323,Idle Max,t-5,-4.410743713378906e-05,benign
17323,Idle Mean,t-5,0.00010055303573608398,attack
17323,Idle Min,t-5,8.928775787353516e-05,attack
17323,Idle Std,t-5,-0.0002490878105163574,benign
17323,Init Bwd Win Byts,t-5,-6.908178329467773e-05,benign
17323,Init Fwd Win Byts,t-5,0.000491797924041748,attack
17323,PSH Flag Cnt,t-5,7.110834121704102e-05,attack
17323,Pkt Len Max,t-5,0.00010597705841064453,attack
17323,Pkt Len Mean,t-5,0.000498652458190918,attack
17323,Pkt Len Min,t-5,0.0001736283302307129,attack
17323,Pkt Len Std,t-5,0.00042122602462768555,attack
17323,Pkt Len Var,t-5,-0.0006214380264282227,benign
17323,Pkt Size Avg,t-5,0.001211702823638916,attack
17323,RST Flag Cnt,t-5,0.000705420970916748,attack
17323,SYN Flag Cnt,t-5,0.0003675222396850586,attack
17323,Subflow Bwd Byts,t-5,8.344650268554688e-06,attack
17323,Subflow Bwd Pkts,t-5,6.270408630371094e-05,attack
17323,Subflow Fwd Byts,t-5,-1.5556812286376953e-05,benign
17323,Subflow Fwd Pkts,t-5,-6.377696990966797e-06,benign
17323,Tot Bwd Pkts,t-5,-1.7821788787841797e-05,benign
17323,Tot Fwd Pkts,t-5,-2.2530555725097656e-05,benign
17323,TotLen Bwd Pkts,t-5,1.3053417205810547e-05,attack
17323,TotLen Fwd Pkts,t-5,-2.9981136322021484e-05,benign
17323,URG Flag Cnt,t-5,-5.447864532470703e-05,benign
17323,Protocol_0,t-5,0.00032788515090942383,attack
17323,Protocol_6,t-5,-4.798173904418945e-05,benign
17323,Protocol_17,t-5,4.845857620239258e-05,attack
17323,ACK Flag Cnt,t-4,0.0006638169288635254,attack
17323,Active Max,t-4,0.00012576580047607422,attack
17323,Active Mean,t-4,7.230043411254883e-05,attack
17323,Active Min,t-4,-4.971027374267578e-05,benign
17323,Active Std,t-4,0.0001761913299560547,attack
17323,Bwd Header Len,t-4,6.520748138427734e-05,attack
17323,Bwd IAT Max,t-4,-0.0005468130111694336,benign
17323,Bwd IAT Mean,t-4,-0.00021255016326904297,benign
17323,Bwd IAT Min,t-4,-0.00011682510375976562,benign
17323,Bwd IAT Std,t-4,-0.00026988983154296875,benign
17323,Bwd IAT Tot,t-4,-0.0009983181953430176,benign
17323,Bwd Pkt Len Max,t-4,-4.553794860839844e-05,benign
17323,Bwd Pkt Len Mean,t-4,5.358457565307617e-05,attack
17323,Bwd Pkt Len Min,t-4,0.000932157039642334,attack
17323,Bwd Pkt Len Std,t-4,1.239776611328125e-05,attack
17323,Bwd Pkts/s,t-4,0.00017726421356201172,attack
17323,Bwd Seg Size Avg,t-4,6.920099258422852e-05,attack
17323,Down/Up Ratio,t-4,7.468461990356445e-05,attack
17323,ECE Flag Cnt,t-4,0.0006741881370544434,attack
17323,Flow Byts/s,t-4,-0.0001233220100402832,benign
17323,Flow Duration,t-4,-0.0012032389640808105,benign
17323,Flow IAT Max,t-4,0.0003445148468017578,attack
17323,Flow IAT Mean,t-4,0.0009545087814331055,attack
17323,Flow IAT Min,t-4,0.0008270740509033203,attack
17323,Flow IAT Std,t-4,-0.0005469918251037598,benign
17323,Flow Pkts/s,t-4,9.655952453613281e-06,attack
17323,Fwd Act Data Pkts,t-4,-5.638599395751953e-05,benign
17323,Fwd Header Len,t-4,-4.291534423828125e-06,benign
17323,Fwd IAT Max,t-4,0.0004474520683288574,attack
17323,Fwd IAT Mean,t-4,0.0011420249938964844,attack
17323,Fwd IAT Min,t-4,0.0008699893951416016,attack
17323,Fwd IAT Std,t-4,-0.0003708004951477051,benign
17323,Fwd IAT Tot,t-4,-0.0013756752014160156,benign
17323,Fwd PSH Flags,t-4,0.0004723668098449707,attack
17323,Fwd Pkt Len Max,t-4,3.3020973205566406e-05,attack
17323,Fwd Pkt Len Mean,t-4,0.00016838312149047852,attack
17323,Fwd Pkt Len Min,t-4,0.0002282261848449707,attack
17323,Fwd Pkt Len Std,t-4,8.159875869750977e-05,attack
17323,Fwd Pkts/s,t-4,1.0311603546142578e-05,attack
17323,Fwd Seg Size Avg,t-4,0.0004786252975463867,attack
17323,Fwd Seg Size Min,t-4,-0.001010596752166748,benign
17323,Idle Max,t-4,0.00047844648361206055,attack
17323,Idle Mean,t-4,0.0004120469093322754,attack
17323,Idle Min,t-4,0.00041031837463378906,attack
17323,Idle Std,t-4,7.30752944946289e-05,attack
17323,Init Bwd Win Byts,t-4,-1.722574234008789e-05,benign
17323,Init Fwd Win Byts,t-4,0.00011235475540161133,attack
17323,PSH Flag Cnt,t-4,8.022785186767578e-05,attack
17323,Pkt Len Max,t-4,0.00012099742889404297,attack
17323,Pkt Len Mean,t-4,0.00020188093185424805,attack
17323,Pkt Len Min,t-4,0.00010538101196289062,attack
17323,Pkt Len Std,t-4,0.00011157989501953125,attack
17323,Pkt Len Var,t-4,-0.00011265277862548828,benign
17323,Pkt Size Avg,t-4,0.00037914514541625977,attack
17323,RST Flag Cnt,t-4,0.0006301999092102051,attack
17323,SYN Flag Cnt,t-4,0.0005865693092346191,attack
17323,Subflow Bwd Byts,t-4,1.9490718841552734e-05,attack
17323,Subflow Bwd Pkts,t-4,5.519390106201172e-05,attack
17323,Subflow Fwd Byts,t-4,1.2814998626708984e-05,attack
17323,Subflow Fwd Pkts,t-4,0.00010150671005249023,attack
17323,Tot Bwd Pkts,t-4,-2.3186206817626953e-05,benign
17323,Tot Fwd Pkts,t-4,0.00026112794876098633,attack
17323,TotLen Bwd Pkts,t-4,3.7550926208496094e-06,attack
17323,TotLen Fwd Pkts,t-4,-2.6702880859375e-05,benign
17323,URG Flag Cnt,t-4,0.0001227259635925293,attack
17323,Protocol_0,t-4,-0.00015562772750854492,benign
17323,Protocol_6,t-4,-0.00013363361358642578,benign
17323,Protocol_17,t-4,9.500980377197266e-05,attack
17323,ACK Flag Cnt,t-3,-0.0010877251625061035,benign
17323,Active Max,t-3,0.00013017654418945312,attack
17323,Active Mean,t-3,5.644559860229492e-05,attack
17323,Active Min,t-3,-0.00011992454528808594,benign
17323,Active Std,t-3,0.0002720952033996582,attack
17323,Bwd Header Len,t-3,0.00010836124420166016,attack
17323,Bwd IAT Max,t-3,-0.000877678394317627,benign
17323,Bwd IAT Mean,t-3,-0.0004749298095703125,benign
17323,Bwd IAT Min,t-3,-0.00017631053924560547,benign
17323,Bwd IAT Std,t-3,-0.0003260374069213867,benign
17323,Bwd IAT Tot,t-3,-0.001322925090789795,benign
17323,Bwd Pkt Len Max,t-3,-0.0007646679878234863,benign
17323,Bwd Pkt Len Mean,t-3,-4.673004150390625e-05,benign
17323,Bwd Pkt Len Min,t-3,0.0013150572776794434,attack
17323,Bwd Pkt Len Std,t-3,-2.3245811462402344e-06,benign
17323,Bwd Pkts/s,t-3,0.0002040863037109375,attack
17323,Bwd Seg Size Avg,t-3,-0.0001550912857055664,benign
17323,Down/Up Ratio,t-3,0.0002090930938720703,attack
17323,ECE Flag Cnt,t-3,-0.0011687874794006348,benign
17323,Flow Byts/s,t-3,-0.00032407045364379883,benign
17323,Flow Duration,t-3,-0.0012018084526062012,benign
17323,Flow IAT Max,t-3,0.0014662742614746094,attack
17323,Flow IAT Mean,t-3,0.0017667412757873535,attack
17323,Flow IAT Min,t-3,0.0017341971397399902,attack
17323,Flow IAT Std,t-3,-0.0011703968048095703,benign
17323,Flow Pkts/s,t-3,0.0001087188720703125,attack
17323,Fwd Act Data Pkts,t-3,-4.583597183227539e-05,benign
17323,Fwd Header Len,t-3,2.390146255493164e-05,attack
17323,Fwd IAT Max,t-3,0.0014749765396118164,attack
17323,Fwd IAT Mean,t-3,0.0024573206901550293,attack
17323,Fwd IAT Min,t-3,0.0017287135124206543,attack
17323,Fwd IAT Std,t-3,-0.0008287429809570312,benign
17323,Fwd IAT Tot,t-3,-0.0015022754669189453,benign
17323,Fwd PSH Flags,t-3,2.4139881134033203e-05,attack
17323,Fwd Pkt Len Max,t-3,0.00010180473327636719,attack
17323,Fwd Pkt Len Mean,t-3,0.0004233717918395996,attack
17323,Fwd Pkt Len Min,t-3,0.0002733469009399414,attack
17323,Fwd Pkt Len Std,t-3,0.0002777576446533203,attack
17323,Fwd Pkts/s,t-3,-2.574920654296875e-05,benign
17323,Fwd Seg Size Avg,t-3,0.0015115141868591309,attack
17323,Fwd Seg Size Min,t-3,-0.0008085966110229492,benign
17323,Idle Max,t-3,0.001385331153869629,attack
17323,Idle Mean,t-3,0.0012153983116149902,attack
17323,Idle Min,t-3,0.0012448430061340332,attack
17323,Idle Std,t-3,1.901388168334961e-05,attack
17323,Init Bwd Win Byts,t-3,7.212162017822266e-05,attack
17323,Init Fwd Win Byts,t-3,0.0004935860633850098,attack
17323,PSH Flag Cnt,t-3,-8.094310760498047e-05,benign
17323,Pkt Len Max,t-3,0.0002148151397705078,attack
17323,Pkt Len Mean,t-3,0.0006532669067382812,attack
17323,Pkt Len Min,t-3,-0.0002244710922241211,benign
17323,Pkt Len Std,t-3,-0.00018912553787231445,benign
17323,Pkt Len Var,t-3,-0.000925600528717041,benign
17323,Pkt Size Avg,t-3,-0.0001118779182434082,benign
17323,RST Flag Cnt,t-3,-0.000983595848083496,benign
17323,SYN Flag Cnt,t-3,6.973743438720703e-06,attack
17323,Subflow Bwd Byts,t-3,2.0503997802734375e-05,attack
17323,Subflow Bwd Pkts,t-3,4.8279762268066406e-05,attack
17323,Subflow Fwd Byts,t-3,-3.993511199951172e-06,benign
17323,Subflow Fwd Pkts,t-3,0.00010436773300170898,attack
17323,Tot Bwd Pkts,t-3,-4.565715789794922e-05,benign
17323,Tot Fwd Pkts,t-3,0.00022524595260620117,attack
17323,TotLen Bwd Pkts,t-3,1.7642974853515625e-05,attack
17323,TotLen Fwd Pkts,t-3,-2.676248550415039e-05,benign
17323,URG Flag Cnt,t-3,0.0005301833152770996,attack
17323,Protocol_0,t-3,-0.00029343366622924805,benign
17323,Protocol_6,t-3,-0.00017249584197998047,benign
17323,Protocol_17,t-3,6.854534149169922e-05,attack
17323,ACK Flag Cnt,t-2,0.0010129213333129883,attack
17323,Active Max,t-2,5.513429641723633e-05,attack
17323,Active Mean,t-2,9.745359420776367e-05,attack
17323,Active Min,t-2,-0.00010967254638671875,benign
17323,Active Std,t-2,0.00020039081573486328,attack
17323,Bwd Header Len,t-2,4.595518112182617e-05,attack
17323,Bwd IAT Max,t-2,-0.0005260705947875977,benign
17323,Bwd IAT Mean,t-2,3.5762786865234375e-06,attack
17323,Bwd IAT Min,t-2,0.00010776519775390625,attack
17323,Bwd IAT Std,t-2,-0.00044220685958862305,benign
17323,Bwd IAT Tot,t-2,0.0006294846534729004,attack
17323,Bwd Pkt Len Max,t-2,8.511543273925781e-05,attack
17323,Bwd Pkt Len Mean,t-2,-7.2479248046875e-05,benign
17323,Bwd Pkt Len Min,t-2,-0.00011968612670898438,benign
17323,Bwd Pkt Len Std,t-2,0.0004164576530456543,attack
17323,Bwd Pkts/s,t-2,0.0005339980125427246,attack
17323,Bwd Seg Size Avg,t-2,3.129243850708008e-05,attack
17323,Down/Up Ratio,t-2,-0.0004546642303466797,benign
17323,ECE Flag Cnt,t-2,0.0007891654968261719,attack
17323,Flow Byts/s,t-2,0.0005286335945129395,attack
17323,Flow Duration,t-2,-0.00017648935317993164,benign
17323,Flow IAT Max,t-2,0.0002567172050476074,attack
17323,Flow IAT Mean,t-2,0.00010508298873901367,attack
17323,Flow IAT Min,t-2,0.00020939111709594727,attack
17323,Flow IAT Std,t-2,-0.0001690387725830078,benign
17323,Flow Pkts/s,t-2,-0.0017557740211486816,benign
17323,Fwd Act Data Pkts,t-2,-1.7702579498291016e-05,benign
17323,Fwd Header Len,t-2,-5.9485435485839844e-05,benign
17323,Fwd IAT Max,t-2,0.0001366138458251953,attack
17323,Fwd IAT Mean,t-2,0.0013164281845092773,attack
17323,Fwd IAT Min,t-2,0.00036454200744628906,attack
17323,Fwd IAT Std,t-2,8.106231689453125e-06,attack
17323,Fwd IAT Tot,t-2,-5.936622619628906e-05,benign
17323,Fwd PSH Flags,t-2,-0.0013535022735595703,benign
17323,Fwd Pkt Len Max,t-2,-0.00013214349746704102,benign
17323,Fwd Pkt Len Mean,t-2,-0.0009002089500427246,benign
17323,Fwd Pkt Len Min,t-2,-0.00036257505416870117,benign
17323,Fwd Pkt Len Std,t-2,-0.0004925727844238281,benign
17323,Fwd Pkts/s,t-2,0.00013530254364013672,attack
17323,Fwd Seg Size Avg,t-2,-0.0009906888008117676,benign
17323,Fwd Seg Size Min,t-2,0.0003123283386230469,attack
17323,Idle Max,t-2,-0.00010412931442260742,benign
17323,Idle Mean,t-2,0.0005544424057006836,attack
17323,Idle Min,t-2,-0.00039190053939819336,benign
17323,Idle Std,t-2,-9.250640869140625e-05,benign
17323,Init Bwd Win Byts,t-2,0.0007787346839904785,attack
17323,Init Fwd Win Byts,t-2,0.0009526610374450684,attack
17323,PSH Flag Cnt,t-2,-9.334087371826172e-05,benign
17323,Pkt Len Max,t-2,0.0002301931381225586,attack
17323,Pkt Len Mean,t-2,3.355741500854492e-05,attack
17323,Pkt Len Min,t-2,0.0017334222793579102,attack
17323,Pkt Len Std,t-2,0.0002505183219909668,attack
17323,Pkt Len Var,t-2,-0.0002358555793762207,benign
17323,Pkt Size Avg,t-2,2.6524066925048828e-05,attack
17323,RST Flag Cnt,t-2,6.61015510559082e-05,attack
17323,SYN Flag Cnt,t-2,-0.0015649795532226562,benign
17323,Subflow Bwd Byts,t-2,-2.8908252716064453e-05,benign
17323,Subflow Bwd Pkts,t-2,-2.9206275939941406e-06,benign
17323,Subflow Fwd Byts,t-2,-3.3974647521972656e-06,benign
17323,Subflow Fwd Pkts,t-2,-6.568431854248047e-05,benign
17323,Tot Bwd Pkts,t-2,-0.00010228157043457031,benign
17323,Tot Fwd Pkts,t-2,0.00015604496002197266,attack
17323,TotLen Bwd Pkts,t-2,-2.008676528930664e-05,benign
17323,TotLen Fwd Pkts,t-2,-2.7418136596679688e-06,benign
17323,URG Flag Cnt,t-2,0.000339508056640625,attack
17323,Protocol_0,t-2,-7.170438766479492e-05,benign
17323,Protocol_6,t-2,-3.165006637573242e-05,benign
17323,Protocol_17,t-2,-0.00014126300811767578,benign
17323,ACK Flag Cnt,t-1,-0.0034343600273132324,benign
17323,Active Max,t-1,-0.00022292137145996094,benign
17323,Active Mean,t-1,4.8100948333740234e-05,attack
17323,Active Min,t-1,2.5153160095214844e-05,attack
17323,Active Std,t-1,-1.1563301086425781e-05,benign
17323,Bwd Header Len,t-1,4.851818084716797e-05,attack
17323,Bwd IAT Max,t-1,-0.0004928112030029297,benign
17323,Bwd IAT Mean,t-1,0.000330507755279541,attack
17323,Bwd IAT Min,t-1,0.00016838312149047852,attack
17323,Bwd IAT Std,t-1,-0.00014150142669677734,benign
17323,Bwd IAT Tot,t-1,-0.0009715557098388672,benign
17323,Bwd Pkt Len Max,t-1,0.0004825592041015625,attack
17323,Bwd Pkt Len Mean,t-1,-0.0005863308906555176,benign
17323,Bwd Pkt Len Min,t-1,-0.00038927793502807617,benign
17323,Bwd Pkt Len Std,t-1,0.00029772520065307617,attack
17323,Bwd Pkts/s,t-1,0.0007091760635375977,attack
17323,Bwd Seg Size Avg,t-1,-0.00025665760040283203,benign
17323,Down/Up Ratio,t-1,-0.0010367035865783691,benign
17323,ECE Flag Cnt,t-1,-0.0003212094306945801,benign
17323,Flow Byts/s,t-1,-5.125999450683594e-05,benign
17323,Flow Duration,t-1,0.0004813075065612793,attack
17323,Flow IAT Max,t-1,-0.0006043910980224609,benign
17323,Flow IAT Mean,t-1,-0.0014340877532958984,benign
17323,Flow IAT Min,t-1,-0.0013892650604248047,benign
17323,Flow IAT Std,t-1,0.0011941194534301758,attack
17323,Flow Pkts/s,t-1,0.00016349554061889648,attack
17323,Fwd Act Data Pkts,t-1,0.00014322996139526367,attack
17323,Fwd Header Len,t-1,-0.00022399425506591797,benign
17323,Fwd IAT Max,t-1,-0.0005017518997192383,benign
17323,Fwd IAT Mean,t-1,0.00010925531387329102,attack
17323,Fwd IAT Min,t-1,-0.0009516477584838867,benign
17323,Fwd IAT Std,t-1,0.0015844106674194336,attack
17323,Fwd IAT Tot,t-1,0.0011948347091674805,attack
17323,Fwd PSH Flags,t-1,-0.0020804405212402344,benign
17323,Fwd Pkt Len Max,t-1,2.3543834686279297e-05,attack
17323,Fwd Pkt Len Mean,t-1,-8.589029312133789e-05,benign
17323,Fwd Pkt Len Min,t-1,2.6226043701171875e-06,attack
17323,Fwd Pkt Len Std,t-1,0.00015163421630859375,attack
17323,Fwd Pkts/s,t-1,-0.00011730194091796875,benign
17323,Fwd Seg Size Avg,t-1,-7.146596908569336e-05,benign
17323,Fwd Seg Size Min,t-1,-2.5272369384765625e-05,benign
17323,Idle Max,t-1,-0.0013586878776550293,benign
17323,Idle Mean,t-1,5.805492401123047e-05,attack
17323,Idle Min,t-1,-0.001161038875579834,benign
17323,Idle Std,t-1,-0.00022035837173461914,benign
17323,Init Bwd Win Byts,t-1,0.00016480684280395508,attack
17323,Init Fwd Win Byts,t-1,0.0002263784408569336,attack
17323,PSH Flag Cnt,t-1,-0.0005753636360168457,benign
17323,Pkt Len Max,t-1,0.0005822181701660156,attack
17323,Pkt Len Mean,t-1,-0.00030940771102905273,benign
17323,Pkt Len Min,t-1,-0.00013554096221923828,benign
17323,Pkt Len Std,t-1,0.0003725886344909668,attack
17323,Pkt Len Var,t-1,-0.0007201433181762695,benign
17323,Pkt Size Avg,t-1,-0.00016891956329345703,benign
17323,RST Flag Cnt,t-1,-0.0008670687675476074,benign
17323,SYN Flag Cnt,t-1,-0.002735137939453125,benign
17323,Subflow Bwd Byts,t-1,2.5033950805664062e-06,attack
17323,Subflow Bwd Pkts,t-1,-9.655952453613281e-06,benign
17323,Subflow Fwd Byts,t-1,-0.00013840198516845703,benign
17323,Subflow Fwd Pkts,t-1,-0.0004900097846984863,benign
17323,Tot Bwd Pkts,t-1,-0.00015437602996826172,benign
17323,Tot Fwd Pkts,t-1,0.00010067224502563477,attack
17323,TotLen Bwd Pkts,t-1,-4.410743713378906e-05,benign
17323,TotLen Fwd Pkts,t-1,-0.000125885009765625,benign
17323,URG Flag Cnt,t-1,-0.0005037188529968262,benign
17323,Protocol_0,t-1,0.0001938343048095703,attack
17323,Protocol_6,t-1,-3.075599670410156e-05,benign
17323,Protocol_17,t-1,2.0802021026611328e-05,attack
17323,ACK Flag Cnt,t,-0.0014348626136779785,benign
17323,Active Max,t,-8.636713027954102e-05,benign
17323,Active Mean,t,5.924701690673828e-05,attack
17323,Active Min,t,5.543231964111328e-06,attack
17323,Active Std,t,2.866983413696289e-05,attack
17323,Bwd Header Len,t,2.658367156982422e-05,attack
17323,Bwd IAT Max,t,-0.0004538297653198242,benign
17323,Bwd IAT Mean,t,3.2961368560791016e-05,attack
17323,Bwd IAT Min,t,-6.431341171264648e-05,benign
17323,Bwd IAT Std,t,0.00011903047561645508,attack
17323,Bwd IAT Tot,t,-0.0002619624137878418,benign
17323,Bwd Pkt Len Max,t,-0.004977226257324219,benign
17323,Bwd Pkt Len Mean,t,0.001495659351348877,attack
17323,Bwd Pkt Len Min,t,0.0002627372741699219,attack
17323,Bwd Pkt Len Std,t,-0.0023781657218933105,benign
17323,Bwd Pkts/s,t,-0.00011819601058959961,benign
17323,Bwd Seg Size Avg,t,0.0023592114448547363,attack
17323,Down/Up Ratio,t,-0.0012782812118530273,benign
17323,ECE Flag Cnt,t,0.00024372339248657227,attack
17323,Flow Byts/s,t,-0.000491023063659668,benign
17323,Flow Duration,t,0.00013172626495361328,attack
17323,Flow IAT Max,t,-0.0004839897155761719,benign
17323,Flow IAT Mean,t,-0.0005595088005065918,benign
17323,Flow IAT Min,t,-0.0007612705230712891,benign
17323,Flow IAT Std,t,0.000937342643737793,attack
17323,Flow Pkts/s,t,-0.0004633665084838867,benign
17323,Fwd Act Data Pkts,t,0.00015544891357421875,attack
17323,Fwd Header Len,t,-9.161233901977539e-05,benign
17323,Fwd IAT Max,t,-0.00042998790740966797,benign
17323,Fwd IAT Mean,t,3.5703182220458984e-05,attack
17323,Fwd IAT Min,t,-0.0003705620765686035,benign
17323,Fwd IAT Std,t,0.0008587241172790527,attack
17323,Fwd IAT Tot,t,0.0005958676338195801,attack
17323,Fwd PSH Flags,t,-0.0003218650817871094,benign
17323,Fwd Pkt Len Max,t,-0.0019276738166809082,benign
17323,Fwd Pkt Len Mean,t,-0.0017423629760742188,benign
17323,Fwd Pkt Len Min,t,-0.0001367330551147461,benign
17323,Fwd Pkt Len Std,t,-0.004970371723175049,benign
17323,Fwd Pkts/s,t,-0.00016075372695922852,benign
17323,Fwd Seg Size Avg,t,-0.0009500384330749512,benign
17323,Fwd Seg Size Min,t,0.0014542937278747559,attack
17323,Idle Max,t,-0.00043267011642456055,benign
17323,Idle Mean,t,-0.000599205493927002,benign
17323,Idle Min,t,-0.00028634071350097656,benign
17323,Idle Std,t,0.00032085180282592773,attack
17323,Init Bwd Win Byts,t,-0.0071985721588134766,benign
17323,Init Fwd Win Byts,t,-0.00020498037338256836,benign
17323,PSH Flag Cnt,t,-0.0003344416618347168,benign
17323,Pkt Len Max,t,-0.0015973448753356934,benign
17323,Pkt Len Mean,t,0.002891719341278076,attack
17323,Pkt Len Min,t,-0.0007965564727783203,benign
17323,Pkt Len Std,t,-0.0016486048698425293,benign
17323,Pkt Len Var,t,0.004221677780151367,attack
17323,Pkt Size Avg,t,0.00042939186096191406,attack
17323,RST Flag Cnt,t,-0.0009884834289550781,benign
17323,SYN Flag Cnt,t,-0.001069486141204834,benign
17323,Subflow Bwd Byts,t,-7.432699203491211e-05,benign
17323,Subflow Bwd Pkts,t,4.494190216064453e-05,attack
17323,Subflow Fwd Byts,t,-3.170967102050781e-05,benign
17323,Subflow Fwd Pkts,t,-0.00015842914581298828,benign
17323,Tot Bwd Pkts,t,-3.629922866821289e-05,benign
17323,Tot Fwd Pkts,t,0.00011360645294189453,attack
17323,TotLen Bwd Pkts,t,-4.374980926513672e-05,benign
17323,TotLen Fwd Pkts,t,-3.123283386230469e-05,benign
17323,URG Flag Cnt,t,-0.0005900859832763672,benign
17323,Protocol_0,t,8.344650268554688e-05,attack
17323,Protocol_6,t,-0.0007551908493041992,benign
17323,Protocol_17,t,0.0001976490020751953,attack
17507,ACK Flag Cnt,t-9,-5.161762237548828e-05,benign
17507,Active Max,t-9,1.150369644165039e-05,attack
17507,Active Mean,t-9,2.2530555725097656e-05,attack
17507,Active Min,t-9,-3.814697265625e-06,benign
17507,Active Std,t-9,1.1801719665527344e-05,attack
17507,Bwd Header Len,t-9,4.708766937255859e-06,attack
17507,Bwd IAT Max,t-9,-4.649162292480469e-05,benign
17507,Bwd IAT Mean,t-9,8.58306884765625e-06,attack
17507,Bwd IAT Min,t-9,-7.68899917602539e-06,benign
17507,Bwd IAT Std,t-9,1.0132789611816406e-06,attack
17507,Bwd IAT Tot,t-9,9.09566879272461e-05,attack
17507,Bwd Pkt Len Max,t-9,-4.887580871582031e-06,benign
17507,Bwd Pkt Len Mean,t-9,0.00010520219802856445,attack
17507,Bwd Pkt Len Min,t-9,-9.053945541381836e-05,benign
17507,Bwd Pkt Len Std,t-9,1.4185905456542969e-05,attack
17507,Bwd Pkts/s,t-9,1.7285346984863281e-06,attack
17507,Bwd Seg Size Avg,t-9,3.266334533691406e-05,attack
17507,Down/Up Ratio,t-9,9.03010368347168e-05,attack
17507,ECE Flag Cnt,t-9,-4.4465065002441406e-05,benign
17507,Flow Byts/s,t-9,-3.0100345611572266e-05,benign
17507,Flow Duration,t-9,2.980232238769531e-07,attack
17507,Flow IAT Max,t-9,4.738569259643555e-05,attack
17507,Flow IAT Mean,t-9,4.6312808990478516e-05,attack
17507,Flow IAT Min,t-9,9.131431579589844e-05,attack
17507,Flow IAT Std,t-9,-7.62939453125e-06,benign
17507,Flow Pkts/s,t-9,-2.568960189819336e-05,benign
17507,Fwd Act Data Pkts,t-9,-1.245737075805664e-05,benign
17507,Fwd Header Len,t-9,-7.152557373046875e-07,benign
17507,Fwd IAT Max,t-9,8.165836334228516e-06,attack
17507,Fwd IAT Mean,t-9,5.269050598144531e-05,attack
17507,Fwd IAT Min,t-9,3.1948089599609375e-05,attack
17507,Fwd IAT Std,t-9,6.67572021484375e-06,attack
17507,Fwd IAT Tot,t-9,2.6226043701171875e-06,attack
17507,Fwd PSH Flags,t-9,0.0001995563507080078,attack
17507,Fwd Pkt Len Max,t-9,-9.775161743164062e-06,benign
17507,Fwd Pkt Len Mean,t-9,-1.8835067749023438e-05,benign
17507,Fwd Pkt Len Min,t-9,4.45246696472168e-05,attack
17507,Fwd Pkt Len Std,t-9,-0.00017279386520385742,benign
17507,Fwd Pkts/s,t-9,-3.2007694244384766e-05,benign
17507,Fwd Seg Size Avg,t-9,0.0001538395881652832,attack
17507,Fwd Seg Size Min,t-9,-0.0001386404037475586,benign
17507,Idle Max,t-9,3.814697265625e-06,attack
17507,Idle Mean,t-9,4.124641418457031e-05,attack
17507,Idle Min,t-9,-1.609325408935547e-05,benign
17507,Idle Std,t-9,1.7702579498291016e-05,attack
17507,Init Bwd Win Byts,t-9,-2.3424625396728516e-05,benign
17507,Init Fwd Win Byts,t-9,3.6776065826416016e-05,attack
17507,PSH Flag Cnt,t-9,2.5153160095214844e-05,attack
17507,Pkt Len Max,t-9,-5.346536636352539e-05,benign
17507,Pkt Len Mean,t-9,-6.771087646484375e-05,benign
17507,Pkt Len Min,t-9,5.0067901611328125e-05,attack
17507,Pkt Len Std,t-9,8.493661880493164e-05,attack
17507,Pkt Len Var,t-9,-5.793571472167969e-05,benign
17507,Pkt Size Avg,t-9,3.838539123535156e-05,attack
17507,RST Flag Cnt,t-9,-3.6835670471191406e-05,benign
17507,SYN Flag Cnt,t-9,0.00020736455917358398,attack
17507,Subflow Bwd Byts,t-9,3.6954879760742188e-06,attack
17507,Subflow Bwd Pkts,t-9,1.1861324310302734e-05,attack
17507,Subflow Fwd Byts,t-9,-5.066394805908203e-06,benign
17507,Subflow Fwd Pkts,t-9,1.1563301086425781e-05,attack
17507,Tot Bwd Pkts,t-9,-9.000301361083984e-06,benign
17507,Tot Fwd Pkts,t-9,1.8775463104248047e-05,attack
17507,TotLen Bwd Pkts,t-9,3.5762786865234375e-07,attack
17507,TotLen Fwd Pkts,t-9,-2.7418136596679688e-06,benign
17507,URG Flag Cnt,t-9,2.9981136322021484e-05,attack
17507,Protocol_0,t-9,-2.384185791015625e-06,benign
17507,Protocol_6,t-9,-3.170967102050781e-05,benign
17507,Protocol_17,t-9,2.0682811737060547e-05,attack
17507,ACK Flag Cnt,t-8,-3.403425216674805e-05,benign
17507,Active Max,t-8,1.8715858459472656e-05,attack
17507,Active Mean,t-8,1.9848346710205078e-05,attack
17507,Active Min,t-8,3.4570693969726562e-06,attack
17507,Active Std,t-8,1.0848045349121094e-05,attack
17507,Bwd Header Len,t-8,4.76837158203125e-06,attack
17507,Bwd IAT Max,t-8,-9.822845458984375e-05,benign
17507,Bwd IAT Mean,t-8,-2.3305416107177734e-05,benign
17507,Bwd IAT Min,t-8,-5.304813385009766e-06,benign
17507,Bwd IAT Std,t-8,-3.892183303833008e-05,benign
17507,Bwd IAT Tot,t-8,-0.00017279386520385742,benign
17507,Bwd Pkt Len Max,t-8,-1.7642974853515625e-05,benign
17507,Bwd Pkt Len Mean,t-8,8.046627044677734e-06,attack
17507,Bwd Pkt Len Min,t-8,-4.976987838745117e-05,benign
17507,Bwd Pkt Len Std,t-8,-1.1742115020751953e-05,benign
17507,Bwd Pkts/s,t-8,4.839897155761719e-05,attack
17507,Bwd Seg Size Avg,t-8,-8.285045623779297e-06,benign
17507,Down/Up Ratio,t-8,-9.495019912719727e-05,benign
17507,ECE Flag Cnt,t-8,0.0001913309097290039,attack
17507,Flow Byts/s,t-8,-3.0159950256347656e-05,benign
17507,Flow Duration,t-8,-3.445148468017578e-05,benign
17507,Flow IAT Max,t-8,2.8073787689208984e-05,attack
17507,Flow IAT Mean,t-8,3.30805778503418e-05,attack
17507,Flow IAT Min,t-8,9.959936141967773e-05,attack
17507,Flow IAT Std,t-8,-8.940696716308594e-07,benign
17507,Flow Pkts/s,t-8,-2.8789043426513672e-05,benign
17507,Fwd Act Data Pkts,t-8,-2.205371856689453e-05,benign
17507,Fwd Header Len,t-8,-1.0728836059570312e-06,benign
17507,Fwd IAT Max,t-8,3.874301910400391e-06,attack
17507,Fwd IAT Mean,t-8,7.516145706176758e-05,attack
17507,Fwd IAT Min,t-8,5.322694778442383e-05,attack
17507,Fwd IAT Std,t-8,1.3947486877441406e-05,attack
17507,Fwd IAT Tot,t-8,-7.462501525878906e-05,benign
17507,Fwd PSH Flags,t-8,0.00016021728515625,attack
17507,Fwd Pkt Len Max,t-8,1.0728836059570312e-06,attack
17507,Fwd Pkt Len Mean,t-8,1.3649463653564453e-05,attack
17507,Fwd Pkt Len Min,t-8,4.315376281738281e-05,attack
17507,Fwd Pkt Len Std,t-8,-1.3768672943115234e-05,benign
17507,Fwd Pkts/s,t-8,-3.725290298461914e-05,benign
17507,Fwd Seg Size Avg,t-8,3.165006637573242e-05,attack
17507,Fwd Seg Size Min,t-8,-0.0008508563041687012,benign
17507,Idle Max,t-8,1.4424324035644531e-05,attack
17507,Idle Mean,t-8,3.4928321838378906e-05,attack
17507,Idle Min,t-8,-3.2186508178710938e-06,benign
17507,Idle Std,t-8,3.5881996154785156e-05,attack
17507,Init Bwd Win Byts,t-8,4.315376281738281e-05,attack
17507,Init Fwd Win Byts,t-8,-0.00015860795974731445,benign
17507,PSH Flag Cnt,t-8,2.4378299713134766e-05,attack
17507,Pkt Len Max,t-8,1.3649463653564453e-05,attack
17507,Pkt Len Mean,t-8,-1.3113021850585938e-06,benign
17507,Pkt Len Min,t-8,7.480382919311523e-05,attack
17507,Pkt Len Std,t-8,-2.008676528930664e-05,benign
17507,Pkt Len Var,t-8,3.2186508178710938e-06,attack
17507,Pkt Size Avg,t-8,1.901388168334961e-05,attack
17507,RST Flag Cnt,t-8,0.00010538101196289062,attack
17507,SYN Flag Cnt,t-8,0.0001755356788635254,attack
17507,Subflow Bwd Byts,t-8,2.7418136596679688e-06,attack
17507,Subflow Bwd Pkts,t-8,3.6954879760742188e-06,attack
17507,Subflow Fwd Byts,t-8,-2.9802322387695312e-06,benign
17507,Subflow Fwd Pkts,t-8,5.7220458984375e-06,attack
17507,Tot Bwd Pkts,t-8,-1.1682510375976562e-05,benign
17507,Tot Fwd Pkts,t-8,3.039836883544922e-05,attack
17507,TotLen Bwd Pkts,t-8,1.1920928955078125e-07,attack
17507,TotLen Fwd Pkts,t-8,0.0,neutral
17507,URG Flag Cnt,t-8,-7.331371307373047e-06,benign
17507,Protocol_0,t-8,2.5033950805664062e-06,attack
17507,Protocol_6,t-8,-2.5987625122070312e-05,benign
17507,Protocol_17,t-8,1.1920928955078125e-06,attack
17507,ACK Flag Cnt,t-7,0.00020259618759155273,attack
17507,Active Max,t-7,5.543231964111328e-06,attack
17507,Active Mean,t-7,7.033348083496094e-06,attack
17507,Active Min,t-7,-4.649162292480469e-06,benign
17507,Active Std,t-7,2.8133392333984375e-05,attack
17507,Bwd Header Len,t-7,6.854534149169922e-06,attack
17507,Bwd IAT Max,t-7,-0.00011402368545532227,benign
17507,Bwd IAT Mean,t-7,-6.258487701416016e-06,benign
17507,Bwd IAT Min,t-7,-6.079673767089844e-06,benign
17507,Bwd IAT Std,t-7,2.4199485778808594e-05,attack
17507,Bwd IAT Tot,t-7,-0.00015425682067871094,benign
17507,Bwd Pkt Len Max,t-7,1.1920928955078125e-07,attack
17507,Bwd Pkt Len Mean,t-7,1.1324882507324219e-05,attack
17507,Bwd Pkt Len Min,t-7,-2.682209014892578e-05,benign
17507,Bwd Pkt Len Std,t-7,-5.185604095458984e-06,benign
17507,Bwd Pkts/s,t-7,1.609325408935547e-05,attack
17507,Bwd Seg Size Avg,t-7,-1.9788742065429688e-05,benign
17507,Down/Up Ratio,t-7,6.961822509765625e-05,attack
17507,ECE Flag Cnt,t-7,0.00019234418869018555,attack
17507,Flow Byts/s,t-7,-4.750490188598633e-05,benign
17507,Flow Duration,t-7,-1.2099742889404297e-05,benign
17507,Flow IAT Max,t-7,-3.892183303833008e-05,benign
17507,Flow IAT Mean,t-7,-2.2232532501220703e-05,benign
17507,Flow IAT Min,t-7,9.489059448242188e-05,attack
17507,Flow IAT Std,t-7,-2.205371856689453e-06,benign
17507,Flow Pkts/s,t-7,-3.403425216674805e-05,benign
17507,Fwd Act Data Pkts,t-7,-3.552436828613281e-05,benign
17507,Fwd Header Len,t-7,-2.4437904357910156e-06,benign
17507,Fwd IAT Max,t-7,-1.6927719116210938e-05,benign
17507,Fwd IAT Mean,t-7,4.678964614868164e-05,attack
17507,Fwd IAT Min,t-7,5.6743621826171875e-05,attack
17507,Fwd IAT Std,t-7,5.4717063903808594e-05,attack
17507,Fwd IAT Tot,t-7,-8.589029312133789e-05,benign
17507,Fwd PSH Flags,t-7,-3.552436828613281e-05,benign
17507,Fwd Pkt Len Max,t-7,1.1920928955078125e-06,attack
17507,Fwd Pkt Len Mean,t-7,1.3053417205810547e-05,attack
17507,Fwd Pkt Len Min,t-7,0.0001131296157836914,attack
17507,Fwd Pkt Len Std,t-7,-6.556510925292969e-07,benign
17507,Fwd Pkts/s,t-7,-4.583597183227539e-05,benign
17507,Fwd Seg Size Avg,t-7,2.0205974578857422e-05,attack
17507,Fwd Seg Size Min,t-7,-0.0002956390380859375,benign
17507,Idle Max,t-7,-1.4126300811767578e-05,benign
17507,Idle Mean,t-7,-1.9073486328125e-05,benign
17507,Idle Min,t-7,1.2695789337158203e-05,attack
17507,Idle Std,t-7,3.2782554626464844e-05,attack
17507,Init Bwd Win Byts,t-7,-1.150369644165039e-05,benign
17507,Init Fwd Win Byts,t-7,0.00022262334823608398,attack
17507,PSH Flag Cnt,t-7,2.5033950805664062e-05,attack
17507,Pkt Len Max,t-7,9.5367431640625e-07,attack
17507,Pkt Len Mean,t-7,-3.7550926208496094e-06,benign
17507,Pkt Len Min,t-7,7.30752944946289e-05,attack
17507,Pkt Len Std,t-7,1.150369644165039e-05,attack
17507,Pkt Len Var,t-7,-2.7954578399658203e-05,benign
17507,Pkt Size Avg,t-7,5.418062210083008e-05,attack
17507,RST Flag Cnt,t-7,0.0002442598342895508,attack
17507,SYN Flag Cnt,t-7,-0.00018841028213500977,benign
17507,Subflow Bwd Byts,t-7,7.808208465576172e-06,attack
17507,Subflow Bwd Pkts,t-7,1.1622905731201172e-05,attack
17507,Subflow Fwd Byts,t-7,-3.993511199951172e-06,benign
17507,Subflow Fwd Pkts,t-7,1.710653305053711e-05,attack
17507,Tot Bwd Pkts,t-7,-1.7523765563964844e-05,benign
17507,Tot Fwd Pkts,t-7,4.678964614868164e-05,attack
17507,TotLen Bwd Pkts,t-7,1.3113021850585938e-06,attack
17507,TotLen Fwd Pkts,t-7,-5.543231964111328e-06,benign
17507,URG Flag Cnt,t-7,0.00019168853759765625,attack
17507,Protocol_0,t-7,6.556510925292969e-07,attack
17507,Protocol_6,t-7,-6.890296936035156e-05,benign
17507,Protocol_17,t-7,2.491474151611328e-05,attack
17507,ACK Flag Cnt,t-6,6.496906280517578e-06,attack
17507,Active Max,t-6,2.1457672119140625e-06,attack
17507,Active Mean,t-6,4.601478576660156e-05,attack
17507,Active Min,t-6,-2.2113323211669922e-05,benign
17507,Active Std,t-6,1.537799835205078e-05,attack
17507,Bwd Header Len,t-6,-1.0132789611816406e-06,benign
17507,Bwd IAT Max,t-6,0.00039464235305786133,attack
17507,Bwd IAT Mean,t-6,0.0006925463676452637,attack
17507,Bwd IAT Min,t-6,-0.000269472599029541,benign
17507,Bwd IAT Std,t-6,-0.00022286176681518555,benign
17507,Bwd IAT Tot,t-6,0.0010583996772766113,attack
17507,Bwd Pkt Len Max,t-6,4.76837158203125e-06,attack
17507,Bwd Pkt Len Mean,t-6,0.00012743473052978516,attack
17507,Bwd Pkt Len Min,t-6,-8.875131607055664e-05,benign
17507,Bwd Pkt Len Std,t-6,1.609325408935547e-05,attack
17507,Bwd Pkts/s,t-6,3.3795833587646484e-05,attack
17507,Bwd Seg Size Avg,t-6,0.00010305643081665039,attack
17507,Down/Up Ratio,t-6,-0.0005347132682800293,benign
17507,ECE Flag Cnt,t-6,0.00010973215103149414,attack
17507,Flow Byts/s,t-6,-0.00012820959091186523,benign
17507,Flow Duration,t-6,-0.00012409687042236328,benign
17507,Flow IAT Max,t-6,-3.331899642944336e-05,benign
17507,Flow IAT Mean,t-6,1.0311603546142578e-05,attack
17507,Flow IAT Min,t-6,0.00013959407806396484,attack
17507,Flow IAT Std,t-6,0.00024378299713134766,attack
17507,Flow Pkts/s,t-6,-9.047985076904297e-05,benign
17507,Fwd Act Data Pkts,t-6,-7.253885269165039e-05,benign
17507,Fwd Header Len,t-6,-4.07099723815918e-05,benign
17507,Fwd IAT Max,t-6,-4.583597183227539e-05,benign
17507,Fwd IAT Mean,t-6,2.4616718292236328e-05,attack
17507,Fwd IAT Min,t-6,0.00012183189392089844,attack
17507,Fwd IAT Std,t-6,-0.0001811385154724121,benign
17507,Fwd IAT Tot,t-6,0.00029349327087402344,attack
17507,Fwd PSH Flags,t-6,-4.476308822631836e-05,benign
17507,Fwd Pkt Len Max,t-6,2.6226043701171875e-06,attack
17507,Fwd Pkt Len Mean,t-6,-1.9311904907226562e-05,benign
17507,Fwd Pkt Len Min,t-6,3.790855407714844e-05,attack
17507,Fwd Pkt Len Std,t-6,3.993511199951172e-06,attack
17507,Fwd Pkts/s,t-6,-9.924173355102539e-05,benign
17507,Fwd Seg Size Avg,t-6,2.849102020263672e-05,attack
17507,Fwd Seg Size Min,t-6,3.635883331298828e-05,attack
17507,Idle Max,t-6,3.272294998168945e-05,attack
17507,Idle Mean,t-6,-7.414817810058594e-05,benign
17507,Idle Min,t-6,-1.704692840576172e-05,benign
17507,Idle Std,t-6,5.960464477539062e-07,attack
17507,Init Bwd Win Byts,t-6,3.838539123535156e-05,attack
17507,Init Fwd Win Byts,t-6,-0.0005217194557189941,benign
17507,PSH Flag Cnt,t-6,7.641315460205078e-05,attack
17507,Pkt Len Max,t-6,-1.4901161193847656e-06,benign
17507,Pkt Len Mean,t-6,1.4483928680419922e-05,attack
17507,Pkt Len Min,t-6,3.236532211303711e-05,attack
17507,Pkt Len Std,t-6,3.5762786865234375e-07,attack
17507,Pkt Len Var,t-6,-1.633167266845703e-05,benign
17507,Pkt Size Avg,t-6,0.00014275312423706055,attack
17507,RST Flag Cnt,t-6,0.0001563429832458496,attack
17507,SYN Flag Cnt,t-6,-7.176399230957031e-05,benign
17507,Subflow Bwd Byts,t-6,1.1622905731201172e-05,attack
17507,Subflow Bwd Pkts,t-6,8.58306884765625e-06,attack
17507,Subflow Fwd Byts,t-6,-1.8477439880371094e-06,benign
17507,Subflow Fwd Pkts,t-6,6.616115570068359e-06,attack
17507,Tot Bwd Pkts,t-6,-9.298324584960938e-06,benign
17507,Tot Fwd Pkts,t-6,4.941225051879883e-05,attack
17507,TotLen Bwd Pkts,t-6,-5.125999450683594e-06,benign
17507,TotLen Fwd Pkts,t-6,-1.6868114471435547e-05,benign
17507,URG Flag Cnt,t-6,0.00010627508163452148,attack
17507,Protocol_0,t-6,2.562999725341797e-06,attack
17507,Protocol_6,t-6,-0.0001634359359741211,benign
17507,Protocol_17,t-6,4.667043685913086e-05,attack
17507,ACK Flag Cnt,t-5,-8.32676887512207e-05,benign
17507,Active Max,t-5,3.999471664428711e-05,attack
17507,Active Mean,t-5,8.791685104370117e-05,attack
17507,Active Min,t-5,-1.1920928955078125e-07,benign
17507,Active Std,t-5,3.981590270996094e-05,attack
17507,Bwd Header Len,t-5,3.254413604736328e-05,attack
17507,Bwd IAT Max,t-5,-8.052587509155273e-05,benign
17507,Bwd IAT Mean,t-5,-0.00013065338134765625,benign
17507,Bwd IAT Min,t-5,-3.266334533691406e-05,benign
17507,Bwd IAT Std,t-5,1.4543533325195312e-05,attack
17507,Bwd IAT Tot,t-5,-0.0002734065055847168,benign
17507,Bwd Pkt Len Max,t-5,0.0004302859306335449,attack
17507,Bwd Pkt Len Mean,t-5,0.00037938356399536133,attack
17507,Bwd Pkt Len Min,t-5,-9.834766387939453e-06,benign
17507,Bwd Pkt Len Std,t-5,0.00017946958541870117,attack
17507,Bwd Pkts/s,t-5,0.00010502338409423828,attack
17507,Bwd Seg Size Avg,t-5,0.00012451410293579102,attack
17507,Down/Up Ratio,t-5,-3.445148468017578e-05,benign
17507,ECE Flag Cnt,t-5,0.0003911256790161133,attack
17507,Flow Byts/s,t-5,-5.143880844116211e-05,benign
17507,Flow Duration,t-5,-8.821487426757812e-06,benign
17507,Flow IAT Max,t-5,6.824731826782227e-05,attack
17507,Flow IAT Mean,t-5,0.00020563602447509766,attack
17507,Flow IAT Min,t-5,0.0002670884132385254,attack
17507,Flow IAT Std,t-5,-0.00023502111434936523,benign
17507,Flow Pkts/s,t-5,-7.37309455871582e-05,benign
17507,Fwd Act Data Pkts,t-5,-0.0001265406608581543,benign
17507,Fwd Header Len,t-5,-4.482269287109375e-05,benign
17507,Fwd IAT Max,t-5,0.00011527538299560547,attack
17507,Fwd IAT Mean,t-5,0.00025147199630737305,attack
17507,Fwd IAT Min,t-5,0.00025922060012817383,attack
17507,Fwd IAT Std,t-5,-0.00017660856246948242,benign
17507,Fwd IAT Tot,t-5,-0.00025707483291625977,benign
17507,Fwd PSH Flags,t-5,0.00032842159271240234,attack
17507,Fwd Pkt Len Max,t-5,-0.00010919570922851562,benign
17507,Fwd Pkt Len Mean,t-5,-0.00020945072174072266,benign
17507,Fwd Pkt Len Min,t-5,6.896257400512695e-05,attack
17507,Fwd Pkt Len Std,t-5,-0.0002015829086303711,benign
17507,Fwd Pkts/s,t-5,1.519918441772461e-05,attack
17507,Fwd Seg Size Avg,t-5,0.0008527040481567383,attack
17507,Fwd Seg Size Min,t-5,-0.0003972649574279785,benign
17507,Idle Max,t-5,0.00017279386520385742,attack
17507,Idle Mean,t-5,0.00036603212356567383,attack
17507,Idle Min,t-5,0.00011742115020751953,attack
17507,Idle Std,t-5,2.014636993408203e-05,attack
17507,Init Bwd Win Byts,t-5,-8.982419967651367e-05,benign
17507,Init Fwd Win Byts,t-5,7.87973403930664e-05,attack
17507,PSH Flag Cnt,t-5,5.8650970458984375e-05,attack
17507,Pkt Len Max,t-5,0.00018918514251708984,attack
17507,Pkt Len Mean,t-5,0.0005623698234558105,attack
17507,Pkt Len Min,t-5,0.0002945065498352051,attack
17507,Pkt Len Std,t-5,0.0002753138542175293,attack
17507,Pkt Len Var,t-5,-0.00019812583923339844,benign
17507,Pkt Size Avg,t-5,0.0008081793785095215,attack
17507,RST Flag Cnt,t-5,0.0004056692123413086,attack
17507,SYN Flag Cnt,t-5,0.0003733634948730469,attack
17507,Subflow Bwd Byts,t-5,2.3066997528076172e-05,attack
17507,Subflow Bwd Pkts,t-5,4.1365623474121094e-05,attack
17507,Subflow Fwd Byts,t-5,-2.0623207092285156e-05,benign
17507,Subflow Fwd Pkts,t-5,6.645917892456055e-05,attack
17507,Tot Bwd Pkts,t-5,-1.919269561767578e-05,benign
17507,Tot Fwd Pkts,t-5,0.00014549493789672852,attack
17507,TotLen Bwd Pkts,t-5,-8.940696716308594e-06,benign
17507,TotLen Fwd Pkts,t-5,-8.821487426757812e-06,benign
17507,URG Flag Cnt,t-5,7.539987564086914e-05,attack
17507,Protocol_0,t-5,-6.973743438720703e-06,benign
17507,Protocol_6,t-5,-0.00022536516189575195,benign
17507,Protocol_17,t-5,0.0001246929168701172,attack
17507,ACK Flag Cnt,t-4,0.0012238621711730957,attack
17507,Active Max,t-4,1.5497207641601562e-06,attack
17507,Active Mean,t-4,-3.057718276977539e-05,benign
17507,Active Min,t-4,3.135204315185547e-05,attack
17507,Active Std,t-4,5.3822994232177734e-05,attack
17507,Bwd Header Len,t-4,8.165836334228516e-06,attack
17507,Bwd IAT Max,t-4,0.0006977319717407227,attack
17507,Bwd IAT Mean,t-4,-7.933378219604492e-05,benign
17507,Bwd IAT Min,t-4,-0.00023800134658813477,benign
17507,Bwd IAT Std,t-4,0.00011974573135375977,attack
17507,Bwd IAT Tot,t-4,2.5272369384765625e-05,attack
17507,Bwd Pkt Len Max,t-4,4.208087921142578e-05,attack
17507,Bwd Pkt Len Mean,t-4,-0.0001494288444519043,benign
17507,Bwd Pkt Len Min,t-4,-0.00019675493240356445,benign
17507,Bwd Pkt Len Std,t-4,-1.7940998077392578e-05,benign
17507,Bwd Pkts/s,t-4,-0.00011181831359863281,benign
17507,Bwd Seg Size Avg,t-4,-5.0961971282958984e-05,benign
17507,Down/Up Ratio,t-4,-0.00033664703369140625,benign
17507,ECE Flag Cnt,t-4,0.0002092123031616211,attack
17507,Flow Byts/s,t-4,-0.0002461075782775879,benign
17507,Flow Duration,t-4,-0.00012731552124023438,benign
17507,Flow IAT Max,t-4,-0.00012218952178955078,benign
17507,Flow IAT Mean,t-4,0.000321805477142334,attack
17507,Flow IAT Min,t-4,0.0004392266273498535,attack
17507,Flow IAT Std,t-4,0.0005855560302734375,attack
17507,Flow Pkts/s,t-4,-7.283687591552734e-05,benign
17507,Fwd Act Data Pkts,t-4,-0.00010335445404052734,benign
17507,Fwd Header Len,t-4,4.595518112182617e-05,attack
17507,Fwd IAT Max,t-4,-0.00014495849609375,benign
17507,Fwd IAT Mean,t-4,0.0003362894058227539,attack
17507,Fwd IAT Min,t-4,0.00045055150985717773,attack
17507,Fwd IAT Std,t-4,0.0003947615623474121,attack
17507,Fwd IAT Tot,t-4,-0.00020945072174072266,benign
17507,Fwd PSH Flags,t-4,0.00025522708892822266,attack
17507,Fwd Pkt Len Max,t-4,2.5272369384765625e-05,attack
17507,Fwd Pkt Len Mean,t-4,-4.70280647277832e-05,benign
17507,Fwd Pkt Len Min,t-4,-6.74128532409668e-05,benign
17507,Fwd Pkt Len Std,t-4,0.00012832880020141602,attack
17507,Fwd Pkts/s,t-4,5.7578086853027344e-05,attack
17507,Fwd Seg Size Avg,t-4,0.00019752979278564453,attack
17507,Fwd Seg Size Min,t-4,0.00013703107833862305,attack
17507,Idle Max,t-4,-0.00015223026275634766,benign
17507,Idle Mean,t-4,-1.5020370483398438e-05,benign
17507,Idle Min,t-4,0.00021117925643920898,attack
17507,Idle Std,t-4,0.0016219615936279297,attack
17507,Init Bwd Win Byts,t-4,2.1219253540039062e-05,attack
17507,Init Fwd Win Byts,t-4,0.0007547736167907715,attack
17507,PSH Flag Cnt,t-4,0.0001208186149597168,attack
17507,Pkt Len Max,t-4,0.00011676549911499023,attack
17507,Pkt Len Mean,t-4,-7.051229476928711e-05,benign
17507,Pkt Len Min,t-4,-5.054473876953125e-05,benign
17507,Pkt Len Std,t-4,8.106231689453125e-06,attack
17507,Pkt Len Var,t-4,-1.8596649169921875e-05,benign
17507,Pkt Size Avg,t-4,-7.230043411254883e-05,benign
17507,RST Flag Cnt,t-4,0.000270843505859375,attack
17507,SYN Flag Cnt,t-4,0.0001830458641052246,attack
17507,Subflow Bwd Byts,t-4,2.5928020477294922e-05,attack
17507,Subflow Bwd Pkts,t-4,5.501508712768555e-05,attack
17507,Subflow Fwd Byts,t-4,2.390146255493164e-05,attack
17507,Subflow Fwd Pkts,t-4,0.00021469593048095703,attack
17507,Tot Bwd Pkts,t-4,-4.351139068603516e-06,benign
17507,Tot Fwd Pkts,t-4,0.0002860426902770996,attack
17507,TotLen Bwd Pkts,t-4,-1.9311904907226562e-05,benign
17507,TotLen Fwd Pkts,t-4,2.3424625396728516e-05,attack
17507,URG Flag Cnt,t-4,-4.9054622650146484e-05,benign
17507,Protocol_0,t-4,-0.00011652708053588867,benign
17507,Protocol_6,t-4,0.0003350973129272461,attack
17507,Protocol_17,t-4,-0.00037401914596557617,benign
17507,ACK Flag Cnt,t-3,0.000308990478515625,attack
17507,Active Max,t-3,-0.00010770559310913086,benign
17507,Active Mean,t-3,0.00035393238067626953,attack
17507,Active Min,t-3,0.0006245970726013184,attack
17507,Active Std,t-3,-2.008676528930664e-05,benign
17507,Bwd Header Len,t-3,1.519918441772461e-05,attack
17507,Bwd IAT Max,t-3,-0.0005567073822021484,benign
17507,Bwd IAT Mean,t-3,-0.0004614591598510742,benign
17507,Bwd IAT Min,t-3,-0.00019341707229614258,benign
17507,Bwd IAT Std,t-3,-0.0006579756736755371,benign
17507,Bwd IAT Tot,t-3,-0.0005055665969848633,benign
17507,Bwd Pkt Len Max,t-3,0.0003498196601867676,attack
17507,Bwd Pkt Len Mean,t-3,0.0005710721015930176,attack
17507,Bwd Pkt Len Min,t-3,-0.00022011995315551758,benign
17507,Bwd Pkt Len Std,t-3,0.0005820393562316895,attack
17507,Bwd Pkts/s,t-3,3.17692756652832e-05,attack
17507,Bwd Seg Size Avg,t-3,0.00019615888595581055,attack
17507,Down/Up Ratio,t-3,-0.0003413558006286621,benign
17507,ECE Flag Cnt,t-3,0.0010186433792114258,attack
17507,Flow Byts/s,t-3,-0.0001856684684753418,benign
17507,Flow Duration,t-3,0.0019490718841552734,attack
17507,Flow IAT Max,t-3,-0.0010145902633666992,benign
17507,Flow IAT Mean,t-3,-0.0016643404960632324,benign
17507,Flow IAT Min,t-3,0.00012409687042236328,attack
17507,Flow IAT Std,t-3,0.0073302388191223145,attack
17507,Flow Pkts/s,t-3,7.683038711547852e-05,attack
17507,Fwd Act Data Pkts,t-3,1.2516975402832031e-06,attack
17507,Fwd Header Len,t-3,-5.346536636352539e-05,benign
17507,Fwd IAT Max,t-3,-0.0029306411743164062,benign
17507,Fwd IAT Mean,t-3,-0.0020275115966796875,benign
17507,Fwd IAT Min,t-3,0.00018650293350219727,attack
17507,Fwd IAT Std,t-3,0.004643797874450684,attack
17507,Fwd IAT Tot,t-3,0.0027698874473571777,attack
17507,Fwd PSH Flags,t-3,-0.0006539225578308105,benign
17507,Fwd Pkt Len Max,t-3,-0.00024944543838500977,benign
17507,Fwd Pkt Len Mean,t-3,-0.0045168399810791016,benign
17507,Fwd Pkt Len Min,t-3,0.0009161829948425293,attack
17507,Fwd Pkt Len Std,t-3,0.00048238039016723633,attack
17507,Fwd Pkts/s,t-3,-4.953145980834961e-05,benign
17507,Fwd Seg Size Avg,t-3,-0.0037305355072021484,benign
17507,Fwd Seg Size Min,t-3,7.104873657226562e-05,attack
17507,Idle Max,t-3,-0.0021390914916992188,benign
17507,Idle Mean,t-3,-0.0009441375732421875,benign
17507,Idle Min,t-3,0.00019735097885131836,attack
17507,Idle Std,t-3,0.0061040520668029785,attack
17507,Init Bwd Win Byts,t-3,0.000791013240814209,attack
17507,Init Fwd Win Byts,t-3,0.0016121864318847656,attack
17507,PSH Flag Cnt,t-3,3.0517578125e-05,attack
17507,Pkt Len Max,t-3,6.681680679321289e-05,attack
17507,Pkt Len Mean,t-3,-0.0011180639266967773,benign
17507,Pkt Len Min,t-3,0.0008793473243713379,attack
17507,Pkt Len Std,t-3,-3.618001937866211e-05,benign
17507,Pkt Len Var,t-3,-0.00026983022689819336,benign
17507,Pkt Size Avg,t-3,-0.0004966259002685547,benign
17507,RST Flag Cnt,t-3,0.0011335015296936035,attack
17507,SYN Flag Cnt,t-3,-0.0001461505889892578,benign
17507,Subflow Bwd Byts,t-3,1.0788440704345703e-05,attack
17507,Subflow Bwd Pkts,t-3,-4.9233436584472656e-05,benign
17507,Subflow Fwd Byts,t-3,-1.7881393432617188e-07,benign
17507,Subflow Fwd Pkts,t-3,-1.7464160919189453e-05,benign
17507,Tot Bwd Pkts,t-3,-0.00010138750076293945,benign
17507,Tot Fwd Pkts,t-3,0.00016897916793823242,attack
17507,TotLen Bwd Pkts,t-3,-1.621246337890625e-05,benign
17507,TotLen Fwd Pkts,t-3,3.5762786865234375e-07,attack
17507,URG Flag Cnt,t-3,-0.0001423358917236328,benign
17507,Protocol_0,t-3,-0.00011628866195678711,benign
17507,Protocol_6,t-3,0.00016325712203979492,attack
17507,Protocol_17,t-3,0.00035959482192993164,attack
17507,ACK Flag Cnt,t-2,-0.0005281567573547363,benign
17507,Active Max,t-2,6.473064422607422e-05,attack
17507,Active Mean,t-2,0.00015676021575927734,attack
17507,Active Min,t-2,-0.00019937753677368164,benign
17507,Active Std,t-2,7.718801498413086e-05,attack
17507,Bwd Header Len,t-2,-2.8014183044433594e-05,benign
17507,Bwd IAT Max,t-2,9.989738464355469e-05,attack
17507,Bwd IAT Mean,t-2,0.001067519187927246,attack
17507,Bwd IAT Min,t-2,0.0010870695114135742,attack
17507,Bwd IAT Std,t-2,-0.000523686408996582,benign
17507,Bwd IAT Tot,t-2,0.0004724264144897461,attack
17507,Bwd Pkt Len Max,t-2,0.0013516545295715332,attack
17507,Bwd Pkt Len Mean,t-2,-0.001000821590423584,benign
17507,Bwd Pkt Len Min,t-2,0.0006685256958007812,attack
17507,Bwd Pkt Len Std,t-2,0.001171708106994629,attack
17507,Bwd Pkts/s,t-2,0.00035685300827026367,attack
17507,Bwd Seg Size Avg,t-2,-1.1205673217773438e-05,benign
17507,Down/Up Ratio,t-2,-0.0013408660888671875,benign
17507,ECE Flag Cnt,t-2,-0.00044155120849609375,benign
17507,Flow Byts/s,t-2,-0.0002951622009277344,benign
17507,Flow Duration,t-2,1.1205673217773438e-05,attack
17507,Flow IAT Max,t-2,0.0007197260856628418,attack
17507,Flow IAT Mean,t-2,0.000583350658416748,attack
17507,Flow IAT Min,t-2,0.0010579824447631836,attack
17507,Flow IAT Std,t-2,0.00042438507080078125,attack
17507,Flow Pkts/s,t-2,-0.00010389089584350586,benign
17507,Fwd Act Data Pkts,t-2,-0.00014483928680419922,benign
17507,Fwd Header Len,t-2,-0.00038498640060424805,benign
17507,Fwd IAT Max,t-2,0.0007732510566711426,attack
17507,Fwd IAT Mean,t-2,0.0005903244018554688,attack
17507,Fwd IAT Min,t-2,0.0004686713218688965,attack
17507,Fwd IAT Std,t-2,-0.00010734796524047852,benign
17507,Fwd IAT Tot,t-2,-3.874301910400391e-06,benign
17507,Fwd PSH Flags,t-2,-0.0010676383972167969,benign
17507,Fwd Pkt Len Max,t-2,-0.0013167858123779297,benign
17507,Fwd Pkt Len Mean,t-2,0.0018050074577331543,attack
17507,Fwd Pkt Len Min,t-2,-4.565715789794922e-05,benign
17507,Fwd Pkt Len Std,t-2,0.000806272029876709,attack
17507,Fwd Pkts/s,t-2,-0.00010192394256591797,benign
17507,Fwd Seg Size Avg,t-2,0.002212226390838623,attack
17507,Fwd Seg Size Min,t-2,0.0007927417755126953,attack
17507,Idle Max,t-2,0.0005348324775695801,attack
17507,Idle Mean,t-2,0.0005298852920532227,attack
17507,Idle Min,t-2,0.0007017850875854492,attack
17507,Idle Std,t-2,-0.0005745291709899902,benign
17507,Init Bwd Win Byts,t-2,0.000559687614440918,attack
17507,Init Fwd Win Byts,t-2,0.0015195608139038086,attack
17507,PSH Flag Cnt,t-2,-0.00028079748153686523,benign
17507,Pkt Len Max,t-2,0.0019186139106750488,attack
17507,Pkt Len Mean,t-2,0.00030553340911865234,attack
17507,Pkt Len Min,t-2,-0.00040775537490844727,benign
17507,Pkt Len Std,t-2,0.0010156631469726562,attack
17507,Pkt Len Var,t-2,-0.0008478760719299316,benign
17507,Pkt Size Avg,t-2,-0.0010742545127868652,benign
17507,RST Flag Cnt,t-2,-0.00043386220932006836,benign
17507,SYN Flag Cnt,t-2,-0.0010503530502319336,benign
17507,Subflow Bwd Byts,t-2,-1.5079975128173828e-05,benign
17507,Subflow Bwd Pkts,t-2,-0.00011205673217773438,benign
17507,Subflow Fwd Byts,t-2,-8.821487426757812e-05,benign
17507,Subflow Fwd Pkts,t-2,-0.00015628337860107422,benign
17507,Tot Bwd Pkts,t-2,-0.0001989603042602539,benign
17507,Tot Fwd Pkts,t-2,0.0001366138458251953,attack
17507,TotLen Bwd Pkts,t-2,-8.660554885864258e-05,benign
17507,TotLen Fwd Pkts,t-2,-8.124113082885742e-05,benign
17507,URG Flag Cnt,t-2,-0.0005483031272888184,benign
17507,Protocol_0,t-2,-7.75456428527832e-05,benign
17507,Protocol_6,t-2,-0.0004197359085083008,benign
17507,Protocol_17,t-2,-0.00030112266540527344,benign
17507,ACK Flag Cnt,t-1,-0.00197523832321167,benign
17507,Active Max,t-1,0.0009058117866516113,attack
17507,Active Mean,t-1,-0.0005010366439819336,benign
17507,Active Min,t-1,0.000624537467956543,attack
17507,Active Std,t-1,0.0044081807136535645,attack
17507,Bwd Header Len,t-1,4.369020462036133e-05,attack
17507,Bwd IAT Max,t-1,-5.441904067993164e-05,benign
17507,Bwd IAT Mean,t-1,0.0003159642219543457,attack
17507,Bwd IAT Min,t-1,0.0003941655158996582,attack
17507,Bwd IAT Std,t-1,0.0007370710372924805,attack
17507,Bwd IAT Tot,t-1,0.00010156631469726562,attack
17507,Bwd Pkt Len Max,t-1,0.0006461143493652344,attack
17507,Bwd Pkt Len Mean,t-1,0.00041031837463378906,attack
17507,Bwd Pkt Len Min,t-1,0.0003789663314819336,attack
17507,Bwd Pkt Len Std,t-1,0.0003470182418823242,attack
17507,Bwd Pkts/s,t-1,0.00023823976516723633,attack
17507,Bwd Seg Size Avg,t-1,0.001386106014251709,attack
17507,Down/Up Ratio,t-1,-0.0015843510627746582,benign
17507,ECE Flag Cnt,t-1,-0.0009050965309143066,benign
17507,Flow Byts/s,t-1,-9.059906005859375e-06,benign
17507,Flow Duration,t-1,-0.0024306178092956543,benign
17507,Flow IAT Max,t-1,0.00024628639221191406,attack
17507,Flow IAT Mean,t-1,5.030632019042969e-05,attack
17507,Flow IAT Min,t-1,-0.00018477439880371094,benign
17507,Flow IAT Std,t-1,0.0006091594696044922,attack
17507,Flow Pkts/s,t-1,0.00020772218704223633,attack
17507,Fwd Act Data Pkts,t-1,-1.3709068298339844e-06,benign
17507,Fwd Header Len,t-1,-0.00022363662719726562,benign
17507,Fwd IAT Max,t-1,-0.0013368725776672363,benign
17507,Fwd IAT Mean,t-1,-0.00015372037887573242,benign
17507,Fwd IAT Min,t-1,-3.832578659057617e-05,benign
17507,Fwd IAT Std,t-1,-0.0013420581817626953,benign
17507,Fwd IAT Tot,t-1,-0.0024402737617492676,benign
17507,Fwd PSH Flags,t-1,-0.0006113648414611816,benign
17507,Fwd Pkt Len Max,t-1,9.119510650634766e-06,attack
17507,Fwd Pkt Len Mean,t-1,-0.0017450451850891113,benign
17507,Fwd Pkt Len Min,t-1,0.0004134178161621094,attack
17507,Fwd Pkt Len Std,t-1,-8.213520050048828e-05,benign
17507,Fwd Pkts/s,t-1,-0.00023823976516723633,benign
17507,Fwd Seg Size Avg,t-1,-0.0006500482559204102,benign
17507,Fwd Seg Size Min,t-1,-0.0028564929962158203,benign
17507,Idle Max,t-1,0.00045734643936157227,attack
17507,Idle Mean,t-1,-0.00047725439071655273,benign
17507,Idle Min,t-1,-3.2901763916015625e-05,benign
17507,Idle Std,t-1,0.006075501441955566,attack
17507,Init Bwd Win Byts,t-1,1.6629695892333984e-05,attack
17507,Init Fwd Win Byts,t-1,-0.00018477439880371094,benign
17507,PSH Flag Cnt,t-1,-0.00047069787979125977,benign
17507,Pkt Len Max,t-1,0.00019466876983642578,attack
17507,Pkt Len Mean,t-1,-0.0005017518997192383,benign
17507,Pkt Len Min,t-1,0.0036362409591674805,attack
17507,Pkt Len Std,t-1,0.000563502311706543,attack
17507,Pkt Len Var,t-1,0.000283658504486084,attack
17507,Pkt Size Avg,t-1,-9.483098983764648e-05,benign
17507,RST Flag Cnt,t-1,-0.0004932880401611328,benign
17507,SYN Flag Cnt,t-1,-0.0005886554718017578,benign
17507,Subflow Bwd Byts,t-1,1.704692840576172e-05,attack
17507,Subflow Bwd Pkts,t-1,-4.3332576751708984e-05,benign
17507,Subflow Fwd Byts,t-1,-4.303455352783203e-05,benign
17507,Subflow Fwd Pkts,t-1,4.166364669799805e-05,attack
17507,Tot Bwd Pkts,t-1,-0.00018268823623657227,benign
17507,Tot Fwd Pkts,t-1,8.046627044677734e-06,attack
17507,TotLen Bwd Pkts,t-1,-6.812810897827148e-05,benign
17507,TotLen Fwd Pkts,t-1,-1.2576580047607422e-05,benign
17507,URG Flag Cnt,t-1,-0.0012294650077819824,benign
17507,Protocol_0,t-1,-0.0002741217613220215,benign
17507,Protocol_6,t-1,0.0003197193145751953,attack
17507,Protocol_17,t-1,3.3974647521972656e-05,attack
17507,ACK Flag Cnt,t,0.0005451440811157227,attack
17507,Active Max,t,-0.00019377470016479492,benign
17507,Active Mean,t,0.00010222196578979492,attack
17507,Active Min,t,-0.00010609626770019531,benign
17507,Active Std,t,-2.193450927734375e-05,benign
17507,Bwd Header Len,t,-1.5079975128173828e-05,benign
17507,Bwd IAT Max,t,-0.00031048059463500977,benign
17507,Bwd IAT Mean,t,-0.0004557967185974121,benign
17507,Bwd IAT Min,t,-0.00019049644470214844,benign
17507,Bwd IAT Std,t,0.0020755529403686523,attack
17507,Bwd IAT Tot,t,-0.00042754411697387695,benign
17507,Bwd Pkt Len Max,t,0.003991901874542236,attack
17507,Bwd Pkt Len Mean,t,-0.0007084012031555176,benign
17507,Bwd Pkt Len Min,t,-0.0001328587532043457,benign
17507,Bwd Pkt Len Std,t,0.0038158297538757324,attack
17507,Bwd Pkts/s,t,-1.7285346984863281e-06,benign
17507,Bwd Seg Size Avg,t,0.0020318031311035156,attack
17507,Down/Up Ratio,t,-0.001760721206665039,benign
17507,ECE Flag Cnt,t,-0.0008442997932434082,benign
17507,Flow Byts/s,t,5.14984130859375e-05,attack
17507,Flow Duration,t,-0.00020319223403930664,benign
17507,Flow IAT Max,t,0.0005685091018676758,attack
17507,Flow IAT Mean,t,-4.8220157623291016e-05,benign
17507,Flow IAT Min,t,-0.0013644695281982422,benign
17507,Flow IAT Std,t,-0.0004922151565551758,benign
17507,Flow Pkts/s,t,-0.0002675652503967285,benign
17507,Fwd Act Data Pkts,t,-0.00019061565399169922,benign
17507,Fwd Header Len,t,-0.000653386116027832,benign
17507,Fwd IAT Max,t,0.00033217668533325195,attack
17507,Fwd IAT Mean,t,1.0371208190917969e-05,attack
17507,Fwd IAT Min,t,-0.0006985068321228027,benign
17507,Fwd IAT Std,t,0.0012476444244384766,attack
17507,Fwd IAT Tot,t,-0.00028002262115478516,benign
17507,Fwd PSH Flags,t,-0.0006163120269775391,benign
17507,Fwd Pkt Len Max,t,-0.0014694929122924805,benign
17507,Fwd Pkt Len Mean,t,6.878376007080078e-05,attack
17507,Fwd Pkt Len Min,t,-0.000844120979309082,benign
17507,Fwd Pkt Len Std,t,-0.0008467435836791992,benign
17507,Fwd Pkts/s,t,7.843971252441406e-05,attack
17507,Fwd Seg Size Avg,t,7.927417755126953e-06,attack
17507,Fwd Seg Size Min,t,0.0017628669738769531,attack
17507,Idle Max,t,0.0025084614753723145,attack
17507,Idle Mean,t,-6.204843521118164e-05,benign
17507,Idle Min,t,0.0003548860549926758,attack
17507,Idle Std,t,-0.0007784366607666016,benign
17507,Init Bwd Win Byts,t,0.0005256533622741699,attack
17507,Init Fwd Win Byts,t,-0.0032445788383483887,benign
17507,PSH Flag Cnt,t,-0.0002550482749938965,benign
17507,Pkt Len Max,t,0.004601240158081055,attack
17507,Pkt Len Mean,t,0.001223146915435791,attack
17507,Pkt Len Min,t,-0.0010060667991638184,benign
17507,Pkt Len Std,t,0.0031261444091796875,attack
17507,Pkt Len Var,t,0.0008985996246337891,attack
17507,Pkt Size Avg,t,-0.0012128949165344238,benign
17507,RST Flag Cnt,t,-0.0004374980926513672,benign
17507,SYN Flag Cnt,t,-0.0006577372550964355,benign
17507,Subflow Bwd Byts,t,-7.212162017822266e-06,benign
17507,Subflow Bwd Pkts,t,-5.537271499633789e-05,benign
17507,Subflow Fwd Byts,t,-3.24249267578125e-05,benign
17507,Subflow Fwd Pkts,t,-0.0003693103790283203,benign
17507,Tot Bwd Pkts,t,-9.268522262573242e-05,benign
17507,Tot Fwd Pkts,t,-9.202957153320312e-05,benign
17507,TotLen Bwd Pkts,t,-8.034706115722656e-05,benign
17507,TotLen Fwd Pkts,t,-0.0001952052116394043,benign
17507,URG Flag Cnt,t,-0.0016139745712280273,benign
17507,Protocol_0,t,0.00028145313262939453,attack
17507,Protocol_6,t,-0.00030153989791870117,benign
17507,Protocol_17,t,-0.0005822181701660156,benign
17691,ACK Flag Cnt,t-9,-0.00046306848526000977,benign
17691,Active Max,t-9,3.8295984268188477e-05,attack
17691,Active Mean,t-9,6.258487701416016e-07,attack
17691,Active Min,t-9,-1.0281801223754883e-05,benign
17691,Active Std,t-9,5.2481889724731445e-05,attack
17691,Bwd Header Len,t-9,7.718801498413086e-05,attack
17691,Bwd IAT Max,t-9,-0.0005218684673309326,benign
17691,Bwd IAT Mean,t-9,-0.00013178586959838867,benign
17691,Bwd IAT Min,t-9,4.354119300842285e-05,attack
17691,Bwd IAT Std,t-9,-0.00043001770973205566,benign
17691,Bwd IAT Tot,t-9,-3.2275915145874023e-05,benign
17691,Bwd Pkt Len Max,t-9,-0.0004303157329559326,benign
17691,Bwd Pkt Len Mean,t-9,0.0002518594264984131,attack
17691,Bwd Pkt Len Min,t-9,0.0006622374057769775,attack
17691,Bwd Pkt Len Std,t-9,-0.0007296502590179443,benign
17691,Bwd Pkts/s,t-9,0.00010961294174194336,attack
17691,Bwd Seg Size Avg,t-9,0.000102996826171875,attack
17691,Down/Up Ratio,t-9,-0.0003489851951599121,benign
17691,ECE Flag Cnt,t-9,-0.0001876354217529297,benign
17691,Flow Byts/s,t-9,-3.9964914321899414e-05,benign
17691,Flow Duration,t-9,-8.097290992736816e-05,benign
17691,Flow IAT Max,t-9,0.0003243982791900635,attack
17691,Flow IAT Mean,t-9,0.0007368326187133789,attack
17691,Flow IAT Min,t-9,0.0006388723850250244,attack
17691,Flow IAT Std,t-9,-0.0003865063190460205,benign
17691,Flow Pkts/s,t-9,-6.3478946685791016e-06,benign
17691,Fwd Act Data Pkts,t-9,-4.2557716369628906e-05,benign
17691,Fwd Header Len,t-9,-1.3619661331176758e-05,benign
17691,Fwd IAT Max,t-9,0.0008603036403656006,attack
17691,Fwd IAT Mean,t-9,0.000957489013671875,attack
17691,Fwd IAT Min,t-9,0.0008625388145446777,attack
17691,Fwd IAT Std,t-9,-0.0004299581050872803,benign
17691,Fwd IAT Tot,t-9,-0.00040581822395324707,benign
17691,Fwd PSH Flags,t-9,0.00027489662170410156,attack
17691,Fwd Pkt Len Max,t-9,1.531839370727539e-05,attack
17691,Fwd Pkt Len Mean,t-9,-8.940696716308594e-08,benign
17691,Fwd Pkt Len Min,t-9,-0.00023734569549560547,benign
17691,Fwd Pkt Len Std,t-9,-0.00012010335922241211,benign
17691,Fwd Pkts/s,t-9,-7.897615432739258e-05,benign
17691,Fwd Seg Size Avg,t-9,6.318092346191406e-05,attack
17691,Fwd Seg Size Min,t-9,0.0001634061336517334,attack
17691,Idle Max,t-9,0.0005249977111816406,attack
17691,Idle Mean,t-9,0.0005826354026794434,attack
17691,Idle Min,t-9,0.000724494457244873,attack
17691,Idle Std,t-9,-0.00010269880294799805,benign
17691,Init Bwd Win Byts,t-9,-0.00012743473052978516,benign
17691,Init Fwd Win Byts,t-9,-0.000186920166015625,benign
17691,PSH Flag Cnt,t-9,-7.587671279907227e-05,benign
17691,Pkt Len Max,t-9,-0.000339508056640625,benign
17691,Pkt Len Mean,t-9,0.0004082322120666504,attack
17691,Pkt Len Min,t-9,-0.00017130374908447266,benign
17691,Pkt Len Std,t-9,0.00011998414993286133,attack
17691,Pkt Len Var,t-9,0.000270843505859375,attack
17691,Pkt Size Avg,t-9,0.00044223666191101074,attack
17691,RST Flag Cnt,t-9,-7.665157318115234e-05,benign
17691,SYN Flag Cnt,t-9,0.0019833147525787354,attack
17691,Subflow Bwd Byts,t-9,2.3186206817626953e-05,attack
17691,Subflow Bwd Pkts,t-9,5.4329633712768555e-05,attack
17691,Subflow Fwd Byts,t-9,2.378225326538086e-05,attack
17691,Subflow Fwd Pkts,t-9,8.907914161682129e-05,attack
17691,Tot Bwd Pkts,t-9,6.29127025604248e-05,attack
17691,Tot Fwd Pkts,t-9,2.4050474166870117e-05,attack
17691,TotLen Bwd Pkts,t-9,3.272294998168945e-05,attack
17691,TotLen Fwd Pkts,t-9,6.973743438720703e-06,attack
17691,URG Flag Cnt,t-9,-0.0005390942096710205,benign
17691,Protocol_0,t-9,-0.0001163184642791748,benign
17691,Protocol_6,t-9,-1.8864870071411133e-05,benign
17691,Protocol_17,t-9,-0.00013518333435058594,benign
17691,ACK Flag Cnt,t-8,-0.0011194050312042236,benign
17691,Active Max,t-8,-3.0040740966796875e-05,benign
17691,Active Mean,t-8,-9.742379188537598e-05,benign
17691,Active Min,t-8,-1.0401010513305664e-05,benign
17691,Active Std,t-8,-9.357929229736328e-06,benign
17691,Bwd Header Len,t-8,4.157423973083496e-05,attack
17691,Bwd IAT Max,t-8,-0.00046566128730773926,benign
17691,Bwd IAT Mean,t-8,-3.4242868423461914e-05,benign
17691,Bwd IAT Min,t-8,2.4616718292236328e-05,attack
17691,Bwd IAT Std,t-8,-0.0002288222312927246,benign
17691,Bwd IAT Tot,t-8,0.00020608305931091309,attack
17691,Bwd Pkt Len Max,t-8,-0.0006160736083984375,benign
17691,Bwd Pkt Len Mean,t-8,0.00020575523376464844,attack
17691,Bwd Pkt Len Min,t-8,0.0007461309432983398,attack
17691,Bwd Pkt Len Std,t-8,-0.0006846487522125244,benign
17691,Bwd Pkts/s,t-8,1.8715858459472656e-05,attack
17691,Bwd Seg Size Avg,t-8,0.00020232796669006348,attack
17691,Down/Up Ratio,t-8,-0.00036522746086120605,benign
17691,ECE Flag Cnt,t-8,-6.899237632751465e-05,benign
17691,Flow Byts/s,t-8,8.270144462585449e-05,attack
17691,Flow Duration,t-8,-0.0005846023559570312,benign
17691,Flow IAT Max,t-8,0.000402301549911499,attack
17691,Flow IAT Mean,t-8,0.0007148683071136475,attack
17691,Flow IAT Min,t-8,0.0005886554718017578,attack
17691,Flow IAT Std,t-8,-0.00022298097610473633,benign
17691,Flow Pkts/s,t-8,-8.156895637512207e-05,benign
17691,Fwd Act Data Pkts,t-8,-1.96993350982666e-05,benign
17691,Fwd Header Len,t-8,-4.0471553802490234e-05,benign
17691,Fwd IAT Max,t-8,0.0009714365005493164,attack
17691,Fwd IAT Mean,t-8,0.0009165704250335693,attack
17691,Fwd IAT Min,t-8,0.0007997453212738037,attack
17691,Fwd IAT Std,t-8,-0.0004069507122039795,benign
17691,Fwd IAT Tot,t-8,-0.0006446242332458496,benign
17691,Fwd PSH Flags,t-8,0.00036528706550598145,attack
17691,Fwd Pkt Len Max,t-8,-0.00017318129539489746,benign
17691,Fwd Pkt Len Mean,t-8,5.2303075790405273e-05,attack
17691,Fwd Pkt Len Min,t-8,-9.769201278686523e-05,benign
17691,Fwd Pkt Len Std,t-8,-0.00015977025032043457,benign
17691,Fwd Pkts/s,t-8,-7.838010787963867e-06,benign
17691,Fwd Seg Size Avg,t-8,-3.460049629211426e-05,benign
17691,Fwd Seg Size Min,t-8,-4.157423973083496e-05,benign
17691,Idle Max,t-8,0.0005414783954620361,attack
17691,Idle Mean,t-8,0.0005839169025421143,attack
17691,Idle Min,t-8,0.0006551742553710938,attack
17691,Idle Std,t-8,-0.00019606947898864746,benign
17691,Init Bwd Win Byts,t-8,-1.2874603271484375e-05,benign
17691,Init Fwd Win Byts,t-8,0.00031706690788269043,attack
17691,PSH Flag Cnt,t-8,-7.24494457244873e-05,benign
17691,Pkt Len Max,t-8,-0.0003727078437805176,benign
17691,Pkt Len Mean,t-8,0.00020813941955566406,attack
17691,Pkt Len Min,t-8,-2.7477741241455078e-05,benign
17691,Pkt Len Std,t-8,0.0003803074359893799,attack
17691,Pkt Len Var,t-8,9.578466415405273e-05,attack
17691,Pkt Size Avg,t-8,0.0008406937122344971,attack
17691,RST Flag Cnt,t-8,0.00013971328735351562,attack
17691,SYN Flag Cnt,t-8,0.0018904805183410645,attack
17691,Subflow Bwd Byts,t-8,3.6954879760742188e-06,attack
17691,Subflow Bwd Pkts,t-8,4.369020462036133e-05,attack
17691,Subflow Fwd Byts,t-8,1.9758939743041992e-05,attack
17691,Subflow Fwd Pkts,t-8,3.4302473068237305e-05,attack
17691,Tot Bwd Pkts,t-8,3.75211238861084e-05,attack
17691,Tot Fwd Pkts,t-8,-1.761317253112793e-05,benign
17691,TotLen Bwd Pkts,t-8,4.976987838745117e-06,attack
17691,TotLen Fwd Pkts,t-8,4.678964614868164e-06,attack
17691,URG Flag Cnt,t-8,0.0014381706714630127,attack
17691,Protocol_0,t-8,-0.00013646483421325684,benign
17691,Protocol_6,t-8,-0.00016131997108459473,benign
17691,Protocol_17,t-8,-4.750490188598633e-05,benign
17691,ACK Flag Cnt,t-7,0.002471029758453369,attack
17691,Active Max,t-7,5.549192428588867e-05,attack
17691,Active Mean,t-7,-8.034706115722656e-05,benign
17691,Active Min,t-7,-4.291534423828125e-05,benign
17691,Active Std,t-7,9.837746620178223e-05,attack
17691,Bwd Header Len,t-7,8.654594421386719e-05,attack
17691,Bwd IAT Max,t-7,-0.00023099780082702637,benign
17691,Bwd IAT Mean,t-7,6.222724914550781e-05,attack
17691,Bwd IAT Min,t-7,-0.00011718273162841797,benign
17691,Bwd IAT Std,t-7,-5.0187110900878906e-05,benign
17691,Bwd IAT Tot,t-7,0.0006045699119567871,attack
17691,Bwd Pkt Len Max,t-7,-0.0007171034812927246,benign
17691,Bwd Pkt Len Mean,t-7,-0.00028228759765625,benign
17691,Bwd Pkt Len Min,t-7,0.0023008882999420166,attack
17691,Bwd Pkt Len Std,t-7,-0.000908195972442627,benign
17691,Bwd Pkts/s,t-7,1.9937753677368164e-05,attack
17691,Bwd Seg Size Avg,t-7,-0.00035887956619262695,benign
17691,Down/Up Ratio,t-7,-0.00024753808975219727,benign
17691,ECE Flag Cnt,t-7,0.0020393729209899902,attack
17691,Flow Byts/s,t-7,-6.213784217834473e-05,benign
17691,Flow Duration,t-7,0.0005364120006561279,attack
17691,Flow IAT Max,t-7,-0.0002721846103668213,benign
17691,Flow IAT Mean,t-7,-0.001283496618270874,benign
17691,Flow IAT Min,t-7,-0.0017561912536621094,benign
17691,Flow IAT Std,t-7,-0.00034180283546447754,benign
17691,Flow Pkts/s,t-7,0.0001684725284576416,attack
17691,Fwd Act Data Pkts,t-7,8.466839790344238e-05,attack
17691,Fwd Header Len,t-7,0.00013151764869689941,attack
17691,Fwd IAT Max,t-7,-0.00044038891792297363,benign
17691,Fwd IAT Mean,t-7,-0.001400977373123169,benign
17691,Fwd IAT Min,t-7,-0.0016854703426361084,benign
17691,Fwd IAT Std,t-7,-0.0007014572620391846,benign
17691,Fwd IAT Tot,t-7,0.0007006227970123291,attack
17691,Fwd PSH Flags,t-7,0.0007866322994232178,attack
17691,Fwd Pkt Len Max,t-7,0.0004597604274749756,attack
17691,Fwd Pkt Len Mean,t-7,0.0001106560230255127,attack
17691,Fwd Pkt Len Min,t-7,0.0004322528839111328,attack
17691,Fwd Pkt Len Std,t-7,-1.0907649993896484e-05,benign
17691,Fwd Pkts/s,t-7,0.0001875460147857666,attack
17691,Fwd Seg Size Avg,t-7,0.00017055869102478027,attack
17691,Fwd Seg Size Min,t-7,0.00036531686782836914,attack
17691,Idle Max,t-7,-0.0004874765872955322,benign
17691,Idle Mean,t-7,-0.00031235814094543457,benign
17691,Idle Min,t-7,-0.0004005134105682373,benign
17691,Idle Std,t-7,7.927417755126953e-05,attack
17691,Init Bwd Win Byts,t-7,0.00018739700317382812,attack
17691,Init Fwd Win Byts,t-7,0.0006713569164276123,attack
17691,PSH Flag Cnt,t-7,3.24249267578125e-05,attack
17691,Pkt Len Max,t-7,-0.0001761913299560547,benign
17691,Pkt Len Mean,t-7,0.0001188516616821289,attack
17691,Pkt Len Min,t-7,0.00021135807037353516,attack
17691,Pkt Len Std,t-7,9.328126907348633e-05,attack
17691,Pkt Len Var,t-7,-0.0005933642387390137,benign
17691,Pkt Size Avg,t-7,0.0005871355533599854,attack
17691,RST Flag Cnt,t-7,0.002104461193084717,attack
17691,SYN Flag Cnt,t-7,0.0003554224967956543,attack
17691,Subflow Bwd Byts,t-7,3.546476364135742e-06,attack
17691,Subflow Bwd Pkts,t-7,0.00011298060417175293,attack
17691,Subflow Fwd Byts,t-7,7.662177085876465e-05,attack
17691,Subflow Fwd Pkts,t-7,0.00030806660652160645,attack
17691,Tot Bwd Pkts,t-7,5.933642387390137e-05,attack
17691,Tot Fwd Pkts,t-7,0.00019091367721557617,attack
17691,TotLen Bwd Pkts,t-7,1.3083219528198242e-05,attack
17691,TotLen Fwd Pkts,t-7,5.549192428588867e-05,attack
17691,URG Flag Cnt,t-7,-0.0003802180290222168,benign
17691,Protocol_0,t-7,0.001470029354095459,attack
17691,Protocol_6,t-7,-7.659196853637695e-05,benign
17691,Protocol_17,t-7,0.00021499395370483398,attack
17691,ACK Flag Cnt,t-6,0.00029462575912475586,attack
17691,Active Max,t-6,-5.602836608886719e-06,benign
17691,Active Mean,t-6,-3.221631050109863e-05,benign
17691,Active Min,t-6,0.0001513957977294922,attack
17691,Active Std,t-6,1.6421079635620117e-05,attack
17691,Bwd Header Len,t-6,5.507469177246094e-05,attack
17691,Bwd IAT Max,t-6,-0.00033146142959594727,benign
17691,Bwd IAT Mean,t-6,1.2516975402832031e-06,attack
17691,Bwd IAT Min,t-6,3.978610038757324e-05,attack
17691,Bwd IAT Std,t-6,-0.00016695261001586914,benign
17691,Bwd IAT Tot,t-6,9.801983833312988e-05,attack
17691,Bwd Pkt Len Max,t-6,-0.0003516972064971924,benign
17691,Bwd Pkt Len Mean,t-6,0.0001817643642425537,attack
17691,Bwd Pkt Len Min,t-6,0.0006166398525238037,attack
17691,Bwd Pkt Len Std,t-6,-0.0007082819938659668,benign
17691,Bwd Pkts/s,t-6,0.00039702653884887695,attack
17691,Bwd Seg Size Avg,t-6,-0.00027182698249816895,benign
17691,Down/Up Ratio,t-6,-4.2766332626342773e-05,benign
17691,ECE Flag Cnt,t-6,-5.060434341430664e-05,benign
17691,Flow Byts/s,t-6,-0.00013741850852966309,benign
17691,Flow Duration,t-6,-0.00020712614059448242,benign
17691,Flow IAT Max,t-6,0.00032699108123779297,attack
17691,Flow IAT Mean,t-6,0.000743865966796875,attack
17691,Flow IAT Min,t-6,0.0007030069828033447,attack
17691,Flow IAT Std,t-6,-0.00034305453300476074,benign
17691,Flow Pkts/s,t-6,-3.096461296081543e-05,benign
17691,Fwd Act Data Pkts,t-6,-6.797909736633301e-05,benign
17691,Fwd Header Len,t-6,-8.985400199890137e-05,benign
17691,Fwd IAT Max,t-6,0.00031942129135131836,attack
17691,Fwd IAT Mean,t-6,0.0010571777820587158,attack
17691,Fwd IAT Min,t-6,0.0009524822235107422,attack
17691,Fwd IAT Std,t-6,-0.00052642822265625,benign
17691,Fwd IAT Tot,t-6,-0.0005998313426971436,benign
17691,Fwd PSH Flags,t-6,0.0006844103336334229,attack
17691,Fwd Pkt Len Max,t-6,-2.473592758178711e-05,benign
17691,Fwd Pkt Len Mean,t-6,0.0001512467861175537,attack
17691,Fwd Pkt Len Min,t-6,0.00012096762657165527,attack
17691,Fwd Pkt Len Std,t-6,-0.00023412704467773438,benign
17691,Fwd Pkts/s,t-6,5.185604095458984e-06,attack
17691,Fwd Seg Size Avg,t-6,0.00033932924270629883,attack
17691,Fwd Seg Size Min,t-6,-0.0011274516582489014,benign
17691,Idle Max,t-6,0.0006400644779205322,attack
17691,Idle Mean,t-6,0.0006894171237945557,attack
17691,Idle Min,t-6,0.00040087103843688965,attack
17691,Idle Std,t-6,-2.8789043426513672e-05,benign
17691,Init Bwd Win Byts,t-6,-8.097290992736816e-05,benign
17691,Init Fwd Win Byts,t-6,-0.0001659989356994629,benign
17691,PSH Flag Cnt,t-6,4.887580871582031e-05,attack
17691,Pkt Len Max,t-6,8.64267349243164e-05,attack
17691,Pkt Len Mean,t-6,0.00010502338409423828,attack
17691,Pkt Len Min,t-6,0.00027945637702941895,attack
17691,Pkt Len Std,t-6,0.00020048022270202637,attack
17691,Pkt Len Var,t-6,-0.0001538395881652832,benign
17691,Pkt Size Avg,t-6,0.000291287899017334,attack
17691,RST Flag Cnt,t-6,0.00017118453979492188,attack
17691,SYN Flag Cnt,t-6,0.00022834539413452148,attack
17691,Subflow Bwd Byts,t-6,-1.0073184967041016e-05,benign
17691,Subflow Bwd Pkts,t-6,7.334351539611816e-05,attack
17691,Subflow Fwd Byts,t-6,2.244114875793457e-05,attack
17691,Subflow Fwd Pkts,t-6,0.00010177493095397949,attack
17691,Tot Bwd Pkts,t-6,2.530217170715332e-05,attack
17691,Tot Fwd Pkts,t-6,4.935264587402344e-05,attack
17691,TotLen Bwd Pkts,t-6,1.3202428817749023e-05,attack
17691,TotLen Fwd Pkts,t-6,-6.258487701416016e-07,benign
17691,URG Flag Cnt,t-6,8.368492126464844e-05,attack
17691,Protocol_0,t-6,-0.0001665651798248291,benign
17691,Protocol_6,t-6,-8.162856101989746e-05,benign
17691,Protocol_17,t-6,-0.00020432472229003906,benign
17691,ACK Flag Cnt,t-5,0.0009330213069915771,attack
17691,Active Max,t-5,0.00011751055717468262,attack
17691,Active Mean,t-5,-8.168816566467285e-05,benign
17691,Active Min,t-5,-0.00010642409324645996,benign
17691,Active Std,t-5,7.748603820800781e-06,attack
17691,Bwd Header Len,t-5,4.279613494873047e-05,attack
17691,Bwd IAT Max,t-5,0.0005447864532470703,attack
17691,Bwd IAT Mean,t-5,6.139278411865234e-06,attack
17691,Bwd IAT Min,t-5,-2.0563602447509766e-05,benign
17691,Bwd IAT Std,t-5,9.34898853302002e-05,attack
17691,Bwd IAT Tot,t-5,0.0001157224178314209,attack
17691,Bwd Pkt Len Max,t-5,0.0005300343036651611,attack
17691,Bwd Pkt Len Mean,t-5,-0.00019469857215881348,benign
17691,Bwd Pkt Len Min,t-5,-4.351139068603516e-06,benign
17691,Bwd Pkt Len Std,t-5,0.0013845562934875488,attack
17691,Bwd Pkts/s,t-5,0.000338137149810791,attack
17691,Bwd Seg Size Avg,t-5,1.0222196578979492e-05,attack
17691,Down/Up Ratio,t-5,2.4318695068359375e-05,attack
17691,ECE Flag Cnt,t-5,-0.0002124309539794922,benign
17691,Flow Byts/s,t-5,-9.623169898986816e-05,benign
17691,Flow Duration,t-5,-0.000122755765914917,benign
17691,Flow IAT Max,t-5,2.3543834686279297e-06,attack
17691,Flow IAT Mean,t-5,0.0003591477870941162,attack
17691,Flow IAT Min,t-5,0.0004731118679046631,attack
17691,Flow IAT Std,t-5,6.341934204101562e-05,attack
17691,Flow Pkts/s,t-5,-6.899237632751465e-05,benign
17691,Fwd Act Data Pkts,t-5,-2.175569534301758e-06,benign
17691,Fwd Header Len,t-5,-0.00011390447616577148,benign
17691,Fwd IAT Max,t-5,1.5497207641601562e-06,attack
17691,Fwd IAT Mean,t-5,0.0004608631134033203,attack
17691,Fwd IAT Min,t-5,0.0005364418029785156,attack
17691,Fwd IAT Std,t-5,0.0003959238529205322,attack
17691,Fwd IAT Tot,t-5,-0.0001353919506072998,benign
17691,Fwd PSH Flags,t-5,0.0005306005477905273,attack
17691,Fwd Pkt Len Max,t-5,-0.0004146695137023926,benign
17691,Fwd Pkt Len Mean,t-5,-0.0010647177696228027,benign
17691,Fwd Pkt Len Min,t-5,4.2498111724853516e-05,attack
17691,Fwd Pkt Len Std,t-5,-0.00036448240280151367,benign
17691,Fwd Pkts/s,t-5,7.095932960510254e-05,attack
17691,Fwd Seg Size Avg,t-5,-0.0019232332706451416,benign
17691,Fwd Seg Size Min,t-5,-0.0008054673671722412,benign
17691,Idle Max,t-5,8.225440979003906e-06,attack
17691,Idle Mean,t-5,-1.4960765838623047e-05,benign
17691,Idle Min,t-5,-5.570054054260254e-05,benign
17691,Idle Std,t-5,-0.00020748376846313477,benign
17691,Init Bwd Win Byts,t-5,-0.0012794137001037598,benign
17691,Init Fwd Win Byts,t-5,-3.4868717193603516e-06,benign
17691,PSH Flag Cnt,t-5,-2.3543834686279297e-05,benign
17691,Pkt Len Max,t-5,-0.001211017370223999,benign
17691,Pkt Len Mean,t-5,-0.0006525516510009766,benign
17691,Pkt Len Min,t-5,-0.00010830163955688477,benign
17691,Pkt Len Std,t-5,-0.0013779103755950928,benign
17691,Pkt Len Var,t-5,-0.00010412931442260742,benign
17691,Pkt Size Avg,t-5,-0.0008134245872497559,benign
17691,RST Flag Cnt,t-5,0.00035136938095092773,attack
17691,SYN Flag Cnt,t-5,0.0003739893436431885,attack
17691,Subflow Bwd Byts,t-5,-5.304813385009766e-06,benign
17691,Subflow Bwd Pkts,t-5,1.5944242477416992e-05,attack
17691,Subflow Fwd Byts,t-5,2.250075340270996e-05,attack
17691,Subflow Fwd Pkts,t-5,-2.1189451217651367e-05,benign
17691,Tot Bwd Pkts,t-5,-3.147125244140625e-05,benign
17691,Tot Fwd Pkts,t-5,4.5925378799438477e-05,attack
17691,TotLen Bwd Pkts,t-5,1.4603137969970703e-06,attack
17691,TotLen Fwd Pkts,t-5,4.470348358154297e-06,attack
17691,URG Flag Cnt,t-5,-0.00041413307189941406,benign
17691,Protocol_0,t-5,-0.0001232624053955078,benign
17691,Protocol_6,t-5,7.897615432739258e-06,attack
17691,Protocol_17,t-5,-0.0002669990062713623,benign
17691,ACK Flag Cnt,t-4,0.0033098459243774414,attack
17691,Active Max,t-4,-9.104609489440918e-05,benign
17691,Active Mean,t-4,0.00013244152069091797,attack
17691,Active Min,t-4,5.990266799926758e-05,attack
17691,Active Std,t-4,-1.0758638381958008e-05,benign
17691,Bwd Header Len,t-4,0.00018483400344848633,attack
17691,Bwd IAT Max,t-4,-0.0008677244186401367,benign
17691,Bwd IAT Mean,t-4,-0.00033664703369140625,benign
17691,Bwd IAT Min,t-4,-0.00017505884170532227,benign
17691,Bwd IAT Std,t-4,5.8591365814208984e-05,attack
17691,Bwd IAT Tot,t-4,-0.0005179047584533691,benign
17691,Bwd Pkt Len Max,t-4,-0.0007491409778594971,benign
17691,Bwd Pkt Len Mean,t-4,-6.183981895446777e-05,benign
17691,Bwd Pkt Len Min,t-4,0.0009783506393432617,attack
17691,Bwd Pkt Len Std,t-4,-0.002056509256362915,benign
17691,Bwd Pkts/s,t-4,-0.0031329989433288574,benign
17691,Bwd Seg Size Avg,t-4,-0.00011298060417175293,benign
17691,Down/Up Ratio,t-4,5.075335502624512e-05,attack
17691,ECE Flag Cnt,t-4,0.0002173781394958496,attack
17691,Flow Byts/s,t-4,-4.079937934875488e-05,benign
17691,Flow Duration,t-4,-0.0003972649574279785,benign
17691,Flow IAT Max,t-4,0.000591665506362915,attack
17691,Flow IAT Mean,t-4,0.0010090470314025879,attack
17691,Flow IAT Min,t-4,0.00115966796875,attack
17691,Flow IAT Std,t-4,-0.000621795654296875,benign
17691,Flow Pkts/s,t-4,-0.00012981891632080078,benign
17691,Fwd Act Data Pkts,t-4,-8.907914161682129e-05,benign
17691,Fwd Header Len,t-4,-0.00013875961303710938,benign
17691,Fwd IAT Max,t-4,0.0005609691143035889,attack
17691,Fwd IAT Mean,t-4,0.0015330910682678223,attack
17691,Fwd IAT Min,t-4,0.001391679048538208,attack
17691,Fwd IAT Std,t-4,-0.0009767413139343262,benign
17691,Fwd IAT Tot,t-4,-0.0014972686767578125,benign
17691,Fwd PSH Flags,t-4,0.0015597939491271973,attack
17691,Fwd Pkt Len Max,t-4,7.593631744384766e-05,attack
17691,Fwd Pkt Len Mean,t-4,0.000626683235168457,attack
17691,Fwd Pkt Len Min,t-4,0.00011640787124633789,attack
17691,Fwd Pkt Len Std,t-4,-0.0008988082408905029,benign
17691,Fwd Pkts/s,t-4,-4.2766332626342773e-05,benign
17691,Fwd Seg Size Avg,t-4,0.0018999576568603516,attack
17691,Fwd Seg Size Min,t-4,-0.004000723361968994,benign
17691,Idle Max,t-4,0.0010651946067810059,attack
17691,Idle Mean,t-4,0.0010518133640289307,attack
17691,Idle Min,t-4,0.0008823573589324951,attack
17691,Idle Std,t-4,-0.00020647048950195312,benign
17691,Init Bwd Win Byts,t-4,-0.0002669394016265869,benign
17691,Init Fwd Win Byts,t-4,0.0003332197666168213,attack
17691,PSH Flag Cnt,t-4,0.00016069412231445312,attack
17691,Pkt Len Max,t-4,0.0002862215042114258,attack
17691,Pkt Len Mean,t-4,0.0008539855480194092,attack
17691,Pkt Len Min,t-4,0.00022912025451660156,attack
17691,Pkt Len Std,t-4,0.0003885626792907715,attack
17691,Pkt Len Var,t-4,-0.000621497631072998,benign
17691,Pkt Size Avg,t-4,0.001693427562713623,attack
17691,RST Flag Cnt,t-4,0.0007259547710418701,attack
17691,SYN Flag Cnt,t-4,0.0008981525897979736,attack
17691,Subflow Bwd Byts,t-4,2.5093555450439453e-05,attack
17691,Subflow Bwd Pkts,t-4,0.00018468499183654785,attack
17691,Subflow Fwd Byts,t-4,2.6404857635498047e-05,attack
17691,Subflow Fwd Pkts,t-4,0.0001354217529296875,attack
17691,Tot Bwd Pkts,t-4,0.00010451674461364746,attack
17691,Tot Fwd Pkts,t-4,0.0002352297306060791,attack
17691,TotLen Bwd Pkts,t-4,3.999471664428711e-05,attack
17691,TotLen Fwd Pkts,t-4,-1.2248754501342773e-05,benign
17691,URG Flag Cnt,t-4,-8.231401443481445e-05,benign
17691,Protocol_0,t-4,-0.00023663043975830078,benign
17691,Protocol_6,t-4,-0.0003420710563659668,benign
17691,Protocol_17,t-4,-0.0001958012580871582,benign
17691,ACK Flag Cnt,t-3,0.003952831029891968,attack
17691,Active Max,t-3,6.401538848876953e-05,attack
17691,Active Mean,t-3,0.00016123056411743164,attack
17691,Active Min,t-3,-6.490945816040039e-05,benign
17691,Active Std,t-3,0.00013765692710876465,attack
17691,Bwd Header Len,t-3,0.0002008676528930664,attack
17691,Bwd IAT Max,t-3,-0.0007286667823791504,benign
17691,Bwd IAT Mean,t-3,-0.0002478659152984619,benign
17691,Bwd IAT Min,t-3,-0.0003648102283477783,benign
17691,Bwd IAT Std,t-3,0.0002677738666534424,attack
17691,Bwd IAT Tot,t-3,0.0007729530334472656,attack
17691,Bwd Pkt Len Max,t-3,-0.0008182227611541748,benign
17691,Bwd Pkt Len Mean,t-3,-6.940960884094238e-05,benign
17691,Bwd Pkt Len Min,t-3,0.003004014492034912,attack
17691,Bwd Pkt Len Std,t-3,-0.00053367018699646,benign
17691,Bwd Pkts/s,t-3,-3.585219383239746e-05,benign
17691,Bwd Seg Size Avg,t-3,-0.0003534555435180664,benign
17691,Down/Up Ratio,t-3,-0.00032198429107666016,benign
17691,ECE Flag Cnt,t-3,0.001584559679031372,attack
17691,Flow Byts/s,t-3,-0.00041371583938598633,benign
17691,Flow Duration,t-3,-0.00012606382369995117,benign
17691,Flow IAT Max,t-3,-9.649991989135742e-05,benign
17691,Flow IAT Mean,t-3,-0.0011200010776519775,benign
17691,Flow IAT Min,t-3,-0.001860976219177246,benign
17691,Flow IAT Std,t-3,-0.0007160007953643799,benign
17691,Flow Pkts/s,t-3,-2.5451183319091797e-05,benign
17691,Fwd Act Data Pkts,t-3,9.423494338989258e-05,attack
17691,Fwd Header Len,t-3,0.00015881657600402832,attack
17691,Fwd IAT Max,t-3,-0.00011590123176574707,benign
17691,Fwd IAT Mean,t-3,-0.0012323260307312012,benign
17691,Fwd IAT Min,t-3,-0.0018547773361206055,benign
17691,Fwd IAT Std,t-3,-0.001008152961730957,benign
17691,Fwd IAT Tot,t-3,-0.00012987852096557617,benign
17691,Fwd PSH Flags,t-3,0.0015011429786682129,attack
17691,Fwd Pkt Len Max,t-3,0.00011852383613586426,attack
17691,Fwd Pkt Len Mean,t-3,5.194544792175293e-05,attack
17691,Fwd Pkt Len Min,t-3,0.0005265474319458008,attack
17691,Fwd Pkt Len Std,t-3,-1.0907649993896484e-05,benign
17691,Fwd Pkts/s,t-3,0.00012132525444030762,attack
17691,Fwd Seg Size Avg,t-3,0.0002035200595855713,attack
17691,Fwd Seg Size Min,t-3,-0.0019449293613433838,benign
17691,Idle Max,t-3,-0.00016257166862487793,benign
17691,Idle Mean,t-3,-0.00022009015083312988,benign
17691,Idle Min,t-3,-0.00023850798606872559,benign
17691,Idle Std,t-3,1.1026859283447266e-06,attack
17691,Init Bwd Win Byts,t-3,6.645917892456055e-06,attack
17691,Init Fwd Win Byts,t-3,0.0002448558807373047,attack
17691,PSH Flag Cnt,t-3,-0.0001634061336517334,benign
17691,Pkt Len Max,t-3,-0.00025346875190734863,benign
17691,Pkt Len Mean,t-3,0.0004076659679412842,attack
17691,Pkt Len Min,t-3,0.0004881918430328369,attack
17691,Pkt Len Std,t-3,-9.03010368347168e-05,benign
17691,Pkt Len Var,t-3,-0.00028821825981140137,benign
17691,Pkt Size Avg,t-3,0.0004310309886932373,attack
17691,RST Flag Cnt,t-3,0.0014426112174987793,attack
17691,SYN Flag Cnt,t-3,0.0011726021766662598,attack
17691,Subflow Bwd Byts,t-3,3.781914710998535e-05,attack
17691,Subflow Bwd Pkts,t-3,0.0001564323902130127,attack
17691,Subflow Fwd Byts,t-3,7.137656211853027e-05,attack
17691,Subflow Fwd Pkts,t-3,0.00032216310501098633,attack
17691,Tot Bwd Pkts,t-3,8.222460746765137e-05,attack
17691,Tot Fwd Pkts,t-3,0.000448375940322876,attack
17691,TotLen Bwd Pkts,t-3,1.817941665649414e-05,attack
17691,TotLen Fwd Pkts,t-3,4.1991472244262695e-05,attack
17691,URG Flag Cnt,t-3,0.00036704540252685547,attack
17691,Protocol_0,t-3,0.001383066177368164,attack
17691,Protocol_6,t-3,-0.00035136938095092773,benign
17691,Protocol_17,t-3,0.00040733814239501953,attack
17691,ACK Flag Cnt,t-2,0.00183027982711792,attack
17691,Active Max,t-2,-2.9921531677246094e-05,benign
17691,Active Mean,t-2,8.240342140197754e-05,attack
17691,Active Min,t-2,-5.507469177246094e-05,benign
17691,Active Std,t-2,4.208087921142578e-05,attack
17691,Bwd Header Len,t-2,0.00014543533325195312,attack
17691,Bwd IAT Max,t-2,0.00028267502784729004,attack
17691,Bwd IAT Mean,t-2,0.0002028048038482666,attack
17691,Bwd IAT Min,t-2,-0.00010675191879272461,benign
17691,Bwd IAT Std,t-2,-0.0005861818790435791,benign
17691,Bwd IAT Tot,t-2,-0.0036718547344207764,benign
17691,Bwd Pkt Len Max,t-2,0.00031247735023498535,attack
17691,Bwd Pkt Len Mean,t-2,-0.00032204389572143555,benign
17691,Bwd Pkt Len Min,t-2,0.002470046281814575,attack
17691,Bwd Pkt Len Std,t-2,0.00019818544387817383,attack
17691,Bwd Pkts/s,t-2,0.00021395087242126465,attack
17691,Bwd Seg Size Avg,t-2,-0.0006952583789825439,benign
17691,Down/Up Ratio,t-2,2.6285648345947266e-05,attack
17691,ECE Flag Cnt,t-2,0.0028392672538757324,attack
17691,Flow Byts/s,t-2,-0.0002568960189819336,benign
17691,Flow Duration,t-2,0.004904508590698242,attack
17691,Flow IAT Max,t-2,-0.001749962568283081,benign
17691,Flow IAT Mean,t-2,-0.0015957951545715332,benign
17691,Flow IAT Min,t-2,-0.002307802438735962,benign
17691,Flow IAT Std,t-2,1.4543533325195312e-05,attack
17691,Flow Pkts/s,t-2,0.00022143125534057617,attack
17691,Fwd Act Data Pkts,t-2,7.802248001098633e-05,attack
17691,Fwd Header Len,t-2,0.0002517402172088623,attack
17691,Fwd IAT Max,t-2,-0.0027747750282287598,benign
17691,Fwd IAT Mean,t-2,-0.0031675994396209717,benign
17691,Fwd IAT Min,t-2,-0.0029247701168060303,benign
17691,Fwd IAT Std,t-2,0.0005185604095458984,attack
17691,Fwd IAT Tot,t-2,0.007798671722412109,attack
17691,Fwd PSH Flags,t-2,0.00043323636054992676,attack
17691,Fwd Pkt Len Max,t-2,-0.00019252300262451172,benign
17691,Fwd Pkt Len Mean,t-2,-9.468197822570801e-05,benign
17691,Fwd Pkt Len Min,t-2,0.0001029670238494873,attack
17691,Fwd Pkt Len Std,t-2,0.0002251267433166504,attack
17691,Fwd Pkts/s,t-2,0.00029399991035461426,attack
17691,Fwd Seg Size Avg,t-2,-0.00018855929374694824,benign
17691,Fwd Seg Size Min,t-2,0.0014644861221313477,attack
17691,Idle Max,t-2,-0.00296097993850708,benign
17691,Idle Mean,t-2,-0.0034601986408233643,benign
17691,Idle Min,t-2,-0.0010572969913482666,benign
17691,Idle Std,t-2,-0.00019273161888122559,benign
17691,Init Bwd Win Byts,t-2,-0.0001372992992401123,benign
17691,Init Fwd Win Byts,t-2,-0.010346651077270508,benign
17691,PSH Flag Cnt,t-2,0.00024956464767456055,attack
17691,Pkt Len Max,t-2,6.097555160522461e-05,attack
17691,Pkt Len Mean,t-2,0.00017774105072021484,attack
17691,Pkt Len Min,t-2,0.00032970309257507324,attack
17691,Pkt Len Std,t-2,-5.7220458984375e-06,benign
17691,Pkt Len Var,t-2,-0.0001493692398071289,benign
17691,Pkt Size Avg,t-2,3.814697265625e-05,attack
17691,RST Flag Cnt,t-2,0.002365976572036743,attack
17691,SYN Flag Cnt,t-2,0.00025650858879089355,attack
17691,Subflow Bwd Byts,t-2,3.013014793395996e-05,attack
17691,Subflow Bwd Pkts,t-2,9.59932804107666e-05,attack
17691,Subflow Fwd Byts,t-2,7.334351539611816e-05,attack
17691,Subflow Fwd Pkts,t-2,0.00036081671714782715,attack
17691,Tot Bwd Pkts,t-2,1.7136335372924805e-05,attack
17691,Tot Fwd Pkts,t-2,0.00043964385986328125,attack
17691,TotLen Bwd Pkts,t-2,-7.778406143188477e-06,benign
17691,TotLen Fwd Pkts,t-2,5.885958671569824e-05,attack
17691,URG Flag Cnt,t-2,9.703636169433594e-05,attack
17691,Protocol_0,t-2,0.0025451481342315674,attack
17691,Protocol_6,t-2,-1.3649463653564453e-05,benign
17691,Protocol_17,t-2,0.0004680752754211426,attack
17691,ACK Flag Cnt,t-1,-0.002413809299468994,benign
17691,Active Max,t-1,0.00022086501121520996,attack
17691,Active Mean,t-1,0.00019168853759765625,attack
17691,Active Min,t-1,9.506940841674805e-05,attack
17691,Active Std,t-1,0.00010019540786743164,attack
17691,Bwd Header Len,t-1,0.00020202994346618652,attack
17691,Bwd IAT Max,t-1,1.1920928955078125e-07,attack
17691,Bwd IAT Mean,t-1,-4.521012306213379e-05,benign
17691,Bwd IAT Min,t-1,5.5789947509765625e-05,attack
17691,Bwd IAT Std,t-1,8.082389831542969e-05,attack
17691,Bwd IAT Tot,t-1,0.0003007352352142334,attack
17691,Bwd Pkt Len Max,t-1,-0.0018295347690582275,benign
17691,Bwd Pkt Len Mean,t-1,0.0009906589984893799,attack
17691,Bwd Pkt Len Min,t-1,-0.0004756748676300049,benign
17691,Bwd Pkt Len Std,t-1,0.0019946396350860596,attack
17691,Bwd Pkts/s,t-1,0.0004170536994934082,attack
17691,Bwd Seg Size Avg,t-1,0.0010842978954315186,attack
17691,Down/Up Ratio,t-1,-0.001028895378112793,benign
17691,ECE Flag Cnt,t-1,-0.0007565617561340332,benign
17691,Flow Byts/s,t-1,-0.0003923773765563965,benign
17691,Flow Duration,t-1,0.0006146132946014404,attack
17691,Flow IAT Max,t-1,-8.612871170043945e-06,benign
17691,Flow IAT Mean,t-1,-0.000371783971786499,benign
17691,Flow IAT Min,t-1,-0.00041112303733825684,benign
17691,Flow IAT Std,t-1,0.0003598332405090332,attack
17691,Flow Pkts/s,t-1,-0.00029924511909484863,benign
17691,Fwd Act Data Pkts,t-1,3.376603126525879e-05,attack
17691,Fwd Header Len,t-1,5.283951759338379e-05,attack
17691,Fwd IAT Max,t-1,-0.00034940242767333984,benign
17691,Fwd IAT Mean,t-1,-3.3468008041381836e-05,benign
17691,Fwd IAT Min,t-1,-0.0006410181522369385,benign
17691,Fwd IAT Std,t-1,0.00021436810493469238,attack
17691,Fwd IAT Tot,t-1,0.0009278953075408936,attack
17691,Fwd PSH Flags,t-1,-0.0009654760360717773,benign
17691,Fwd Pkt Len Max,t-1,-0.0021594762802124023,benign
17691,Fwd Pkt Len Mean,t-1,-0.002180546522140503,benign
17691,Fwd Pkt Len Min,t-1,-0.0006546378135681152,benign
17691,Fwd Pkt Len Std,t-1,-0.0030630826950073242,benign
17691,Fwd Pkts/s,t-1,9.92119312286377e-05,attack
17691,Fwd Seg Size Avg,t-1,-0.001970142126083374,benign
17691,Fwd Seg Size Min,t-1,0.0017143487930297852,attack
17691,Idle Max,t-1,-0.0002459883689880371,benign
17691,Idle Mean,t-1,-0.00047525763511657715,benign
17691,Idle Min,t-1,-0.0005315840244293213,benign
17691,Idle Std,t-1,1.7404556274414062e-05,attack
17691,Init Bwd Win Byts,t-1,-0.005028247833251953,benign
17691,Init Fwd Win Byts,t-1,0.0005264580249786377,attack
17691,PSH Flag Cnt,t-1,-0.0002617835998535156,benign
17691,Pkt Len Max,t-1,0.0005544424057006836,attack
17691,Pkt Len Mean,t-1,0.002587437629699707,attack
17691,Pkt Len Min,t-1,-0.0006497204303741455,benign
17691,Pkt Len Std,t-1,-0.00305292010307312,benign
17691,Pkt Len Var,t-1,-0.0009683966636657715,benign
17691,Pkt Size Avg,t-1,0.0003203451633453369,attack
17691,RST Flag Cnt,t-1,-0.001849442720413208,benign
17691,SYN Flag Cnt,t-1,-0.0009688138961791992,benign
17691,Subflow Bwd Byts,t-1,3.75211238861084e-05,attack
17691,Subflow Bwd Pkts,t-1,3.126263618469238e-05,attack
17691,Subflow Fwd Byts,t-1,1.2516975402832031e-06,attack
17691,Subflow Fwd Pkts,t-1,-0.0001761019229888916,benign
17691,Tot Bwd Pkts,t-1,-0.00014218688011169434,benign
17691,Tot Fwd Pkts,t-1,5.304813385009766e-06,attack
17691,TotLen Bwd Pkts,t-1,5.352497100830078e-05,attack
17691,TotLen Fwd Pkts,t-1,-4.458427429199219e-05,benign
17691,URG Flag Cnt,t-1,-0.00038000941276550293,benign
17691,Protocol_0,t-1,4.458427429199219e-05,attack
17691,Protocol_6,t-1,4.4673681259155273e-05,attack
17691,Protocol_17,t-1,-0.000239640474319458,benign
17691,ACK Flag Cnt,t,-0.0050389766693115234,benign
17691,Active Max,t,2.7686357498168945e-05,attack
17691,Active Mean,t,-3.814697265625e-05,benign
17691,Active Min,t,-0.0001150667667388916,benign
17691,Active Std,t,2.9265880584716797e-05,attack
17691,Bwd Header Len,t,-5.996227264404297e-05,benign
17691,Bwd IAT Max,t,-0.0009379088878631592,benign
17691,Bwd IAT Mean,t,-3.740191459655762e-05,benign
17691,Bwd IAT Min,t,0.0002925395965576172,attack
17691,Bwd IAT Std,t,0.00021407008171081543,attack
17691,Bwd IAT Tot,t,-0.0016496777534484863,benign
17691,Bwd Pkt Len Max,t,0.003313034772872925,attack
17691,Bwd Pkt Len Mean,t,-0.0009553432464599609,benign
17691,Bwd Pkt Len Min,t,-0.001856684684753418,benign
17691,Bwd Pkt Len Std,t,0.0031268298625946045,attack
17691,Bwd Pkts/s,t,-0.0033090710639953613,benign
17691,Bwd Seg Size Avg,t,-0.0011689066886901855,benign
17691,Down/Up Ratio,t,-0.0007466673851013184,benign
17691,ECE Flag Cnt,t,-0.003852158784866333,benign
17691,Flow Byts/s,t,-0.00017026066780090332,benign
17691,Flow Duration,t,-0.007944464683532715,benign
17691,Flow IAT Max,t,0.0008552968502044678,attack
17691,Flow IAT Mean,t,0.001704186201095581,attack
17691,Flow IAT Min,t,0.01141616702079773,attack
17691,Flow IAT Std,t,0.001756906509399414,attack
17691,Flow Pkts/s,t,5.5730342864990234e-06,attack
17691,Fwd Act Data Pkts,t,-0.00027230381965637207,benign
17691,Fwd Header Len,t,-0.0005700886249542236,benign
17691,Fwd IAT Max,t,-0.003804147243499756,benign
17691,Fwd IAT Mean,t,0.0013651251792907715,attack
17691,Fwd IAT Min,t,0.004848659038543701,attack
17691,Fwd IAT Std,t,0.0018950104713439941,attack
17691,Fwd IAT Tot,t,-0.007752537727355957,benign
17691,Fwd PSH Flags,t,-0.0010187923908233643,benign
17691,Fwd Pkt Len Max,t,-0.0003808736801147461,benign
17691,Fwd Pkt Len Mean,t,0.00029927492141723633,attack
17691,Fwd Pkt Len Min,t,-0.0015693306922912598,benign
17691,Fwd Pkt Len Std,t,-0.00019937753677368164,benign
17691,Fwd Pkts/s,t,-8.70823860168457e-05,benign
17691,Fwd Seg Size Avg,t,-0.003055751323699951,benign
17691,Fwd Seg Size Min,t,-0.0075484514236450195,benign
17691,Idle Max,t,0.001971215009689331,attack
17691,Idle Mean,t,0.0007613599300384521,attack
17691,Idle Min,t,0.0013045966625213623,attack
17691,Idle Std,t,-0.0003104209899902344,benign
17691,Init Bwd Win Byts,t,0.0009347796440124512,attack
17691,Init Fwd Win Byts,t,-0.006551176309585571,benign
17691,PSH Flag Cnt,t,-0.0008726119995117188,benign
17691,Pkt Len Max,t,-0.00010737776756286621,benign
17691,Pkt Len Mean,t,-0.0019903481006622314,benign
17691,Pkt Len Min,t,-0.0009146630764007568,benign
17691,Pkt Len Std,t,5.1021575927734375e-05,attack
17691,Pkt Len Var,t,6.92903995513916e-05,attack
17691,Pkt Size Avg,t,-0.0036029815673828125,benign
17691,RST Flag Cnt,t,-0.004372119903564453,benign
17691,SYN Flag Cnt,t,-0.0017747879028320312,benign
17691,Subflow Bwd Byts,t,-6.3478946685791016e-06,benign
17691,Subflow Bwd Pkts,t,-0.0001990795135498047,benign
17691,Subflow Fwd Byts,t,-0.00019866228103637695,benign
17691,Subflow Fwd Pkts,t,-0.0011141300201416016,benign
17691,Tot Bwd Pkts,t,-0.0004557967185974121,benign
17691,Tot Fwd Pkts,t,-0.0006503462791442871,benign
17691,TotLen Bwd Pkts,t,-5.4717063903808594e-05,benign
17691,TotLen Fwd Pkts,t,-0.0002187788486480713,benign
17691,URG Flag Cnt,t,4.145503044128418e-05,attack
17691,Protocol_0,t,-0.005150586366653442,benign
17691,Protocol_6,t,-3.7670135498046875e-05,benign
17691,Protocol_17,t,-0.001027226448059082,benign
17874,ACK Flag Cnt,t-9,0.00020462274551391602,attack
17874,Active Max,t-9,-8.225440979003906e-06,benign
17874,Active Mean,t-9,-1.52587890625e-05,benign
17874,Active Min,t-9,-1.5437602996826172e-05,benign
17874,Active Std,t-9,5.263090133666992e-05,attack
17874,Bwd Header Len,t-9,5.9604644775390625e-06,attack
17874,Bwd IAT Max,t-9,-0.00020503997802734375,benign
17874,Bwd IAT Mean,t-9,-1.0311603546142578e-05,benign
17874,Bwd IAT Min,t-9,1.811981201171875e-05,attack
17874,Bwd IAT Std,t-9,-9.357929229736328e-05,benign
17874,Bwd IAT Tot,t-9,-5.4895877838134766e-05,benign
17874,Bwd Pkt Len Max,t-9,-0.0004051327705383301,benign
17874,Bwd Pkt Len Mean,t-9,-0.0005691647529602051,benign
17874,Bwd Pkt Len Min,t-9,8.279085159301758e-05,attack
17874,Bwd Pkt Len Std,t-9,-4.5239925384521484e-05,benign
17874,Bwd Pkts/s,t-9,0.00016456842422485352,attack
17874,Bwd Seg Size Avg,t-9,-0.00023305416107177734,benign
17874,Down/Up Ratio,t-9,-0.00027751922607421875,benign
17874,ECE Flag Cnt,t-9,-0.00034177303314208984,benign
17874,Flow Byts/s,t-9,-2.568960189819336e-05,benign
17874,Flow Duration,t-9,-0.00019049644470214844,benign
17874,Flow IAT Max,t-9,9.578466415405273e-05,attack
17874,Flow IAT Mean,t-9,0.0003031492233276367,attack
17874,Flow IAT Min,t-9,0.00023740530014038086,attack
17874,Flow IAT Std,t-9,-0.00014984607696533203,benign
17874,Flow Pkts/s,t-9,-5.960464477539063e-08,benign
17874,Fwd Act Data Pkts,t-9,-2.6524066925048828e-05,benign
17874,Fwd Header Len,t-9,-6.115436553955078e-05,benign
17874,Fwd IAT Max,t-9,5.716085433959961e-05,attack
17874,Fwd IAT Mean,t-9,0.0003711581230163574,attack
17874,Fwd IAT Min,t-9,0.00032198429107666016,attack
17874,Fwd IAT Std,t-9,-0.00031495094299316406,benign
17874,Fwd IAT Tot,t-9,-0.0001608729362487793,benign
17874,Fwd PSH Flags,t-9,3.147125244140625e-05,attack
17874,Fwd Pkt Len Max,t-9,-0.0001838207244873047,benign
17874,Fwd Pkt Len Mean,t-9,-0.000194549560546875,benign
17874,Fwd Pkt Len Min,t-9,-0.00013554096221923828,benign
17874,Fwd Pkt Len Std,t-9,-0.0005415081977844238,benign
17874,Fwd Pkts/s,t-9,1.996755599975586e-05,attack
17874,Fwd Seg Size Avg,t-9,-0.00046634674072265625,benign
17874,Fwd Seg Size Min,t-9,1.0728836059570312e-05,attack
17874,Idle Max,t-9,0.000164031982421875,attack
17874,Idle Mean,t-9,0.00019502639770507812,attack
17874,Idle Min,t-9,0.0002879500389099121,attack
17874,Idle Std,t-9,-0.0001537799835205078,benign
17874,Init Bwd Win Byts,t-9,-0.0005617737770080566,benign
17874,Init Fwd Win Byts,t-9,7.206201553344727e-05,attack
17874,PSH Flag Cnt,t-9,-5.739927291870117e-05,benign
17874,Pkt Len Max,t-9,-0.0009562969207763672,benign
17874,Pkt Len Mean,t-9,-0.00038170814514160156,benign
17874,Pkt Len Min,t-9,-7.432699203491211e-05,benign
17874,Pkt Len Std,t-9,-0.0009406208992004395,benign
17874,Pkt Len Var,t-9,-0.0003701448440551758,benign
17874,Pkt Size Avg,t-9,-0.00040775537490844727,benign
17874,RST Flag Cnt,t-9,-8.577108383178711e-05,benign
17874,SYN Flag Cnt,t-9,-3.731250762939453e-05,benign
17874,Subflow Bwd Byts,t-9,-6.258487701416016e-06,benign
17874,Subflow Bwd Pkts,t-9,-2.8014183044433594e-06,benign
17874,Subflow Fwd Byts,t-9,1.1324882507324219e-06,attack
17874,Subflow Fwd Pkts,t-9,6.556510925292969e-06,attack
17874,Tot Bwd Pkts,t-9,-1.2159347534179688e-05,benign
17874,Tot Fwd Pkts,t-9,8.344650268554688e-07,attack
17874,TotLen Bwd Pkts,t-9,2.980232238769531e-07,attack
17874,TotLen Fwd Pkts,t-9,-6.794929504394531e-06,benign
17874,URG Flag Cnt,t-9,-0.0002518296241760254,benign
17874,Protocol_0,t-9,-5.179643630981445e-05,benign
17874,Protocol_6,t-9,3.594160079956055e-05,attack
17874,Protocol_17,t-9,-0.00011944770812988281,benign
17874,ACK Flag Cnt,t-8,0.0010274648666381836,attack
17874,Active Max,t-8,7.152557373046875e-07,attack
17874,Active Mean,t-8,-2.1398067474365234e-05,benign
17874,Active Min,t-8,-1.9550323486328125e-05,benign
17874,Active Std,t-8,0.0001290440559387207,attack
17874,Bwd Header Len,t-8,4.953145980834961e-05,attack
17874,Bwd IAT Max,t-8,0.0013121962547302246,attack
17874,Bwd IAT Mean,t-8,3.3974647521972656e-06,attack
17874,Bwd IAT Min,t-8,-3.063678741455078e-05,benign
17874,Bwd IAT Std,t-8,0.0008971095085144043,attack
17874,Bwd IAT Tot,t-8,1.5676021575927734e-05,attack
17874,Bwd Pkt Len Max,t-8,4.851818084716797e-05,attack
17874,Bwd Pkt Len Mean,t-8,3.343820571899414e-05,attack
17874,Bwd Pkt Len Min,t-8,0.0011880993843078613,attack
17874,Bwd Pkt Len Std,t-8,0.0004432201385498047,attack
17874,Bwd Pkts/s,t-8,0.0001755356788635254,attack
17874,Bwd Seg Size Avg,t-8,-5.900859832763672e-06,benign
17874,Down/Up Ratio,t-8,4.303455352783203e-05,attack
17874,ECE Flag Cnt,t-8,-0.0002371668815612793,benign
17874,Flow Byts/s,t-8,-0.00020319223403930664,benign
17874,Flow Duration,t-8,-0.0003007054328918457,benign
17874,Flow IAT Max,t-8,-7.486343383789062e-05,benign
17874,Flow IAT Mean,t-8,0.0007012486457824707,attack
17874,Flow IAT Min,t-8,0.0007708072662353516,attack
17874,Flow IAT Std,t-8,0.00042426586151123047,attack
17874,Flow Pkts/s,t-8,-0.00014674663543701172,benign
17874,Fwd Act Data Pkts,t-8,4.0531158447265625e-06,attack
17874,Fwd Header Len,t-8,-6.288290023803711e-05,benign
17874,Fwd IAT Max,t-8,-4.303455352783203e-05,benign
17874,Fwd IAT Mean,t-8,0.000705718994140625,attack
17874,Fwd IAT Min,t-8,0.0009875297546386719,attack
17874,Fwd IAT Std,t-8,0.0011438727378845215,attack
17874,Fwd IAT Tot,t-8,-0.00027573108673095703,benign
17874,Fwd PSH Flags,t-8,0.00018042325973510742,attack
17874,Fwd Pkt Len Max,t-8,-8.630752563476562e-05,benign
17874,Fwd Pkt Len Mean,t-8,-4.214048385620117e-05,benign
17874,Fwd Pkt Len Min,t-8,-5.984306335449219e-05,benign
17874,Fwd Pkt Len Std,t-8,-0.00021970272064208984,benign
17874,Fwd Pkts/s,t-8,-6.276369094848633e-05,benign
17874,Fwd Seg Size Avg,t-8,-9.196996688842773e-05,benign
17874,Fwd Seg Size Min,t-8,-0.00017893314361572266,benign
17874,Idle Max,t-8,-0.0001024007797241211,benign
17874,Idle Mean,t-8,-0.00015717744827270508,benign
17874,Idle Min,t-8,-0.0002721548080444336,benign
17874,Idle Std,t-8,-0.0002218484878540039,benign
17874,Init Bwd Win Byts,t-8,-0.000253140926361084,benign
17874,Init Fwd Win Byts,t-8,-0.00014990568161010742,benign
17874,PSH Flag Cnt,t-8,-3.0934810638427734e-05,benign
17874,Pkt Len Max,t-8,-1.5914440155029297e-05,benign
17874,Pkt Len Mean,t-8,5.841255187988281e-06,attack
17874,Pkt Len Min,t-8,-5.6803226470947266e-05,benign
17874,Pkt Len Std,t-8,-0.0003110170364379883,benign
17874,Pkt Len Var,t-8,5.435943603515625e-05,attack
17874,Pkt Size Avg,t-8,0.00010198354721069336,attack
17874,RST Flag Cnt,t-8,0.00012248754501342773,attack
17874,SYN Flag Cnt,t-8,-5.078315734863281e-05,benign
17874,Subflow Bwd Byts,t-8,4.172325134277344e-07,attack
17874,Subflow Bwd Pkts,t-8,3.1113624572753906e-05,attack
17874,Subflow Fwd Byts,t-8,2.9385089874267578e-05,attack
17874,Subflow Fwd Pkts,t-8,8.004903793334961e-05,attack
17874,Tot Bwd Pkts,t-8,5.328655242919922e-05,attack
17874,Tot Fwd Pkts,t-8,5.805492401123047e-05,attack
17874,TotLen Bwd Pkts,t-8,9.5367431640625e-06,attack
17874,TotLen Fwd Pkts,t-8,1.7583370208740234e-05,attack
17874,URG Flag Cnt,t-8,-0.0007489323616027832,benign
17874,Protocol_0,t-8,-0.0001722574234008789,benign
17874,Protocol_6,t-8,1.1086463928222656e-05,attack
17874,Protocol_17,t-8,-9.334087371826172e-05,benign
17874,ACK Flag Cnt,t-7,-0.0009369850158691406,benign
17874,Active Max,t-7,1.531839370727539e-05,attack
17874,Active Mean,t-7,-1.1801719665527344e-05,benign
17874,Active Min,t-7,2.473592758178711e-05,attack
17874,Active Std,t-7,0.00018280744552612305,attack
17874,Bwd Header Len,t-7,9.256601333618164e-05,attack
17874,Bwd IAT Max,t-7,-0.0006552338600158691,benign
17874,Bwd IAT Mean,t-7,-0.0001786947250366211,benign
17874,Bwd IAT Min,t-7,-0.0001035928726196289,benign
17874,Bwd IAT Std,t-7,-0.0001666545867919922,benign
17874,Bwd IAT Tot,t-7,2.7239322662353516e-05,attack
17874,Bwd Pkt Len Max,t-7,-0.0003482699394226074,benign
17874,Bwd Pkt Len Mean,t-7,2.193450927734375e-05,attack
17874,Bwd Pkt Len Min,t-7,0.002738773822784424,attack
17874,Bwd Pkt Len Std,t-7,-0.0010873675346374512,benign
17874,Bwd Pkts/s,t-7,0.0003923177719116211,attack
17874,Bwd Seg Size Avg,t-7,-0.0005617141723632812,benign
17874,Down/Up Ratio,t-7,-0.0004341602325439453,benign
17874,ECE Flag Cnt,t-7,-6.377696990966797e-06,benign
17874,Flow Byts/s,t-7,-0.00016170740127563477,benign
17874,Flow Duration,t-7,-0.000759124755859375,benign
17874,Flow IAT Max,t-7,0.0010184049606323242,attack
17874,Flow IAT Mean,t-7,0.001791834831237793,attack
17874,Flow IAT Min,t-7,0.0020644664764404297,attack
17874,Flow IAT Std,t-7,-0.00019305944442749023,benign
17874,Flow Pkts/s,t-7,0.0012131929397583008,attack
17874,Fwd Act Data Pkts,t-7,-6.222724914550781e-05,benign
17874,Fwd Header Len,t-7,-8.511543273925781e-05,benign
17874,Fwd IAT Max,t-7,0.001210629940032959,attack
17874,Fwd IAT Mean,t-7,0.0019452571868896484,attack
17874,Fwd IAT Min,t-7,0.001707315444946289,attack
17874,Fwd IAT Std,t-7,-0.0008530020713806152,benign
17874,Fwd IAT Tot,t-7,-0.0013271570205688477,benign
17874,Fwd PSH Flags,t-7,9.47713851928711e-05,attack
17874,Fwd Pkt Len Max,t-7,0.00028401613235473633,attack
17874,Fwd Pkt Len Mean,t-7,7.05718994140625e-05,attack
17874,Fwd Pkt Len Min,t-7,3.647804260253906e-05,attack
17874,Fwd Pkt Len Std,t-7,0.0001399517059326172,attack
17874,Fwd Pkts/s,t-7,0.0023567676544189453,attack
17874,Fwd Seg Size Avg,t-7,0.0003483295440673828,attack
17874,Fwd Seg Size Min,t-7,-0.00042134523391723633,benign
17874,Idle Max,t-7,0.0013887882232666016,attack
17874,Idle Mean,t-7,0.0012153387069702148,attack
17874,Idle Min,t-7,0.0012553930282592773,attack
17874,Idle Std,t-7,-0.0001990795135498047,benign
17874,Init Bwd Win Byts,t-7,-0.00037425756454467773,benign
17874,Init Fwd Win Byts,t-7,-0.0034484267234802246,benign
17874,PSH Flag Cnt,t-7,3.337860107421875e-06,attack
17874,Pkt Len Max,t-7,-0.00018835067749023438,benign
17874,Pkt Len Mean,t-7,0.0008947253227233887,attack
17874,Pkt Len Min,t-7,0.0003033280372619629,attack
17874,Pkt Len Std,t-7,0.0005813837051391602,attack
17874,Pkt Len Var,t-7,-0.0005279779434204102,benign
17874,Pkt Size Avg,t-7,0.0012668967247009277,attack
17874,RST Flag Cnt,t-7,5.7816505432128906e-05,attack
17874,SYN Flag Cnt,t-7,8.32676887512207e-05,attack
17874,Subflow Bwd Byts,t-7,-1.806020736694336e-05,benign
17874,Subflow Bwd Pkts,t-7,3.153085708618164e-05,attack
17874,Subflow Fwd Byts,t-7,5.3882598876953125e-05,attack
17874,Subflow Fwd Pkts,t-7,5.996227264404297e-05,attack
17874,Tot Bwd Pkts,t-7,0.0001024007797241211,attack
17874,Tot Fwd Pkts,t-7,-4.2319297790527344e-05,benign
17874,TotLen Bwd Pkts,t-7,2.1457672119140625e-06,attack
17874,TotLen Fwd Pkts,t-7,3.069639205932617e-05,attack
17874,URG Flag Cnt,t-7,-0.0009957551956176758,benign
17874,Protocol_0,t-7,-0.00035113096237182617,benign
17874,Protocol_6,t-7,-0.00010406970977783203,benign
17874,Protocol_17,t-7,-0.0001347661018371582,benign
17874,ACK Flag Cnt,t-6,-0.005365729331970215,benign
17874,Active Max,t-6,9.113550186157227e-05,attack
17874,Active Mean,t-6,2.5272369384765625e-05,attack
17874,Active Min,t-6,-4.9233436584472656e-05,benign
17874,Active Std,t-6,0.00016677379608154297,attack
17874,Bwd Header Len,t-6,4.655122756958008e-05,attack
17874,Bwd IAT Max,t-6,-0.00047391653060913086,benign
17874,Bwd IAT Mean,t-6,-0.0003820061683654785,benign
17874,Bwd IAT Min,t-6,-0.0003082752227783203,benign
17874,Bwd IAT Std,t-6,0.0001042485237121582,attack
17874,Bwd IAT Tot,t-6,0.0002994537353515625,attack
17874,Bwd Pkt Len Max,t-6,-0.0014004111289978027,benign
17874,Bwd Pkt Len Mean,t-6,0.0005204081535339355,attack
17874,Bwd Pkt Len Min,t-6,0.0032573938369750977,attack
17874,Bwd Pkt Len Std,t-6,-0.0026773810386657715,benign
17874,Bwd Pkts/s,t-6,-0.0010208487510681152,benign
17874,Bwd Seg Size Avg,t-6,-0.0013361573219299316,benign
17874,Down/Up Ratio,t-6,-0.0001767277717590332,benign
17874,ECE Flag Cnt,t-6,-0.0005667209625244141,benign
17874,Flow Byts/s,t-6,-0.000255584716796875,benign
17874,Flow Duration,t-6,-0.0010513067245483398,benign
17874,Flow IAT Max,t-6,0.0001944899559020996,attack
17874,Flow IAT Mean,t-6,0.0012857913970947266,attack
17874,Flow IAT Min,t-6,0.0007693767547607422,attack
17874,Flow IAT Std,t-6,-0.0007988810539245605,benign
17874,Flow Pkts/s,t-6,-1.0728836059570312e-05,benign
17874,Fwd Act Data Pkts,t-6,-8.738040924072266e-05,benign
17874,Fwd Header Len,t-6,-0.00017833709716796875,benign
17874,Fwd IAT Max,t-6,0.0003940463066101074,attack
17874,Fwd IAT Mean,t-6,0.0017701387405395508,attack
17874,Fwd IAT Min,t-6,0.0016193985939025879,attack
17874,Fwd IAT Std,t-6,-0.001048743724822998,benign
17874,Fwd IAT Tot,t-6,-0.0021196603775024414,benign
17874,Fwd PSH Flags,t-6,-0.0025668740272521973,benign
17874,Fwd Pkt Len Max,t-6,-0.0006887912750244141,benign
17874,Fwd Pkt Len Mean,t-6,-0.00027871131896972656,benign
17874,Fwd Pkt Len Min,t-6,0.0003744959831237793,attack
17874,Fwd Pkt Len Std,t-6,-0.0007341504096984863,benign
17874,Fwd Pkts/s,t-6,-8.046627044677734e-05,benign
17874,Fwd Seg Size Avg,t-6,-0.00017392635345458984,benign
17874,Fwd Seg Size Min,t-6,0.0006113648414611816,attack
17874,Idle Max,t-6,0.0009671449661254883,attack
17874,Idle Mean,t-6,0.0008863210678100586,attack
17874,Idle Min,t-6,0.0011116266250610352,attack
17874,Idle Std,t-6,-3.9577484130859375e-05,benign
17874,Init Bwd Win Byts,t-6,-4.3392181396484375e-05,benign
17874,Init Fwd Win Byts,t-6,-2.2292137145996094e-05,benign
17874,PSH Flag Cnt,t-6,0.0001035928726196289,attack
17874,Pkt Len Max,t-6,-0.0008415579795837402,benign
17874,Pkt Len Mean,t-6,0.000395357608795166,attack
17874,Pkt Len Min,t-6,0.0010322928428649902,attack
17874,Pkt Len Std,t-6,-0.0005695819854736328,benign
17874,Pkt Len Var,t-6,-0.0014301538467407227,benign
17874,Pkt Size Avg,t-6,0.0016162991523742676,attack
17874,RST Flag Cnt,t-6,-3.886222839355469e-05,benign
17874,SYN Flag Cnt,t-6,-0.0021950602531433105,benign
17874,Subflow Bwd Byts,t-6,-5.2094459533691406e-05,benign
17874,Subflow Bwd Pkts,t-6,2.372264862060547e-05,attack
17874,Subflow Fwd Byts,t-6,4.488229751586914e-05,attack
17874,Subflow Fwd Pkts,t-6,8.58306884765625e-06,attack
17874,Tot Bwd Pkts,t-6,0.00015717744827270508,attack
17874,Tot Fwd Pkts,t-6,-3.361701965332031e-05,benign
17874,TotLen Bwd Pkts,t-6,-2.205371856689453e-05,benign
17874,TotLen Fwd Pkts,t-6,1.0728836059570312e-06,attack
17874,URG Flag Cnt,t-6,0.0005743503570556641,attack
17874,Protocol_0,t-6,-0.0002803802490234375,benign
17874,Protocol_6,t-6,-0.0003383159637451172,benign
17874,Protocol_17,t-6,0.00036776065826416016,attack
17874,ACK Flag Cnt,t-5,1.1920928955078125e-05,attack
17874,Active Max,t-5,6.657838821411133e-05,attack
17874,Active Mean,t-5,9.953975677490234e-06,attack
17874,Active Min,t-5,-1.71661376953125e-05,benign
17874,Active Std,t-5,0.00011134147644042969,attack
17874,Bwd Header Len,t-5,-1.4483928680419922e-05,benign
17874,Bwd IAT Max,t-5,0.01014244556427002,attack
17874,Bwd IAT Mean,t-5,-0.002618074417114258,benign
17874,Bwd IAT Min,t-5,3.993511199951172e-05,attack
17874,Bwd IAT Std,t-5,-0.0025580525398254395,benign
17874,Bwd IAT Tot,t-5,-0.004727065563201904,benign
17874,Bwd Pkt Len Max,t-5,-0.0003307461738586426,benign
17874,Bwd Pkt Len Mean,t-5,-0.0002784132957458496,benign
17874,Bwd Pkt Len Min,t-5,0.0010043978691101074,attack
17874,Bwd Pkt Len Std,t-5,8.296966552734375e-05,attack
17874,Bwd Pkts/s,t-5,5.692243576049805e-05,attack
17874,Bwd Seg Size Avg,t-5,-0.00015813112258911133,benign
17874,Down/Up Ratio,t-5,-0.0009665489196777344,benign
17874,ECE Flag Cnt,t-5,-0.0008489489555358887,benign
17874,Flow Byts/s,t-5,-0.00015240907669067383,benign
17874,Flow Duration,t-5,0.0062923431396484375,attack
17874,Flow IAT Max,t-5,0.0019716620445251465,attack
17874,Flow IAT Mean,t-5,-0.00011622905731201172,benign
17874,Flow IAT Min,t-5,-0.00018072128295898438,benign
17874,Flow IAT Std,t-5,0.004103302955627441,attack
17874,Flow Pkts/s,t-5,-5.21540641784668e-05,benign
17874,Fwd Act Data Pkts,t-5,-3.653764724731445e-05,benign
17874,Fwd Header Len,t-5,-0.0001990199089050293,benign
17874,Fwd IAT Max,t-5,0.004328727722167969,attack
17874,Fwd IAT Mean,t-5,0.00030362606048583984,attack
17874,Fwd IAT Min,t-5,0.00018107891082763672,attack
17874,Fwd IAT Std,t-5,0.005908966064453125,attack
17874,Fwd IAT Tot,t-5,0.0013538599014282227,attack
17874,Fwd PSH Flags,t-5,-8.159875869750977e-05,benign
17874,Fwd Pkt Len Max,t-5,0.00023800134658813477,attack
17874,Fwd Pkt Len Mean,t-5,-0.0004566311836242676,benign
17874,Fwd Pkt Len Min,t-5,0.0005517005920410156,attack
17874,Fwd Pkt Len Std,t-5,0.001040339469909668,attack
17874,Fwd Pkts/s,t-5,-6.473064422607422e-05,benign
17874,Fwd Seg Size Avg,t-5,0.00011485815048217773,attack
17874,Fwd Seg Size Min,t-5,0.00011056661605834961,attack
17874,Idle Max,t-5,0.00048792362213134766,attack
17874,Idle Mean,t-5,-0.0005650520324707031,benign
17874,Idle Min,t-5,0.0017887353897094727,attack
17874,Idle Std,t-5,-0.00209963321685791,benign
17874,Init Bwd Win Byts,t-5,-0.0012338757514953613,benign
17874,Init Fwd Win Byts,t-5,-0.0003110170364379883,benign
17874,PSH Flag Cnt,t-5,-2.0742416381835938e-05,benign
17874,Pkt Len Max,t-5,-1.4722347259521484e-05,benign
17874,Pkt Len Mean,t-5,-0.00025463104248046875,benign
17874,Pkt Len Min,t-5,0.00016629695892333984,attack
17874,Pkt Len Std,t-5,-7.492303848266602e-05,benign
17874,Pkt Len Var,t-5,-0.00013887882232666016,benign
17874,Pkt Size Avg,t-5,-0.00015914440155029297,benign
17874,RST Flag Cnt,t-5,-0.0006695985794067383,benign
17874,SYN Flag Cnt,t-5,0.00045609474182128906,attack
17874,Subflow Bwd Byts,t-5,1.4066696166992188e-05,attack
17874,Subflow Bwd Pkts,t-5,6.735324859619141e-06,attack
17874,Subflow Fwd Byts,t-5,-1.4543533325195312e-05,benign
17874,Subflow Fwd Pkts,t-5,-3.886222839355469e-05,benign
17874,Tot Bwd Pkts,t-5,2.676248550415039e-05,attack
17874,Tot Fwd Pkts,t-5,-0.0001538991928100586,benign
17874,TotLen Bwd Pkts,t-5,-3.9577484130859375e-05,benign
17874,TotLen Fwd Pkts,t-5,-6.157159805297852e-05,benign
17874,URG Flag Cnt,t-5,-0.0006731748580932617,benign
17874,Protocol_0,t-5,-7.432699203491211e-05,benign
17874,Protocol_6,t-5,-0.00013130903244018555,benign
17874,Protocol_17,t-5,-1.7344951629638672e-05,benign
17874,ACK Flag Cnt,t-4,0.008916676044464111,attack
17874,Active Max,t-4,-0.00019180774688720703,benign
17874,Active Mean,t-4,-7.653236389160156e-05,benign
17874,Active Min,t-4,-5.84721565246582e-05,benign
17874,Active Std,t-4,0.0004553794860839844,attack
17874,Bwd Header Len,t-4,0.0005261898040771484,attack
17874,Bwd IAT Max,t-4,-0.002320706844329834,benign
17874,Bwd IAT Mean,t-4,-0.001649022102355957,benign
17874,Bwd IAT Min,t-4,-0.0007650256156921387,benign
17874,Bwd IAT Std,t-4,0.00034677982330322266,attack
17874,Bwd IAT Tot,t-4,2.3245811462402344e-06,attack
17874,Bwd Pkt Len Max,t-4,-0.005325675010681152,benign
17874,Bwd Pkt Len Mean,t-4,-0.0006133317947387695,benign
17874,Bwd Pkt Len Min,t-4,0.009393513202667236,attack
17874,Bwd Pkt Len Std,t-4,-0.006949007511138916,benign
17874,Bwd Pkts/s,t-4,-0.0001004338264465332,benign
17874,Bwd Seg Size Avg,t-4,0.0028554201126098633,attack
17874,Down/Up Ratio,t-4,0.0007274150848388672,attack
17874,ECE Flag Cnt,t-4,0.008820116519927979,attack
17874,Flow Byts/s,t-4,-0.00012260675430297852,benign
17874,Flow Duration,t-4,-0.0027990341186523438,benign
17874,Flow IAT Max,t-4,0.002978980541229248,attack
17874,Flow IAT Mean,t-4,-0.0001932382583618164,benign
17874,Flow IAT Min,t-4,-0.0020703673362731934,benign
17874,Flow IAT Std,t-4,-0.003694891929626465,benign
17874,Flow Pkts/s,t-4,0.00013208389282226562,attack
17874,Fwd Act Data Pkts,t-4,-0.00018084049224853516,benign
17874,Fwd Header Len,t-4,0.0006019473075866699,attack
17874,Fwd IAT Max,t-4,0.003910541534423828,attack
17874,Fwd IAT Mean,t-4,0.000744938850402832,attack
17874,Fwd IAT Min,t-4,-0.0014014840126037598,benign
17874,Fwd IAT Std,t-4,-0.0036171674728393555,benign
17874,Fwd IAT Tot,t-4,-0.004753410816192627,benign
17874,Fwd PSH Flags,t-4,0.001902937889099121,attack
17874,Fwd Pkt Len Max,t-4,0.005230069160461426,attack
17874,Fwd Pkt Len Mean,t-4,-0.001614391803741455,benign
17874,Fwd Pkt Len Min,t-4,0.000702977180480957,attack
17874,Fwd Pkt Len Std,t-4,0.00033795833587646484,attack
17874,Fwd Pkts/s,t-4,0.00019532442092895508,attack
17874,Fwd Seg Size Avg,t-4,0.002676665782928467,attack
17874,Fwd Seg Size Min,t-4,-0.002799093723297119,benign
17874,Idle Max,t-4,0.01118767261505127,attack
17874,Idle Mean,t-4,0.005847036838531494,attack
17874,Idle Min,t-4,0.009159326553344727,attack
17874,Idle Std,t-4,-0.0010279417037963867,benign
17874,Init Bwd Win Byts,t-4,-9.47117805480957e-05,benign
17874,Init Fwd Win Byts,t-4,-0.029646992683410645,benign
17874,PSH Flag Cnt,t-4,0.0008528232574462891,attack
17874,Pkt Len Max,t-4,0.0012512803077697754,attack
17874,Pkt Len Mean,t-4,0.003999054431915283,attack
17874,Pkt Len Min,t-4,0.0013730525970458984,attack
17874,Pkt Len Std,t-4,0.0023704171180725098,attack
17874,Pkt Len Var,t-4,-0.003929436206817627,benign
17874,Pkt Size Avg,t-4,0.004580497741699219,attack
17874,RST Flag Cnt,t-4,0.008059859275817871,attack
17874,SYN Flag Cnt,t-4,0.0021055936813354492,attack
17874,Subflow Bwd Byts,t-4,6.401538848876953e-05,attack
17874,Subflow Bwd Pkts,t-4,0.00041860342025756836,attack
17874,Subflow Fwd Byts,t-4,0.00034296512603759766,attack
17874,Subflow Fwd Pkts,t-4,0.0016366243362426758,attack
17874,Tot Bwd Pkts,t-4,0.00041407346725463867,attack
17874,Tot Fwd Pkts,t-4,0.001412808895111084,attack
17874,TotLen Bwd Pkts,t-4,0.00018298625946044922,attack
17874,TotLen Fwd Pkts,t-4,0.00031185150146484375,attack
17874,URG Flag Cnt,t-4,0.0010232329368591309,attack
17874,Protocol_0,t-4,-0.0014702677726745605,benign
17874,Protocol_6,t-4,-0.0007513761520385742,benign
17874,Protocol_17,t-4,0.0008208751678466797,attack
17874,ACK Flag Cnt,t-3,0.0011752843856811523,attack
17874,Active Max,t-3,9.28640365600586e-05,attack
17874,Active Mean,t-3,-1.3589859008789062e-05,benign
17874,Active Min,t-3,-0.00022023916244506836,benign
17874,Active Std,t-3,7.331371307373047e-06,attack
17874,Bwd Header Len,t-3,0.00015276670455932617,attack
17874,Bwd IAT Max,t-3,-0.0009294748306274414,benign
17874,Bwd IAT Mean,t-3,0.00014096498489379883,attack
17874,Bwd IAT Min,t-3,-0.00010073184967041016,benign
17874,Bwd IAT Std,t-3,-0.00048542022705078125,benign
17874,Bwd IAT Tot,t-3,0.0010355114936828613,attack
17874,Bwd Pkt Len Max,t-3,5.829334259033203e-05,attack
17874,Bwd Pkt Len Mean,t-3,0.00024193525314331055,attack
17874,Bwd Pkt Len Min,t-3,0.00012040138244628906,attack
17874,Bwd Pkt Len Std,t-3,9.936094284057617e-05,attack
17874,Bwd Pkts/s,t-3,-1.609325408935547e-05,benign
17874,Bwd Seg Size Avg,t-3,9.572505950927734e-05,attack
17874,Down/Up Ratio,t-3,7.659196853637695e-05,attack
17874,ECE Flag Cnt,t-3,0.0008674263954162598,attack
17874,Flow Byts/s,t-3,-0.000482022762298584,benign
17874,Flow Duration,t-3,-0.001704096794128418,benign
17874,Flow IAT Max,t-3,0.001639246940612793,attack
17874,Flow IAT Mean,t-3,0.0015854239463806152,attack
17874,Flow IAT Min,t-3,0.0014843940734863281,attack
17874,Flow IAT Std,t-3,-0.0011199116706848145,benign
17874,Flow Pkts/s,t-3,0.00033539533615112305,attack
17874,Fwd Act Data Pkts,t-3,-4.225969314575195e-05,benign
17874,Fwd Header Len,t-3,7.420778274536133e-05,attack
17874,Fwd IAT Max,t-3,0.0009734630584716797,attack
17874,Fwd IAT Mean,t-3,0.0018273591995239258,attack
17874,Fwd IAT Min,t-3,0.0015860795974731445,attack
17874,Fwd IAT Std,t-3,-0.0008230209350585938,benign
17874,Fwd IAT Tot,t-3,-0.0018024444580078125,benign
17874,Fwd PSH Flags,t-3,2.759695053100586e-05,attack
17874,Fwd Pkt Len Max,t-3,-2.7179718017578125e-05,benign
17874,Fwd Pkt Len Mean,t-3,-1.5914440155029297e-05,benign
17874,Fwd Pkt Len Min,t-3,7.170438766479492e-05,attack
17874,Fwd Pkt Len Std,t-3,-5.8531761169433594e-05,benign
17874,Fwd Pkts/s,t-3,0.0007028579711914062,attack
17874,Fwd Seg Size Avg,t-3,-1.996755599975586e-05,benign
17874,Fwd Seg Size Min,t-3,0.0011373162269592285,attack
17874,Idle Max,t-3,0.0020920634269714355,attack
17874,Idle Mean,t-3,0.0014486312866210938,attack
17874,Idle Min,t-3,0.0017221570014953613,attack
17874,Idle Std,t-3,0.000420987606048584,attack
17874,Init Bwd Win Byts,t-3,-0.00016748905181884766,benign
17874,Init Fwd Win Byts,t-3,0.0013898015022277832,attack
17874,PSH Flag Cnt,t-3,0.00023430585861206055,attack
17874,Pkt Len Max,t-3,3.045797348022461e-05,attack
17874,Pkt Len Mean,t-3,0.00030219554901123047,attack
17874,Pkt Len Min,t-3,-3.5762786865234375e-07,benign
17874,Pkt Len Std,t-3,0.0001564621925354004,attack
17874,Pkt Len Var,t-3,0.00023299455642700195,attack
17874,Pkt Size Avg,t-3,5.0067901611328125e-05,attack
17874,RST Flag Cnt,t-3,0.0004947185516357422,attack
17874,SYN Flag Cnt,t-3,0.00012874603271484375,attack
17874,Subflow Bwd Byts,t-3,3.319978713989258e-05,attack
17874,Subflow Bwd Pkts,t-3,0.00010025501251220703,attack
17874,Subflow Fwd Byts,t-3,0.00013321638107299805,attack
17874,Subflow Fwd Pkts,t-3,0.0005763769149780273,attack
17874,Tot Bwd Pkts,t-3,7.015466690063477e-05,attack
17874,Tot Fwd Pkts,t-3,0.0005181431770324707,attack
17874,TotLen Bwd Pkts,t-3,3.7729740142822266e-05,attack
17874,TotLen Fwd Pkts,t-3,8.130073547363281e-05,attack
17874,URG Flag Cnt,t-3,-0.00016695261001586914,benign
17874,Protocol_0,t-3,-0.0006183385848999023,benign
17874,Protocol_6,t-3,6.508827209472656e-05,attack
17874,Protocol_17,t-3,0.0002117753028869629,attack
17874,ACK Flag Cnt,t-2,-0.001532435417175293,benign
17874,Active Max,t-2,-7.218122482299805e-05,benign
17874,Active Mean,t-2,-0.0002878904342651367,benign
17874,Active Min,t-2,-0.00045484304428100586,benign
17874,Active Std,t-2,-0.0001240372657775879,benign
17874,Bwd Header Len,t-2,-0.00011068582534790039,benign
17874,Bwd IAT Max,t-2,0.006606757640838623,attack
17874,Bwd IAT Mean,t-2,-0.002339482307434082,benign
17874,Bwd IAT Min,t-2,-0.005434989929199219,benign
17874,Bwd IAT Std,t-2,0.00474470853805542,attack
17874,Bwd IAT Tot,t-2,-0.0017814040184020996,benign
17874,Bwd Pkt Len Max,t-2,-0.001262366771697998,benign
17874,Bwd Pkt Len Mean,t-2,-1.996755599975586e-05,benign
17874,Bwd Pkt Len Min,t-2,0.0009943246841430664,attack
17874,Bwd Pkt Len Std,t-2,-0.0013965964317321777,benign
17874,Bwd Pkts/s,t-2,0.0014917850494384766,attack
17874,Bwd Seg Size Avg,t-2,0.0010628104209899902,attack
17874,Down/Up Ratio,t-2,0.005236685276031494,attack
17874,ECE Flag Cnt,t-2,-0.0011529326438903809,benign
17874,Flow Byts/s,t-2,-0.0003928542137145996,benign
17874,Flow Duration,t-2,-0.00011789798736572266,benign
17874,Flow IAT Max,t-2,0.0010875463485717773,attack
17874,Flow IAT Mean,t-2,-9.006261825561523e-05,benign
17874,Flow IAT Min,t-2,0.0007817745208740234,attack
17874,Flow IAT Std,t-2,0.004346489906311035,attack
17874,Flow Pkts/s,t-2,0.00037658214569091797,attack
17874,Fwd Act Data Pkts,t-2,0.0001481175422668457,attack
17874,Fwd Header Len,t-2,-0.000424802303314209,benign
17874,Fwd IAT Max,t-2,-0.0012674331665039062,benign
17874,Fwd IAT Mean,t-2,-0.0021383166313171387,benign
17874,Fwd IAT Min,t-2,-0.0007900595664978027,benign
17874,Fwd IAT Std,t-2,0.0025925040245056152,attack
17874,Fwd IAT Tot,t-2,-0.0014739632606506348,benign
17874,Fwd PSH Flags,t-2,0.0007518529891967773,attack
17874,Fwd Pkt Len Max,t-2,-0.0008636713027954102,benign
17874,Fwd Pkt Len Mean,t-2,-0.000922858715057373,benign
17874,Fwd Pkt Len Min,t-2,-0.00045990943908691406,benign
17874,Fwd Pkt Len Std,t-2,0.000347137451171875,attack
17874,Fwd Pkts/s,t-2,0.0006558895111083984,attack
17874,Fwd Seg Size Avg,t-2,-0.00037294626235961914,benign
17874,Fwd Seg Size Min,t-2,0.00012683868408203125,attack
17874,Idle Max,t-2,-0.0004691481590270996,benign
17874,Idle Mean,t-2,-0.0008121132850646973,benign
17874,Idle Min,t-2,-0.00027954578399658203,benign
17874,Idle Std,t-2,0.0037499666213989258,attack
17874,Init Bwd Win Byts,t-2,0.0001990199089050293,attack
17874,Init Fwd Win Byts,t-2,-0.00034248828887939453,benign
17874,PSH Flag Cnt,t-2,-0.00045609474182128906,benign
17874,Pkt Len Max,t-2,0.0023749470710754395,attack
17874,Pkt Len Mean,t-2,-0.00026679039001464844,benign
17874,Pkt Len Min,t-2,-0.0012238025665283203,benign
17874,Pkt Len Std,t-2,0.0009723305702209473,attack
17874,Pkt Len Var,t-2,0.00038039684295654297,attack
17874,Pkt Size Avg,t-2,-0.0007519721984863281,benign
17874,RST Flag Cnt,t-2,-0.0015764832496643066,benign
17874,SYN Flag Cnt,t-2,0.000813901424407959,attack
17874,Subflow Bwd Byts,t-2,-3.1113624572753906e-05,benign
17874,Subflow Bwd Pkts,t-2,-4.6253204345703125e-05,benign
17874,Subflow Fwd Byts,t-2,-9.119510650634766e-05,benign
17874,Subflow Fwd Pkts,t-2,0.00010097026824951172,attack
17874,Tot Bwd Pkts,t-2,-0.00013440847396850586,benign
17874,Tot Fwd Pkts,t-2,0.00016129016876220703,attack
17874,TotLen Bwd Pkts,t-2,-7.170438766479492e-05,benign
17874,TotLen Fwd Pkts,t-2,-2.962350845336914e-05,benign
17874,URG Flag Cnt,t-2,-0.0009523630142211914,benign
17874,Protocol_0,t-2,-0.0002511739730834961,benign
17874,Protocol_6,t-2,0.00021964311599731445,attack
17874,Protocol_17,t-2,-0.001070857048034668,benign
17874,ACK Flag Cnt,t-1,0.0017568469047546387,attack
17874,Active Max,t-1,-0.0004087686538696289,benign
17874,Active Mean,t-1,6.151199340820312e-05,attack
17874,Active Min,t-1,-0.00017052888870239258,benign
17874,Active Std,t-1,-0.00013214349746704102,benign
17874,Bwd Header Len,t-1,-0.00011980533599853516,benign
17874,Bwd IAT Max,t-1,-0.00033593177795410156,benign
17874,Bwd IAT Mean,t-1,0.0011436939239501953,attack
17874,Bwd IAT Min,t-1,0.0005884766578674316,attack
17874,Bwd IAT Std,t-1,0.0004348158836364746,attack
17874,Bwd IAT Tot,t-1,-0.0002676248550415039,benign
17874,Bwd Pkt Len Max,t-1,0.0024595260620117188,attack
17874,Bwd Pkt Len Mean,t-1,-0.0020798444747924805,benign
17874,Bwd Pkt Len Min,t-1,-7.367134094238281e-05,benign
17874,Bwd Pkt Len Std,t-1,0.00384676456451416,attack
17874,Bwd Pkts/s,t-1,0.0014855265617370605,attack
17874,Bwd Seg Size Avg,t-1,0.0006996393203735352,attack
17874,Down/Up Ratio,t-1,-0.004731595516204834,benign
17874,ECE Flag Cnt,t-1,-0.0024938583374023438,benign
17874,Flow Byts/s,t-1,-4.851818084716797e-05,benign
17874,Flow Duration,t-1,0.0035762786865234375,attack
17874,Flow IAT Max,t-1,-0.0006609559059143066,benign
17874,Flow IAT Mean,t-1,-0.0017384886741638184,benign
17874,Flow IAT Min,t-1,-0.002169966697692871,benign
17874,Flow IAT Std,t-1,0.001904606819152832,attack
17874,Flow Pkts/s,t-1,-1.7404556274414062e-05,benign
17874,Fwd Act Data Pkts,t-1,5.435943603515625e-05,attack
17874,Fwd Header Len,t-1,-0.0009215474128723145,benign
17874,Fwd IAT Max,t-1,0.000652611255645752,attack
17874,Fwd IAT Mean,t-1,-0.0005906224250793457,benign
17874,Fwd IAT Min,t-1,-0.0015441179275512695,benign
17874,Fwd IAT Std,t-1,0.002200603485107422,attack
17874,Fwd IAT Tot,t-1,0.003748774528503418,attack
17874,Fwd PSH Flags,t-1,0.0007597208023071289,attack
17874,Fwd Pkt Len Max,t-1,-0.0024143457412719727,benign
17874,Fwd Pkt Len Mean,t-1,0.004331529140472412,attack
17874,Fwd Pkt Len Min,t-1,-0.0005143880844116211,benign
17874,Fwd Pkt Len Std,t-1,0.000931859016418457,attack
17874,Fwd Pkts/s,t-1,-0.000631868839263916,benign
17874,Fwd Seg Size Avg,t-1,0.0019624829292297363,attack
17874,Fwd Seg Size Min,t-1,0.002029240131378174,attack
17874,Idle Max,t-1,-0.001671910285949707,benign
17874,Idle Mean,t-1,2.86102294921875e-06,attack
17874,Idle Min,t-1,-0.0012451410293579102,benign
17874,Idle Std,t-1,-0.00023859739303588867,benign
17874,Init Bwd Win Byts,t-1,0.0012099742889404297,attack
17874,Init Fwd Win Byts,t-1,-0.004649460315704346,benign
17874,PSH Flag Cnt,t-1,-0.0012671947479248047,benign
17874,Pkt Len Max,t-1,0.003900468349456787,attack
17874,Pkt Len Mean,t-1,-0.0019677281379699707,benign
17874,Pkt Len Min,t-1,-0.0024085640907287598,benign
17874,Pkt Len Std,t-1,0.002329111099243164,attack
17874,Pkt Len Var,t-1,4.6372413635253906e-05,attack
17874,Pkt Size Avg,t-1,-0.0035639405250549316,benign
17874,RST Flag Cnt,t-1,-0.0035660862922668457,benign
17874,SYN Flag Cnt,t-1,0.0011432170867919922,attack
17874,Subflow Bwd Byts,t-1,1.6450881958007812e-05,attack
17874,Subflow Bwd Pkts,t-1,-0.0002586245536804199,benign
17874,Subflow Fwd Byts,t-1,-0.0002739429473876953,benign
17874,Subflow Fwd Pkts,t-1,-0.0010387301445007324,benign
17874,Tot Bwd Pkts,t-1,-0.00039839744567871094,benign
17874,Tot Fwd Pkts,t-1,-0.0006317496299743652,benign
17874,TotLen Bwd Pkts,t-1,-0.00015342235565185547,benign
17874,TotLen Fwd Pkts,t-1,-0.00029718875885009766,benign
17874,URG Flag Cnt,t-1,-0.00015336275100708008,benign
17874,Protocol_0,t-1,0.0003236532211303711,attack
17874,Protocol_6,t-1,-0.0006865859031677246,benign
17874,Protocol_17,t-1,-0.0011039972305297852,benign
17874,ACK Flag Cnt,t,-0.002971470355987549,benign
17874,Active Max,t,-0.00024569034576416016,benign
17874,Active Mean,t,0.0001824498176574707,attack
17874,Active Min,t,-1.0967254638671875e-05,benign
17874,Active Std,t,-0.0002218484878540039,benign
17874,Bwd Header Len,t,-1.4960765838623047e-05,benign
17874,Bwd IAT Max,t,0.00445556640625,attack
17874,Bwd IAT Mean,t,-1.4185905456542969e-05,benign
17874,Bwd IAT Min,t,0.00015121698379516602,attack
17874,Bwd IAT Std,t,-0.0027904510498046875,benign
17874,Bwd IAT Tot,t,0.0020042061805725098,attack
17874,Bwd Pkt Len Max,t,-0.003349900245666504,benign
17874,Bwd Pkt Len Mean,t,-7.30752944946289e-05,benign
17874,Bwd Pkt Len Min,t,-0.002346515655517578,benign
17874,Bwd Pkt Len Std,t,-0.0011923909187316895,benign
17874,Bwd Pkts/s,t,0.00020992755889892578,attack
17874,Bwd Seg Size Avg,t,-6.139278411865234e-06,benign
17874,Down/Up Ratio,t,0.0012731552124023438,attack
17874,ECE Flag Cnt,t,-0.0012728571891784668,benign
17874,Flow Byts/s,t,-6.788969039916992e-05,benign
17874,Flow Duration,t,-0.0020395517349243164,benign
17874,Flow IAT Max,t,0.0025977492332458496,attack
17874,Flow IAT Mean,t,-0.0011633038520812988,benign
17874,Flow IAT Min,t,-0.0018612146377563477,benign
17874,Flow IAT Std,t,-0.005129218101501465,benign
17874,Flow Pkts/s,t,-0.0001372694969177246,benign
17874,Fwd Act Data Pkts,t,-1.9609928131103516e-05,benign
17874,Fwd Header Len,t,-0.00034111738204956055,benign
17874,Fwd IAT Max,t,0.0015644431114196777,attack
17874,Fwd IAT Mean,t,-0.00038439035415649414,benign
17874,Fwd IAT Min,t,-0.0013757944107055664,benign
17874,Fwd IAT Std,t,-0.004254937171936035,benign
17874,Fwd IAT Tot,t,-0.004170477390289307,benign
17874,Fwd PSH Flags,t,0.0005165338516235352,attack
17874,Fwd Pkt Len Max,t,-0.0008612275123596191,benign
17874,Fwd Pkt Len Mean,t,-0.0011138916015625,benign
17874,Fwd Pkt Len Min,t,-0.0015129446983337402,benign
17874,Fwd Pkt Len Std,t,-0.0023488998413085938,benign
17874,Fwd Pkts/s,t,-0.00028628110885620117,benign
17874,Fwd Seg Size Avg,t,-0.0010641813278198242,benign
17874,Fwd Seg Size Min,t,0.001164555549621582,attack
17874,Idle Max,t,0.002235710620880127,attack
17874,Idle Mean,t,0.0008848905563354492,attack
17874,Idle Min,t,0.0004507899284362793,attack
17874,Idle Std,t,0.0012155771255493164,attack
17874,Init Bwd Win Byts,t,-0.0006734728813171387,benign
17874,Init Fwd Win Byts,t,-0.0005046725273132324,benign
17874,PSH Flag Cnt,t,-0.0003266334533691406,benign
17874,Pkt Len Max,t,-0.002517223358154297,benign
17874,Pkt Len Mean,t,0.00013059377670288086,attack
17874,Pkt Len Min,t,-0.0019907355308532715,benign
17874,Pkt Len Std,t,-0.0015153288841247559,benign
17874,Pkt Len Var,t,1.52587890625e-05,attack
17874,Pkt Size Avg,t,3.2186508178710938e-06,attack
17874,RST Flag Cnt,t,-0.0017547011375427246,benign
17874,SYN Flag Cnt,t,5.3942203521728516e-05,attack
17874,Subflow Bwd Byts,t,-5.513429641723633e-05,benign
17874,Subflow Bwd Pkts,t,-4.2378902435302734e-05,benign
17874,Subflow Fwd Byts,t,-4.279613494873047e-05,benign
17874,Subflow Fwd Pkts,t,-0.0004945993423461914,benign
17874,Tot Bwd Pkts,t,-3.3974647521972656e-05,benign
17874,Tot Fwd Pkts,t,-0.00014728307723999023,benign
17874,TotLen Bwd Pkts,t,-8.696317672729492e-05,benign
17874,TotLen Fwd Pkts,t,-8.428096771240234e-05,benign
17874,URG Flag Cnt,t,-0.0010834932327270508,benign
17874,Protocol_0,t,0.0004392862319946289,attack
17874,Protocol_6,t,-0.0005426406860351562,benign
17874,Protocol_17,t,-0.0007523298263549805,benign
18058,ACK Flag Cnt,t-9,0.0025438666343688965,attack
18058,Active Max,t-9,-5.65648078918457e-05,benign
18058,Active Mean,t-9,-0.00020512938499450684,benign
18058,Active Min,t-9,-0.00026047229766845703,benign
18058,Active Std,t-9,0.00026676058769226074,attack
18058,Bwd Header Len,t-9,8.562207221984863e-05,attack
18058,Bwd IAT Max,t-9,0.002916991710662842,attack
18058,Bwd IAT Mean,t-9,0.0019292831420898438,attack
18058,Bwd IAT Min,t-9,0.0025615394115448,attack
18058,Bwd IAT Std,t-9,-0.000800788402557373,benign
18058,Bwd IAT Tot,t-9,-0.0009435713291168213,benign
18058,Bwd Pkt Len Max,t-9,0.003528416156768799,attack
18058,Bwd Pkt Len Mean,t-9,-4.857778549194336e-05,benign
18058,Bwd Pkt Len Min,t-9,0.003368884325027466,attack
18058,Bwd Pkt Len Std,t-9,0.0033230185508728027,attack
18058,Bwd Pkts/s,t-9,-6.908178329467773e-05,benign
18058,Bwd Seg Size Avg,t-9,4.127621650695801e-05,attack
18058,Down/Up Ratio,t-9,0.0016565918922424316,attack
18058,ECE Flag Cnt,t-9,-0.00040209293365478516,benign
18058,Flow Byts/s,t-9,-0.0003332793712615967,benign
18058,Flow Duration,t-9,-0.00021192431449890137,benign
18058,Flow IAT Max,t-9,-0.001352846622467041,benign
18058,Flow IAT Mean,t-9,-0.0002906322479248047,benign
18058,Flow IAT Min,t-9,0.002768963575363159,attack
18058,Flow IAT Std,t-9,0.003514319658279419,attack
18058,Flow Pkts/s,t-9,-0.0002887248992919922,benign
18058,Fwd Act Data Pkts,t-9,2.434849739074707e-05,attack
18058,Fwd Header Len,t-9,2.753734588623047e-05,attack
18058,Fwd IAT Max,t-9,-0.0017556548118591309,benign
18058,Fwd IAT Mean,t-9,-0.006735324859619141,benign
18058,Fwd IAT Min,t-9,-0.008656561374664307,benign
18058,Fwd IAT Std,t-9,-0.0024378597736358643,benign
18058,Fwd IAT Tot,t-9,-0.0003014206886291504,benign
18058,Fwd PSH Flags,t-9,0.001105666160583496,attack
18058,Fwd Pkt Len Max,t-9,-0.0004774928092956543,benign
18058,Fwd Pkt Len Mean,t-9,0.0005186796188354492,attack
18058,Fwd Pkt Len Min,t-9,0.0004270970821380615,attack
18058,Fwd Pkt Len Std,t-9,0.0012103021144866943,attack
18058,Fwd Pkts/s,t-9,0.00011500716209411621,attack
18058,Fwd Seg Size Avg,t-9,-0.0008116662502288818,benign
18058,Fwd Seg Size Min,t-9,0.000791400671005249,attack
18058,Idle Max,t-9,-0.0022185444831848145,benign
18058,Idle Mean,t-9,-0.0029185712337493896,benign
18058,Idle Min,t-9,-0.003273904323577881,benign
18058,Idle Std,t-9,-0.0010572969913482666,benign
18058,Init Bwd Win Byts,t-9,0.001209169626235962,attack
18058,Init Fwd Win Byts,t-9,0.00045546889305114746,attack
18058,PSH Flag Cnt,t-9,-4.127621650695801e-05,benign
18058,Pkt Len Max,t-9,0.0005036592483520508,attack
18058,Pkt Len Mean,t-9,-0.00022140145301818848,benign
18058,Pkt Len Min,t-9,7.870793342590332e-05,attack
18058,Pkt Len Std,t-9,0.0001531541347503662,attack
18058,Pkt Len Var,t-9,-0.00018197298049926758,benign
18058,Pkt Size Avg,t-9,-0.0002085566520690918,benign
18058,RST Flag Cnt,t-9,-0.00024765729904174805,benign
18058,SYN Flag Cnt,t-9,-0.0003795623779296875,benign
18058,Subflow Bwd Byts,t-9,-4.7147274017333984e-05,benign
18058,Subflow Bwd Pkts,t-9,6.136298179626465e-05,attack
18058,Subflow Fwd Byts,t-9,6.714463233947754e-05,attack
18058,Subflow Fwd Pkts,t-9,0.0003465712070465088,attack
18058,Tot Bwd Pkts,t-9,0.00010058283805847168,attack
18058,Tot Fwd Pkts,t-9,0.00016900897026062012,attack
18058,TotLen Bwd Pkts,t-9,7.069110870361328e-05,attack
18058,TotLen Fwd Pkts,t-9,4.082918167114258e-05,attack
18058,URG Flag Cnt,t-9,0.001078784465789795,attack
18058,Protocol_0,t-9,0.002849757671356201,attack
18058,Protocol_6,t-9,6.452202796936035e-05,attack
18058,Protocol_17,t-9,-8.407235145568848e-05,benign
18058,ACK Flag Cnt,t-8,0.0026965439319610596,attack
18058,Active Max,t-8,0.00015541911125183105,attack
18058,Active Mean,t-8,-7.113814353942871e-05,benign
18058,Active Min,t-8,-5.7131052017211914e-05,benign
18058,Active Std,t-8,0.00027561187744140625,attack
18058,Bwd Header Len,t-8,0.00014078617095947266,attack
18058,Bwd IAT Max,t-8,-2.6017427444458008e-05,benign
18058,Bwd IAT Mean,t-8,4.112720489501953e-06,attack
18058,Bwd IAT Min,t-8,0.00011536478996276855,attack
18058,Bwd IAT Std,t-8,0.00021344423294067383,attack
18058,Bwd IAT Tot,t-8,-0.0008819997310638428,benign
18058,Bwd Pkt Len Max,t-8,-0.000235825777053833,benign
18058,Bwd Pkt Len Mean,t-8,-0.00019255280494689941,benign
18058,Bwd Pkt Len Min,t-8,-0.006643384695053101,benign
18058,Bwd Pkt Len Std,t-8,-0.001606374979019165,benign
18058,Bwd Pkts/s,t-8,0.0003158748149871826,attack
18058,Bwd Seg Size Avg,t-8,-7.88569450378418e-05,benign
18058,Down/Up Ratio,t-8,0.0020697414875030518,attack
18058,ECE Flag Cnt,t-8,-3.49879264831543e-05,benign
18058,Flow Byts/s,t-8,-7.346272468566895e-05,benign
18058,Flow Duration,t-8,-4.1365623474121094e-05,benign
18058,Flow IAT Max,t-8,0.0006801784038543701,attack
18058,Flow IAT Mean,t-8,0.0017482936382293701,attack
18058,Flow IAT Min,t-8,0.0019652247428894043,attack
18058,Flow IAT Std,t-8,-0.00019356608390808105,benign
18058,Flow Pkts/s,t-8,-6.48200511932373e-05,benign
18058,Fwd Act Data Pkts,t-8,1.5079975128173828e-05,attack
18058,Fwd Header Len,t-8,7.56382942199707e-05,attack
18058,Fwd IAT Max,t-8,0.00133475661277771,attack
18058,Fwd IAT Mean,t-8,0.001829981803894043,attack
18058,Fwd IAT Min,t-8,0.0025713741779327393,attack
18058,Fwd IAT Std,t-8,-0.0003554821014404297,benign
18058,Fwd IAT Tot,t-8,-7.271766662597656e-06,benign
18058,Fwd PSH Flags,t-8,0.0010290145874023438,attack
18058,Fwd Pkt Len Max,t-8,-0.00015038251876831055,benign
18058,Fwd Pkt Len Mean,t-8,2.4139881134033203e-05,attack
18058,Fwd Pkt Len Min,t-8,4.26173210144043e-06,attack
18058,Fwd Pkt Len Std,t-8,-0.00029754638671875,benign
18058,Fwd Pkts/s,t-8,0.0001964867115020752,attack
18058,Fwd Seg Size Avg,t-8,1.2695789337158203e-05,attack
18058,Fwd Seg Size Min,t-8,-2.8699636459350586e-05,benign
18058,Idle Max,t-8,0.0008848011493682861,attack
18058,Idle Mean,t-8,0.0011500418186187744,attack
18058,Idle Min,t-8,0.0016038119792938232,attack
18058,Idle Std,t-8,0.000552058219909668,attack
18058,Init Bwd Win Byts,t-8,-0.00045487284660339355,benign
18058,Init Fwd Win Byts,t-8,0.0008661746978759766,attack
18058,PSH Flag Cnt,t-8,-5.474686622619629e-05,benign
18058,Pkt Len Max,t-8,-0.0002543032169342041,benign
18058,Pkt Len Mean,t-8,-6.556510925292969e-06,benign
18058,Pkt Len Min,t-8,0.0003567039966583252,attack
18058,Pkt Len Std,t-8,-3.606081008911133e-05,benign
18058,Pkt Len Var,t-8,0.00039121508598327637,attack
18058,Pkt Size Avg,t-8,-0.00015404820442199707,benign
18058,RST Flag Cnt,t-8,0.0003813207149505615,attack
18058,SYN Flag Cnt,t-8,-0.00047272443771362305,benign
18058,Subflow Bwd Byts,t-8,6.955862045288086e-05,attack
18058,Subflow Bwd Pkts,t-8,0.00014603137969970703,attack
18058,Subflow Fwd Byts,t-8,0.00010055303573608398,attack
18058,Subflow Fwd Pkts,t-8,0.0003498494625091553,attack
18058,Tot Bwd Pkts,t-8,0.00016200542449951172,attack
18058,Tot Fwd Pkts,t-8,0.00020876526832580566,attack
18058,TotLen Bwd Pkts,t-8,0.00017404556274414062,attack
18058,TotLen Fwd Pkts,t-8,6.121397018432617e-05,attack
18058,URG Flag Cnt,t-8,-0.0015101432800292969,benign
18058,Protocol_0,t-8,-0.0005533993244171143,benign
18058,Protocol_6,t-8,-0.0006451904773712158,benign
18058,Protocol_17,t-8,0.0005589425563812256,attack
18058,ACK Flag Cnt,t-7,0.0014942288398742676,attack
18058,Active Max,t-7,0.00020450353622436523,attack
18058,Active Mean,t-7,-8.71121883392334e-05,benign
18058,Active Min,t-7,2.1249055862426758e-05,attack
18058,Active Std,t-7,0.00045052170753479004,attack
18058,Bwd Header Len,t-7,-0.00036659836769104004,benign
18058,Bwd IAT Max,t-7,0.00243261456489563,attack
18058,Bwd IAT Mean,t-7,0.002820909023284912,attack
18058,Bwd IAT Min,t-7,0.002626180648803711,attack
18058,Bwd IAT Std,t-7,0.00012823939323425293,attack
18058,Bwd IAT Tot,t-7,-0.0005457699298858643,benign
18058,Bwd Pkt Len Max,t-7,-0.00103035569190979,benign
18058,Bwd Pkt Len Mean,t-7,-0.0014566779136657715,benign
18058,Bwd Pkt Len Min,t-7,-0.010862588882446289,benign
18058,Bwd Pkt Len Std,t-7,-0.0012587010860443115,benign
18058,Bwd Pkts/s,t-7,9.566545486450195e-05,attack
18058,Bwd Seg Size Avg,t-7,0.0012607872486114502,attack
18058,Down/Up Ratio,t-7,0.0011526942253112793,attack
18058,ECE Flag Cnt,t-7,-0.0046069324016571045,benign
18058,Flow Byts/s,t-7,-0.0002885758876800537,benign
18058,Flow Duration,t-7,1.436471939086914e-05,attack
18058,Flow IAT Max,t-7,-0.0006872415542602539,benign
18058,Flow IAT Mean,t-7,0.002843707799911499,attack
18058,Flow IAT Min,t-7,0.0050394535064697266,attack
18058,Flow IAT Std,t-7,0.0025362372398376465,attack
18058,Flow Pkts/s,t-7,-0.0005679726600646973,benign
18058,Fwd Act Data Pkts,t-7,-1.1742115020751953e-05,benign
18058,Fwd Header Len,t-7,-0.00010371208190917969,benign
18058,Fwd IAT Max,t-7,-0.0012389123439788818,benign
18058,Fwd IAT Mean,t-7,-0.0004093348979949951,benign
18058,Fwd IAT Min,t-7,-0.001160949468612671,benign
18058,Fwd IAT Std,t-7,-0.0003922879695892334,benign
18058,Fwd IAT Tot,t-7,7.036328315734863e-05,attack
18058,Fwd PSH Flags,t-7,-0.0016401410102844238,benign
18058,Fwd Pkt Len Max,t-7,0.0005046427249908447,attack
18058,Fwd Pkt Len Mean,t-7,-0.0007095038890838623,benign
18058,Fwd Pkt Len Min,t-7,-0.0006154477596282959,benign
18058,Fwd Pkt Len Std,t-7,-0.00037413835525512695,benign
18058,Fwd Pkts/s,t-7,-0.00030419230461120605,benign
18058,Fwd Seg Size Avg,t-7,-6.517767906188965e-05,benign
18058,Fwd Seg Size Min,t-7,0.002503514289855957,attack
18058,Idle Max,t-7,-0.0013602972030639648,benign
18058,Idle Mean,t-7,-0.001549452543258667,benign
18058,Idle Min,t-7,-0.002493917942047119,benign
18058,Idle Std,t-7,-0.0006112158298492432,benign
18058,Init Bwd Win Byts,t-7,-0.0011293888092041016,benign
18058,Init Fwd Win Byts,t-7,0.006909608840942383,attack
18058,PSH Flag Cnt,t-7,-1.4692544937133789e-05,benign
18058,Pkt Len Max,t-7,-0.0008660256862640381,benign
18058,Pkt Len Mean,t-7,-0.0004285573959350586,benign
18058,Pkt Len Min,t-7,0.00015911459922790527,attack
18058,Pkt Len Std,t-7,3.355741500854492e-05,attack
18058,Pkt Len Var,t-7,0.00021392107009887695,attack
18058,Pkt Size Avg,t-7,-0.0014557242393493652,benign
18058,RST Flag Cnt,t-7,-0.004745006561279297,benign
18058,SYN Flag Cnt,t-7,-0.0007078945636749268,benign
18058,Subflow Bwd Byts,t-7,-2.8192996978759766e-05,benign
18058,Subflow Bwd Pkts,t-7,-0.00026851892471313477,benign
18058,Subflow Fwd Byts,t-7,-7.88569450378418e-05,benign
18058,Subflow Fwd Pkts,t-7,-0.000907599925994873,benign
18058,Tot Bwd Pkts,t-7,-0.00031453371047973633,benign
18058,Tot Fwd Pkts,t-7,-0.00062599778175354,benign
18058,TotLen Bwd Pkts,t-7,-0.00013244152069091797,benign
18058,TotLen Fwd Pkts,t-7,-3.692507743835449e-05,benign
18058,URG Flag Cnt,t-7,-0.0010490715503692627,benign
18058,Protocol_0,t-7,0.0006492137908935547,attack
18058,Protocol_6,t-7,-0.00015181303024291992,benign
18058,Protocol_17,t-7,-0.0007332265377044678,benign
18058,ACK Flag Cnt,t-6,0.0010606050491333008,attack
18058,Active Max,t-6,6.48200511932373e-05,attack
18058,Active Mean,t-6,-0.00015151500701904297,benign
18058,Active Min,t-6,-5.7637691497802734e-05,benign
18058,Active Std,t-6,0.00041165947914123535,attack
18058,Bwd Header Len,t-6,-0.00045803189277648926,benign
18058,Bwd IAT Max,t-6,0.0019882023334503174,attack
18058,Bwd IAT Mean,t-6,0.00023248791694641113,attack
18058,Bwd IAT Min,t-6,0.0013094544410705566,attack
18058,Bwd IAT Std,t-6,0.0003064572811126709,attack
18058,Bwd IAT Tot,t-6,-0.0025639235973358154,benign
18058,Bwd Pkt Len Max,t-6,0.0008161962032318115,attack
18058,Bwd Pkt Len Mean,t-6,-0.0008719265460968018,benign
18058,Bwd Pkt Len Min,t-6,-0.0057225823402404785,benign
18058,Bwd Pkt Len Std,t-6,0.001475602388381958,attack
18058,Bwd Pkts/s,t-6,0.00019422173500061035,attack
18058,Bwd Seg Size Avg,t-6,0.0012532174587249756,attack
18058,Down/Up Ratio,t-6,0.0007980763912200928,attack
18058,ECE Flag Cnt,t-6,-0.0027429163455963135,benign
18058,Flow Byts/s,t-6,-0.00015276670455932617,benign
18058,Flow Duration,t-6,0.000350266695022583,attack
18058,Flow IAT Max,t-6,-0.0010028481483459473,benign
18058,Flow IAT Mean,t-6,0.0018200576305389404,attack
18058,Flow IAT Min,t-6,0.0036916732788085938,attack
18058,Flow IAT Std,t-6,0.0018078982830047607,attack
18058,Flow Pkts/s,t-6,-0.0005736947059631348,benign
18058,Fwd Act Data Pkts,t-6,0.00013148784637451172,attack
18058,Fwd Header Len,t-6,-2.5957822799682617e-05,benign
18058,Fwd IAT Max,t-6,-0.0011159181594848633,benign
18058,Fwd IAT Mean,t-6,0.0001118779182434082,attack
18058,Fwd IAT Min,t-6,0.0012818872928619385,attack
18058,Fwd IAT Std,t-6,0.001970529556274414,attack
18058,Fwd IAT Tot,t-6,0.0005873143672943115,attack
18058,Fwd PSH Flags,t-6,0.00010600686073303223,attack
18058,Fwd Pkt Len Max,t-6,0.000790327787399292,attack
18058,Fwd Pkt Len Mean,t-6,-0.00026986002922058105,benign
18058,Fwd Pkt Len Min,t-6,-0.00020551681518554688,benign
18058,Fwd Pkt Len Std,t-6,0.0004271864891052246,attack
18058,Fwd Pkts/s,t-6,-0.000291675329208374,benign
18058,Fwd Seg Size Avg,t-6,0.00011521577835083008,attack
18058,Fwd Seg Size Min,t-6,0.0015658736228942871,attack
18058,Idle Max,t-6,-0.0019289851188659668,benign
18058,Idle Mean,t-6,-0.0019219815731048584,benign
18058,Idle Min,t-6,-0.0029671788215637207,benign
18058,Idle Std,t-6,-0.0001513063907623291,benign
18058,Init Bwd Win Byts,t-6,-0.0004412531852722168,benign
18058,Init Fwd Win Byts,t-6,0.0033456385135650635,attack
18058,PSH Flag Cnt,t-6,0.00027316808700561523,attack
18058,Pkt Len Max,t-6,0.00015470385551452637,attack
18058,Pkt Len Mean,t-6,0.00010773539543151855,attack
18058,Pkt Len Min,t-6,4.1544437408447266e-05,attack
18058,Pkt Len Std,t-6,0.00022107362747192383,attack
18058,Pkt Len Var,t-6,0.00016301870346069336,attack
18058,Pkt Size Avg,t-6,-0.0007035732269287109,benign
18058,RST Flag Cnt,t-6,-0.0025765299797058105,benign
18058,SYN Flag Cnt,t-6,0.00018545985221862793,attack
18058,Subflow Bwd Byts,t-6,-3.9458274841308594e-05,benign
18058,Subflow Bwd Pkts,t-6,-0.00011399388313293457,benign
18058,Subflow Fwd Byts,t-6,-8.082389831542969e-05,benign
18058,Subflow Fwd Pkts,t-6,-0.0008974671363830566,benign
18058,Tot Bwd Pkts,t-6,-0.00022846460342407227,benign
18058,Tot Fwd Pkts,t-6,-0.0006056129932403564,benign
18058,TotLen Bwd Pkts,t-6,-0.00011399388313293457,benign
18058,TotLen Fwd Pkts,t-6,-7.778406143188477e-06,benign
18058,URG Flag Cnt,t-6,-0.0010193884372711182,benign
18058,Protocol_0,t-6,-0.00017893314361572266,benign
18058,Protocol_6,t-6,0.00023290514945983887,attack
18058,Protocol_17,t-6,-0.0004196465015411377,benign
18058,ACK Flag Cnt,t-5,0.002562105655670166,attack
18058,Active Max,t-5,2.2351741790771484e-05,attack
18058,Active Mean,t-5,-6.598234176635742e-05,benign
18058,Active Min,t-5,2.4557113647460938e-05,attack
18058,Active Std,t-5,0.00031447410583496094,attack
18058,Bwd Header Len,t-5,-0.00017595291137695312,benign
18058,Bwd IAT Max,t-5,0.00016492605209350586,attack
18058,Bwd IAT Mean,t-5,1.3530254364013672e-05,attack
18058,Bwd IAT Min,t-5,5.6743621826171875e-05,attack
18058,Bwd IAT Std,t-5,6.395578384399414e-05,attack
18058,Bwd IAT Tot,t-5,-0.0030041635036468506,benign
18058,Bwd Pkt Len Max,t-5,0.000588536262512207,attack
18058,Bwd Pkt Len Mean,t-5,-0.0014871954917907715,benign
18058,Bwd Pkt Len Min,t-5,-0.00544092059135437,benign
18058,Bwd Pkt Len Std,t-5,0.0007948577404022217,attack
18058,Bwd Pkts/s,t-5,7.474422454833984e-05,attack
18058,Bwd Seg Size Avg,t-5,-0.0004430711269378662,benign
18058,Down/Up Ratio,t-5,0.0009213685989379883,attack
18058,ECE Flag Cnt,t-5,0.00046497583389282227,attack
18058,Flow Byts/s,t-5,7.623434066772461e-05,attack
18058,Flow Duration,t-5,2.4139881134033203e-05,attack
18058,Flow IAT Max,t-5,0.00020012259483337402,attack
18058,Flow IAT Mean,t-5,0.0014750659465789795,attack
18058,Flow IAT Min,t-5,0.0018498897552490234,attack
18058,Flow IAT Std,t-5,6.29723072052002e-05,attack
18058,Flow Pkts/s,t-5,-0.00032138824462890625,benign
18058,Fwd Act Data Pkts,t-5,7.602572441101074e-05,attack
18058,Fwd Header Len,t-5,-5.4448843002319336e-05,benign
18058,Fwd IAT Max,t-5,0.0007061958312988281,attack
18058,Fwd IAT Mean,t-5,0.0014851391315460205,attack
18058,Fwd IAT Min,t-5,0.002337247133255005,attack
18058,Fwd IAT Std,t-5,0.0003286302089691162,attack
18058,Fwd IAT Tot,t-5,4.845857620239258e-05,attack
18058,Fwd PSH Flags,t-5,-0.0001607835292816162,benign
18058,Fwd Pkt Len Max,t-5,-3.2514333724975586e-05,benign
18058,Fwd Pkt Len Mean,t-5,5.84721565246582e-05,attack
18058,Fwd Pkt Len Min,t-5,-0.00023949146270751953,benign
18058,Fwd Pkt Len Std,t-5,-2.6851892471313477e-05,benign
18058,Fwd Pkts/s,t-5,2.1576881408691406e-05,attack
18058,Fwd Seg Size Avg,t-5,1.6629695892333984e-05,attack
18058,Fwd Seg Size Min,t-5,-0.0004698038101196289,benign
18058,Idle Max,t-5,0.0005894005298614502,attack
18058,Idle Mean,t-5,0.0003841221332550049,attack
18058,Idle Min,t-5,0.000515282154083252,attack
18058,Idle Std,t-5,-0.00015610456466674805,benign
18058,Init Bwd Win Byts,t-5,-0.00039714574813842773,benign
18058,Init Fwd Win Byts,t-5,0.0017387568950653076,attack
18058,PSH Flag Cnt,t-5,0.0001481175422668457,attack
18058,Pkt Len Max,t-5,-7.155537605285645e-05,benign
18058,Pkt Len Mean,t-5,0.0001004338264465332,attack
18058,Pkt Len Min,t-5,6.61015510559082e-05,attack
18058,Pkt Len Std,t-5,-0.00018098950386047363,benign
18058,Pkt Len Var,t-5,-0.00014740228652954102,benign
18058,Pkt Size Avg,t-5,-0.0006591379642486572,benign
18058,RST Flag Cnt,t-5,-0.0003680586814880371,benign
18058,SYN Flag Cnt,t-5,-0.0006049871444702148,benign
18058,Subflow Bwd Byts,t-5,-9.515881538391113e-05,benign
18058,Subflow Bwd Pkts,t-5,-8.45789909362793e-05,benign
18058,Subflow Fwd Byts,t-5,-9.179115295410156e-06,benign
18058,Subflow Fwd Pkts,t-5,-0.0003021359443664551,benign
18058,Tot Bwd Pkts,t-5,-3.8743019104003906e-05,benign
18058,Tot Fwd Pkts,t-5,-0.0002766847610473633,benign
18058,TotLen Bwd Pkts,t-5,-5.6624412536621094e-05,benign
18058,TotLen Fwd Pkts,t-5,1.7911195755004883e-05,attack
18058,URG Flag Cnt,t-5,-0.0013482868671417236,benign
18058,Protocol_0,t-5,-0.00048422813415527344,benign
18058,Protocol_6,t-5,0.0005230903625488281,attack
18058,Protocol_17,t-5,-0.00059470534324646,benign
18058,ACK Flag Cnt,t-4,0.0024493038654327393,attack
18058,Active Max,t-4,0.0001334846019744873,attack
18058,Active Mean,t-4,-1.2636184692382812e-05,benign
18058,Active Min,t-4,0.00011649727821350098,attack
18058,Active Std,t-4,0.0002677738666534424,attack
18058,Bwd Header Len,t-4,-0.00013589859008789062,benign
18058,Bwd IAT Max,t-4,0.00026911497116088867,attack
18058,Bwd IAT Mean,t-4,-4.64022159576416e-05,benign
18058,Bwd IAT Min,t-4,-0.0005082786083221436,benign
18058,Bwd IAT Std,t-4,0.00010064244270324707,attack
18058,Bwd IAT Tot,t-4,-0.0042400062084198,benign
18058,Bwd Pkt Len Max,t-4,-0.0005838572978973389,benign
18058,Bwd Pkt Len Mean,t-4,0.0001768171787261963,attack
18058,Bwd Pkt Len Min,t-4,-0.004706740379333496,benign
18058,Bwd Pkt Len Std,t-4,0.0022438764572143555,attack
18058,Bwd Pkts/s,t-4,-5.683302879333496e-05,benign
18058,Bwd Seg Size Avg,t-4,0.0025035738945007324,attack
18058,Down/Up Ratio,t-4,0.0015932917594909668,attack
18058,ECE Flag Cnt,t-4,0.01399165391921997,attack
18058,Flow Byts/s,t-4,-0.00016933679580688477,benign
18058,Flow Duration,t-4,0.0009725987911224365,attack
18058,Flow IAT Max,t-4,0.0007286369800567627,attack
18058,Flow IAT Mean,t-4,0.0033778250217437744,attack
18058,Flow IAT Min,t-4,0.004853546619415283,attack
18058,Flow IAT Std,t-4,0.000763237476348877,attack
18058,Flow Pkts/s,t-4,-0.0009050071239471436,benign
18058,Fwd Act Data Pkts,t-4,0.0013676285743713379,attack
18058,Fwd Header Len,t-4,0.00248834490776062,attack
18058,Fwd IAT Max,t-4,0.0012601912021636963,attack
18058,Fwd IAT Mean,t-4,0.0021601617336273193,attack
18058,Fwd IAT Min,t-4,0.004378169775009155,attack
18058,Fwd IAT Std,t-4,0.0005671083927154541,attack
18058,Fwd IAT Tot,t-4,0.0003972649574279785,attack
18058,Fwd PSH Flags,t-4,1.481175422668457e-05,attack
18058,Fwd Pkt Len Max,t-4,8.320808410644531e-05,attack
18058,Fwd Pkt Len Mean,t-4,-0.00024119019508361816,benign
18058,Fwd Pkt Len Min,t-4,-0.0002416074275970459,benign
18058,Fwd Pkt Len Std,t-4,0.00022807717323303223,attack
18058,Fwd Pkts/s,t-4,-0.0003579556941986084,benign
18058,Fwd Seg Size Avg,t-4,3.567337989807129e-05,attack
18058,Fwd Seg Size Min,t-4,0.0022566616535186768,attack
18058,Idle Max,t-4,0.001340627670288086,attack
18058,Idle Mean,t-4,0.0010147690773010254,attack
18058,Idle Min,t-4,0.0012687742710113525,attack
18058,Idle Std,t-4,0.00036072731018066406,attack
18058,Init Bwd Win Byts,t-4,0.0017636418342590332,attack
18058,Init Fwd Win Byts,t-4,0.003682851791381836,attack
18058,PSH Flag Cnt,t-4,0.0018250644207000732,attack
18058,Pkt Len Max,t-4,-0.0007249116897583008,benign
18058,Pkt Len Mean,t-4,0.0005493462085723877,attack
18058,Pkt Len Min,t-4,-0.00012633204460144043,benign
18058,Pkt Len Std,t-4,-0.0009638369083404541,benign
18058,Pkt Len Var,t-4,0.0027520954608917236,attack
18058,Pkt Size Avg,t-4,-0.0006503760814666748,benign
18058,RST Flag Cnt,t-4,0.011724233627319336,attack
18058,SYN Flag Cnt,t-4,4.559755325317383e-06,attack
18058,Subflow Bwd Byts,t-4,2.1785497665405273e-05,attack
18058,Subflow Bwd Pkts,t-4,0.0005300641059875488,attack
18058,Subflow Fwd Byts,t-4,-0.00014343857765197754,benign
18058,Subflow Fwd Pkts,t-4,0.001278519630432129,attack
18058,Tot Bwd Pkts,t-4,-2.8014183044433594e-06,benign
18058,Tot Fwd Pkts,t-4,-1.7583370208740234e-05,benign
18058,TotLen Bwd Pkts,t-4,-1.195073127746582e-05,benign
18058,TotLen Fwd Pkts,t-4,0.00024083256721496582,attack
18058,URG Flag Cnt,t-4,-0.0010809004306793213,benign
18058,Protocol_0,t-4,0.00012442469596862793,attack
18058,Protocol_6,t-4,0.000470578670501709,attack
18058,Protocol_17,t-4,-5.620718002319336e-05,benign
18058,ACK Flag Cnt,t-3,-0.01887837052345276,benign
18058,Active Max,t-3,0.00042873620986938477,attack
18058,Active Mean,t-3,8.189678192138672e-05,attack
18058,Active Min,t-3,5.7697296142578125e-05,attack
18058,Active Std,t-3,0.0006891489028930664,attack
18058,Bwd Header Len,t-3,-0.0006856918334960938,benign
18058,Bwd IAT Max,t-3,0.0005603432655334473,attack
18058,Bwd IAT Mean,t-3,-0.0002948343753814697,benign
18058,Bwd IAT Min,t-3,-0.0009879469871520996,benign
18058,Bwd IAT Std,t-3,0.0010520219802856445,attack
18058,Bwd IAT Tot,t-3,-0.0008048415184020996,benign
18058,Bwd Pkt Len Max,t-3,0.001707524061203003,attack
18058,Bwd Pkt Len Mean,t-3,-0.00034096837043762207,benign
18058,Bwd Pkt Len Min,t-3,-0.013311177492141724,benign
18058,Bwd Pkt Len Std,t-3,0.0015006959438323975,attack
18058,Bwd Pkts/s,t-3,-0.0003218352794647217,benign
18058,Bwd Seg Size Avg,t-3,0.0038985610008239746,attack
18058,Down/Up Ratio,t-3,0.00018453598022460938,attack
18058,ECE Flag Cnt,t-3,-0.014824509620666504,benign
18058,Flow Byts/s,t-3,-0.00020208954811096191,benign
18058,Flow Duration,t-3,0.0014989376068115234,attack
18058,Flow IAT Max,t-3,0.0014887750148773193,attack
18058,Flow IAT Mean,t-3,0.0072190165519714355,attack
18058,Flow IAT Min,t-3,0.009738385677337646,attack
18058,Flow IAT Std,t-3,0.0021521449089050293,attack
18058,Flow Pkts/s,t-3,-0.0007478892803192139,benign
18058,Fwd Act Data Pkts,t-3,0.0016286671161651611,attack
18058,Fwd Header Len,t-3,0.002179861068725586,attack
18058,Fwd IAT Max,t-3,0.0023831725120544434,attack
18058,Fwd IAT Mean,t-3,0.005340784788131714,attack
18058,Fwd IAT Min,t-3,0.009257078170776367,attack
18058,Fwd IAT Std,t-3,0.0033884942531585693,attack
18058,Fwd IAT Tot,t-3,0.0014645755290985107,attack
18058,Fwd PSH Flags,t-3,0.002334028482437134,attack
18058,Fwd Pkt Len Max,t-3,0.0008973777294158936,attack
18058,Fwd Pkt Len Mean,t-3,-0.0002821385860443115,benign
18058,Fwd Pkt Len Min,t-3,-2.6941299438476562e-05,benign
18058,Fwd Pkt Len Std,t-3,0.0007683634757995605,attack
18058,Fwd Pkts/s,t-3,-0.0006544589996337891,benign
18058,Fwd Seg Size Avg,t-3,0.00043383240699768066,attack
18058,Fwd Seg Size Min,t-3,0.003564119338989258,attack
18058,Idle Max,t-3,0.002438098192214966,attack
18058,Idle Mean,t-3,0.0015565454959869385,attack
18058,Idle Min,t-3,0.0020603835582733154,attack
18058,Idle Std,t-3,0.00010275840759277344,attack
18058,Init Bwd Win Byts,t-3,0.002141237258911133,attack
18058,Init Fwd Win Byts,t-3,-0.000758737325668335,benign
18058,PSH Flag Cnt,t-3,-5.558133125305176e-05,benign
18058,Pkt Len Max,t-3,4.416704177856445e-05,attack
18058,Pkt Len Mean,t-3,0.0005009472370147705,attack
18058,Pkt Len Min,t-3,0.0001010596752166748,attack
18058,Pkt Len Std,t-3,0.001290351152420044,attack
18058,Pkt Len Var,t-3,0.0012811720371246338,attack
18058,Pkt Size Avg,t-3,-0.000428617000579834,benign
18058,RST Flag Cnt,t-3,-0.011466920375823975,benign
18058,SYN Flag Cnt,t-3,0.0024143457412719727,attack
18058,Subflow Bwd Byts,t-3,-7.262825965881348e-05,benign
18058,Subflow Bwd Pkts,t-3,0.0006529390811920166,attack
18058,Subflow Fwd Byts,t-3,-0.0005281567573547363,benign
18058,Subflow Fwd Pkts,t-3,-0.001904219388961792,benign
18058,Tot Bwd Pkts,t-3,-8.031725883483887e-05,benign
18058,Tot Fwd Pkts,t-3,-0.0018373429775238037,benign
18058,TotLen Bwd Pkts,t-3,-0.00014671683311462402,benign
18058,TotLen Fwd Pkts,t-3,0.0001227855682373047,attack
18058,URG Flag Cnt,t-3,-0.0017737746238708496,benign
18058,Protocol_0,t-3,0.00037676095962524414,attack
18058,Protocol_6,t-3,0.0012950003147125244,attack
18058,Protocol_17,t-3,-0.0005148053169250488,benign
18058,ACK Flag Cnt,t-2,0.0021513402462005615,attack
18058,Active Max,t-2,1.704692840576172e-05,attack
18058,Active Mean,t-2,-0.0001997053623199463,benign
18058,Active Min,t-2,-0.0003146231174468994,benign
18058,Active Std,t-2,0.000501096248626709,attack
18058,Bwd Header Len,t-2,-9.21487808227539e-05,benign
18058,Bwd IAT Max,t-2,0.001063615083694458,attack
18058,Bwd IAT Mean,t-2,0.0002738535404205322,attack
18058,Bwd IAT Min,t-2,-2.664327621459961e-05,benign
18058,Bwd IAT Std,t-2,0.0005956888198852539,attack
18058,Bwd IAT Tot,t-2,-0.00444185733795166,benign
18058,Bwd Pkt Len Max,t-2,0.0016127228736877441,attack
18058,Bwd Pkt Len Mean,t-2,-0.006229102611541748,benign
18058,Bwd Pkt Len Min,t-2,-0.008364647626876831,benign
18058,Bwd Pkt Len Std,t-2,0.0003547072410583496,attack
18058,Bwd Pkts/s,t-2,-0.0001468360424041748,benign
18058,Bwd Seg Size Avg,t-2,-0.0025982558727264404,benign
18058,Down/Up Ratio,t-2,0.00043654441833496094,attack
18058,ECE Flag Cnt,t-2,0.0002459585666656494,attack
18058,Flow Byts/s,t-2,-1.2934207916259766e-05,benign
18058,Flow Duration,t-2,0.00014019012451171875,attack
18058,Flow IAT Max,t-2,0.00017589330673217773,attack
18058,Flow IAT Mean,t-2,0.0015430450439453125,attack
18058,Flow IAT Min,t-2,0.0027369558811187744,attack
18058,Flow IAT Std,t-2,0.0011741220951080322,attack
18058,Flow Pkts/s,t-2,-0.0010238885879516602,benign
18058,Fwd Act Data Pkts,t-2,-0.00032195448875427246,benign
18058,Fwd Header Len,t-2,0.00010055303573608398,attack
18058,Fwd IAT Max,t-2,0.0010923147201538086,attack
18058,Fwd IAT Mean,t-2,0.0026871562004089355,attack
18058,Fwd IAT Min,t-2,0.0028853416442871094,attack
18058,Fwd IAT Std,t-2,0.0014901459217071533,attack
18058,Fwd IAT Tot,t-2,-9.515881538391113e-05,benign
18058,Fwd PSH Flags,t-2,-0.0032996535301208496,benign
18058,Fwd Pkt Len Max,t-2,0.00023320317268371582,attack
18058,Fwd Pkt Len Mean,t-2,0.00013193488121032715,attack
18058,Fwd Pkt Len Min,t-2,0.0010559260845184326,attack
18058,Fwd Pkt Len Std,t-2,6.368756294250488e-05,attack
18058,Fwd Pkts/s,t-2,-0.0008428692817687988,benign
18058,Fwd Seg Size Avg,t-2,3.701448440551758e-05,attack
18058,Fwd Seg Size Min,t-2,-0.004035830497741699,benign
18058,Idle Max,t-2,0.000438690185546875,attack
18058,Idle Mean,t-2,8.952617645263672e-05,attack
18058,Idle Min,t-2,0.0006570518016815186,attack
18058,Idle Std,t-2,-0.0008852481842041016,benign
18058,Init Bwd Win Byts,t-2,-0.0006018280982971191,benign
18058,Init Fwd Win Byts,t-2,0.0004583299160003662,attack
18058,PSH Flag Cnt,t-2,0.00021377205848693848,attack
18058,Pkt Len Max,t-2,-8.71121883392334e-05,benign
18058,Pkt Len Mean,t-2,-0.0015125274658203125,benign
18058,Pkt Len Min,t-2,0.0010727345943450928,attack
18058,Pkt Len Std,t-2,0.0005583465099334717,attack
18058,Pkt Len Var,t-2,-0.0009785890579223633,benign
18058,Pkt Size Avg,t-2,-0.0010457336902618408,benign
18058,RST Flag Cnt,t-2,-0.00031957030296325684,benign
18058,SYN Flag Cnt,t-2,-0.0029093921184539795,benign
18058,Subflow Bwd Byts,t-2,5.960464477539062e-07,attack
18058,Subflow Bwd Pkts,t-2,0.00012931227684020996,attack
18058,Subflow Fwd Byts,t-2,-7.742643356323242e-05,benign
18058,Subflow Fwd Pkts,t-2,-0.0008220374584197998,benign
18058,Tot Bwd Pkts,t-2,6.771087646484375e-05,attack
18058,Tot Fwd Pkts,t-2,-0.0006306469440460205,benign
18058,TotLen Bwd Pkts,t-2,-7.18235969543457e-06,benign
18058,TotLen Fwd Pkts,t-2,4.45246696472168e-05,attack
18058,URG Flag Cnt,t-2,-0.0021362006664276123,benign
18058,Protocol_0,t-2,-0.0009187459945678711,benign
18058,Protocol_6,t-2,0.0009659826755523682,attack
18058,Protocol_17,t-2,-0.0003604590892791748,benign
18058,ACK Flag Cnt,t-1,-0.011956661939620972,benign
18058,Active Max,t-1,-0.0004564821720123291,benign
18058,Active Mean,t-1,-0.0004700124263763428,benign
18058,Active Min,t-1,-0.0003439188003540039,benign
18058,Active Std,t-1,-0.0003237128257751465,benign
18058,Bwd Header Len,t-1,-0.00011453032493591309,benign
18058,Bwd IAT Max,t-1,0.002767890691757202,attack
18058,Bwd IAT Mean,t-1,-0.004695296287536621,benign
18058,Bwd IAT Min,t-1,-0.013821691274642944,benign
18058,Bwd IAT Std,t-1,0.00030225515365600586,attack
18058,Bwd IAT Tot,t-1,-0.0004163980484008789,benign
18058,Bwd Pkt Len Max,t-1,-0.0003439784049987793,benign
18058,Bwd Pkt Len Mean,t-1,-0.0002937018871307373,benign
18058,Bwd Pkt Len Min,t-1,0.0006799995899200439,attack
18058,Bwd Pkt Len Std,t-1,0.00012257695198059082,attack
18058,Bwd Pkts/s,t-1,-0.0017929673194885254,benign
18058,Bwd Seg Size Avg,t-1,-0.00021851062774658203,benign
18058,Down/Up Ratio,t-1,0.004565834999084473,attack
18058,ECE Flag Cnt,t-1,-0.003920376300811768,benign
18058,Flow Byts/s,t-1,-9.834766387939453e-07,benign
18058,Flow Duration,t-1,0.0005992352962493896,attack
18058,Flow IAT Max,t-1,0.002566218376159668,attack
18058,Flow IAT Mean,t-1,-0.0001933574676513672,benign
18058,Flow IAT Min,t-1,-0.0034917593002319336,benign
18058,Flow IAT Std,t-1,7.659196853637695e-06,attack
18058,Flow Pkts/s,t-1,9.560585021972656e-05,attack
18058,Fwd Act Data Pkts,t-1,0.00027108192443847656,attack
18058,Fwd Header Len,t-1,-0.0008777081966400146,benign
18058,Fwd IAT Max,t-1,0.00043007731437683105,attack
18058,Fwd IAT Mean,t-1,0.0016207993030548096,attack
18058,Fwd IAT Min,t-1,0.005014151334762573,attack
18058,Fwd IAT Std,t-1,0.00038933753967285156,attack
18058,Fwd IAT Tot,t-1,0.0005145072937011719,attack
18058,Fwd PSH Flags,t-1,-0.0038343071937561035,benign
18058,Fwd Pkt Len Max,t-1,-0.003418475389480591,benign
18058,Fwd Pkt Len Mean,t-1,0.000619351863861084,attack
18058,Fwd Pkt Len Min,t-1,0.0017441213130950928,attack
18058,Fwd Pkt Len Std,t-1,0.00064048171043396,attack
18058,Fwd Pkts/s,t-1,-0.0005633234977722168,benign
18058,Fwd Seg Size Avg,t-1,-0.0012167394161224365,benign
18058,Fwd Seg Size Min,t-1,-0.0009038746356964111,benign
18058,Idle Max,t-1,0.0032860934734344482,attack
18058,Idle Mean,t-1,0.0011603236198425293,attack
18058,Idle Min,t-1,0.001425623893737793,attack
18058,Idle Std,t-1,-0.0012823045253753662,benign
18058,Init Bwd Win Byts,t-1,-0.0011027753353118896,benign
18058,Init Fwd Win Byts,t-1,-0.002843707799911499,benign
18058,PSH Flag Cnt,t-1,-0.000622183084487915,benign
18058,Pkt Len Max,t-1,0.0002357959747314453,attack
18058,Pkt Len Mean,t-1,0.00010466575622558594,attack
18058,Pkt Len Min,t-1,0.00166282057762146,attack
18058,Pkt Len Std,t-1,-0.000330507755279541,benign
18058,Pkt Len Var,t-1,-0.00035834312438964844,benign
18058,Pkt Size Avg,t-1,0.0006556212902069092,attack
18058,RST Flag Cnt,t-1,-0.003926575183868408,benign
18058,SYN Flag Cnt,t-1,-0.0031176507472991943,benign
18058,Subflow Bwd Byts,t-1,-0.00017088651657104492,benign
18058,Subflow Bwd Pkts,t-1,-0.000392913818359375,benign
18058,Subflow Fwd Byts,t-1,-0.0002002716064453125,benign
18058,Subflow Fwd Pkts,t-1,-0.0008734762668609619,benign
18058,Tot Bwd Pkts,t-1,-0.00044986605644226074,benign
18058,Tot Fwd Pkts,t-1,-0.0007395148277282715,benign
18058,TotLen Bwd Pkts,t-1,-0.00023433566093444824,benign
18058,TotLen Fwd Pkts,t-1,-0.00017136335372924805,benign
18058,URG Flag Cnt,t-1,-0.0015277862548828125,benign
18058,Protocol_0,t-1,-0.0024571120738983154,benign
18058,Protocol_6,t-1,-0.00011101365089416504,benign
18058,Protocol_17,t-1,0.0005120038986206055,attack
18058,ACK Flag Cnt,t,0.010844320058822632,attack
18058,Active Max,t,-0.0010087788105010986,benign
18058,Active Mean,t,-0.00010508298873901367,benign
18058,Active Min,t,0.00034543871879577637,attack
18058,Active Std,t,-0.0008401870727539062,benign
18058,Bwd Header Len,t,-0.0004954040050506592,benign
18058,Bwd IAT Max,t,-0.0003580451011657715,benign
18058,Bwd IAT Mean,t,0.0014792084693908691,attack
18058,Bwd IAT Min,t,0.0008820891380310059,attack
18058,Bwd IAT Std,t,0.00034308433532714844,attack
18058,Bwd IAT Tot,t,0.00045874714851379395,attack
18058,Bwd Pkt Len Max,t,0.0031090378761291504,attack
18058,Bwd Pkt Len Mean,t,-0.0037796497344970703,benign
18058,Bwd Pkt Len Min,t,-0.0016659200191497803,benign
18058,Bwd Pkt Len Std,t,0.004537910223007202,attack
18058,Bwd Pkts/s,t,-0.0010399818420410156,benign
18058,Bwd Seg Size Avg,t,-0.0011603236198425293,benign
18058,Down/Up Ratio,t,-0.005566298961639404,benign
18058,ECE Flag Cnt,t,-0.006713122129440308,benign
18058,Flow Byts/s,t,0.0013667047023773193,attack
18058,Flow Duration,t,0.0051767826080322266,attack
18058,Flow IAT Max,t,-0.005917608737945557,benign
18058,Flow IAT Mean,t,-0.006182044744491577,benign
18058,Flow IAT Min,t,-0.006898999214172363,benign
18058,Flow IAT Std,t,0.003192901611328125,attack
18058,Flow Pkts/s,t,3.319978713989258e-05,attack
18058,Fwd Act Data Pkts,t,-0.00022706389427185059,benign
18058,Fwd Header Len,t,-0.0018405616283416748,benign
18058,Fwd IAT Max,t,-0.0028395354747772217,benign
18058,Fwd IAT Mean,t,-0.007250070571899414,benign
18058,Fwd IAT Min,t,-0.007019639015197754,benign
18058,Fwd IAT Std,t,0.005219578742980957,attack
18058,Fwd IAT Tot,t,0.00869828462600708,attack
18058,Fwd PSH Flags,t,0.0007024407386779785,attack
18058,Fwd Pkt Len Max,t,-0.0012378096580505371,benign
18058,Fwd Pkt Len Mean,t,0.0016168057918548584,attack
18058,Fwd Pkt Len Min,t,-2.4050474166870117e-05,benign
18058,Fwd Pkt Len Std,t,0.0033396482467651367,attack
18058,Fwd Pkts/s,t,0.0002105236053466797,attack
18058,Fwd Seg Size Avg,t,0.0003033876419067383,attack
18058,Fwd Seg Size Min,t,0.004216670989990234,attack
18058,Idle Max,t,-0.007650494575500488,benign
18058,Idle Mean,t,-0.005255013704299927,benign
18058,Idle Min,t,-0.004676163196563721,benign
18058,Idle Std,t,-0.0005460679531097412,benign
18058,Init Bwd Win Byts,t,0.0020104050636291504,attack
18058,Init Fwd Win Byts,t,-0.0023537278175354004,benign
18058,PSH Flag Cnt,t,-0.00134962797164917,benign
18058,Pkt Len Max,t,0.0026124119758605957,attack
18058,Pkt Len Mean,t,-0.0011709928512573242,benign
18058,Pkt Len Min,t,-0.0017910599708557129,benign
18058,Pkt Len Std,t,0.0020067989826202393,attack
18058,Pkt Len Var,t,0.0004577338695526123,attack
18058,Pkt Size Avg,t,0.0016390979290008545,attack
18058,RST Flag Cnt,t,-0.00665852427482605,benign
18058,SYN Flag Cnt,t,0.0007374584674835205,attack
18058,Subflow Bwd Byts,t,-0.00026026368141174316,benign
18058,Subflow Bwd Pkts,t,-0.0009645819664001465,benign
18058,Subflow Fwd Byts,t,-0.0002798736095428467,benign
18058,Subflow Fwd Pkts,t,-0.0022336244583129883,benign
18058,Tot Bwd Pkts,t,-0.0006895065307617188,benign
18058,Tot Fwd Pkts,t,-0.0016921758651733398,benign
18058,TotLen Bwd Pkts,t,-0.00029152631759643555,benign
18058,TotLen Fwd Pkts,t,-0.00023564696311950684,benign
18058,URG Flag Cnt,t,-0.0025390982627868652,benign
18058,Protocol_0,t,0.0013200640678405762,attack
18058,Protocol_6,t,-0.00048351287841796875,benign
18058,Protocol_17,t,-0.0014233589172363281,benign
18242,ACK Flag Cnt,t-9,0.002419799566268921,attack
18242,Active Max,t-9,-1.33514404296875e-05,benign
18242,Active Mean,t-9,-0.00012978911399841309,benign
18242,Active Min,t-9,0.00021371245384216309,attack
18242,Active Std,t-9,0.00015103816986083984,attack
18242,Bwd Header Len,t-9,0.00019538402557373047,attack
18242,Bwd IAT Max,t-9,0.0028027594089508057,attack
18242,Bwd IAT Mean,t-9,-0.0002646446228027344,benign
18242,Bwd IAT Min,t-9,-0.00040531158447265625,benign
18242,Bwd IAT Std,t-9,0.0025609731674194336,attack
18242,Bwd IAT Tot,t-9,3.358721733093262e-05,attack
18242,Bwd Pkt Len Max,t-9,0.0005378127098083496,attack
18242,Bwd Pkt Len Mean,t-9,-0.0028862953186035156,benign
18242,Bwd Pkt Len Min,t-9,-0.001966148614883423,benign
18242,Bwd Pkt Len Std,t-9,0.002656877040863037,attack
18242,Bwd Pkts/s,t-9,-0.00012946128845214844,benign
18242,Bwd Seg Size Avg,t-9,-0.0016785860061645508,benign
18242,Down/Up Ratio,t-9,-0.0004044771194458008,benign
18242,ECE Flag Cnt,t-9,0.00020453333854675293,attack
18242,Flow Byts/s,t-9,-7.295608520507812e-05,benign
18242,Flow Duration,t-9,-0.0015835762023925781,benign
18242,Flow IAT Max,t-9,-0.0003726780414581299,benign
18242,Flow IAT Mean,t-9,0.0024520456790924072,attack
18242,Flow IAT Min,t-9,0.0026786625385284424,attack
18242,Flow IAT Std,t-9,0.0008590221405029297,attack
18242,Flow Pkts/s,t-9,-8.016824722290039e-05,benign
18242,Fwd Act Data Pkts,t-9,6.61611557006836e-05,attack
18242,Fwd Header Len,t-9,0.00019794702529907227,attack
18242,Fwd IAT Max,t-9,-0.0007574558258056641,benign
18242,Fwd IAT Mean,t-9,0.0024650394916534424,attack
18242,Fwd IAT Min,t-9,0.003260374069213867,attack
18242,Fwd IAT Std,t-9,0.0017793774604797363,attack
18242,Fwd IAT Tot,t-9,-0.001395583152770996,benign
18242,Fwd PSH Flags,t-9,0.0007836818695068359,attack
18242,Fwd Pkt Len Max,t-9,-0.0008623003959655762,benign
18242,Fwd Pkt Len Mean,t-9,-0.0011186301708221436,benign
18242,Fwd Pkt Len Min,t-9,-0.00021523237228393555,benign
18242,Fwd Pkt Len Std,t-9,-0.0008672177791595459,benign
18242,Fwd Pkts/s,t-9,4.6640634536743164e-05,attack
18242,Fwd Seg Size Avg,t-9,-0.0003503561019897461,benign
18242,Fwd Seg Size Min,t-9,-0.0006481707096099854,benign
18242,Idle Max,t-9,-0.0006572604179382324,benign
18242,Idle Mean,t-9,-0.0008157789707183838,benign
18242,Idle Min,t-9,-0.0013363063335418701,benign
18242,Idle Std,t-9,-0.0008218586444854736,benign
18242,Init Bwd Win Byts,t-9,-0.004374980926513672,benign
18242,Init Fwd Win Byts,t-9,0.0009156167507171631,attack
18242,PSH Flag Cnt,t-9,-5.313754081726074e-05,benign
18242,Pkt Len Max,t-9,0.00027120113372802734,attack
18242,Pkt Len Mean,t-9,-0.0016691982746124268,benign
18242,Pkt Len Min,t-9,-0.00019502639770507812,benign
18242,Pkt Len Std,t-9,-0.00014585256576538086,benign
18242,Pkt Len Var,t-9,-0.0018335282802581787,benign
18242,Pkt Size Avg,t-9,-0.0018887221813201904,benign
18242,RST Flag Cnt,t-9,0.0007004439830780029,attack
18242,SYN Flag Cnt,t-9,-0.0004017055034637451,benign
18242,Subflow Bwd Byts,t-9,0.00016677379608154297,attack
18242,Subflow Bwd Pkts,t-9,0.00025081634521484375,attack
18242,Subflow Fwd Byts,t-9,0.00017249584197998047,attack
18242,Subflow Fwd Pkts,t-9,0.0006199479103088379,attack
18242,Tot Bwd Pkts,t-9,0.00024837255477905273,attack
18242,Tot Fwd Pkts,t-9,0.0005157887935638428,attack
18242,TotLen Bwd Pkts,t-9,0.00020650029182434082,attack
18242,TotLen Fwd Pkts,t-9,0.00014844536781311035,attack
18242,URG Flag Cnt,t-9,-0.002480059862136841,benign
18242,Protocol_0,t-9,-0.0007241964340209961,benign
18242,Protocol_6,t-9,-0.0002237856388092041,benign
18242,Protocol_17,t-9,-0.0004964768886566162,benign
18242,ACK Flag Cnt,t-8,-0.005550205707550049,benign
18242,Active Max,t-8,-0.0001048743724822998,benign
18242,Active Mean,t-8,-0.00011754035949707031,benign
18242,Active Min,t-8,0.00024271011352539062,attack
18242,Active Std,t-8,0.000546574592590332,attack
18242,Bwd Header Len,t-8,1.2964010238647461e-05,attack
18242,Bwd IAT Max,t-8,0.000881493091583252,attack
18242,Bwd IAT Mean,t-8,-0.002463042736053467,benign
18242,Bwd IAT Min,t-8,-0.001076728105545044,benign
18242,Bwd IAT Std,t-8,-0.0001722872257232666,benign
18242,Bwd IAT Tot,t-8,-8.293986320495605e-05,benign
18242,Bwd Pkt Len Max,t-8,0.0015453696250915527,attack
18242,Bwd Pkt Len Mean,t-8,-0.0032411515712738037,benign
18242,Bwd Pkt Len Min,t-8,-0.0018504559993743896,benign
18242,Bwd Pkt Len Std,t-8,0.004693716764450073,attack
18242,Bwd Pkts/s,t-8,-0.00014486908912658691,benign
18242,Bwd Seg Size Avg,t-8,-0.0021649301052093506,benign
18242,Down/Up Ratio,t-8,-0.00021022558212280273,benign
18242,ECE Flag Cnt,t-8,-0.006537824869155884,benign
18242,Flow Byts/s,t-8,1.874566078186035e-05,attack
18242,Flow Duration,t-8,-0.002595961093902588,benign
18242,Flow IAT Max,t-8,0.003980070352554321,attack
18242,Flow IAT Mean,t-8,0.010725080966949463,attack
18242,Flow IAT Min,t-8,0.01199650764465332,attack
18242,Flow IAT Std,t-8,-0.00268632173538208,benign
18242,Flow Pkts/s,t-8,-0.0007287263870239258,benign
18242,Fwd Act Data Pkts,t-8,-2.205371856689453e-05,benign
18242,Fwd Header Len,t-8,-7.432699203491211e-05,benign
18242,Fwd IAT Max,t-8,0.005129873752593994,attack
18242,Fwd IAT Mean,t-8,0.011018097400665283,attack
18242,Fwd IAT Min,t-8,0.01212736964225769,attack
18242,Fwd IAT Std,t-8,-0.001576244831085205,benign
18242,Fwd IAT Tot,t-8,-0.0033482909202575684,benign
18242,Fwd PSH Flags,t-8,-0.00023937225341796875,benign
18242,Fwd Pkt Len Max,t-8,0.00016421079635620117,attack
18242,Fwd Pkt Len Mean,t-8,-0.0006340146064758301,benign
18242,Fwd Pkt Len Min,t-8,-0.00012615323066711426,benign
18242,Fwd Pkt Len Std,t-8,-0.0005635619163513184,benign
18242,Fwd Pkts/s,t-8,-0.0005911588668823242,benign
18242,Fwd Seg Size Avg,t-8,-2.6911497116088867e-05,benign
18242,Fwd Seg Size Min,t-8,9.393692016601562e-05,attack
18242,Idle Max,t-8,0.004857093095779419,attack
18242,Idle Mean,t-8,0.003290414810180664,attack
18242,Idle Min,t-8,0.004054278135299683,attack
18242,Idle Std,t-8,-0.0021446049213409424,benign
18242,Init Bwd Win Byts,t-8,-0.0028136372566223145,benign
18242,Init Fwd Win Byts,t-8,0.005709916353225708,attack
18242,PSH Flag Cnt,t-8,-0.00023037195205688477,benign
18242,Pkt Len Max,t-8,0.0008456110954284668,attack
18242,Pkt Len Mean,t-8,-0.002225726842880249,benign
18242,Pkt Len Min,t-8,-0.00015869736671447754,benign
18242,Pkt Len Std,t-8,0.00012344121932983398,attack
18242,Pkt Len Var,t-8,-0.0009025931358337402,benign
18242,Pkt Size Avg,t-8,-0.0031204521656036377,benign
18242,RST Flag Cnt,t-8,-0.008163779973983765,benign
18242,SYN Flag Cnt,t-8,0.00012239813804626465,attack
18242,Subflow Bwd Byts,t-8,-2.2351741790771484e-05,benign
18242,Subflow Bwd Pkts,t-8,-1.6689300537109375e-06,benign
18242,Subflow Fwd Byts,t-8,0.00013649463653564453,attack
18242,Subflow Fwd Pkts,t-8,-6.29425048828125e-05,benign
18242,Tot Bwd Pkts,t-8,-1.6689300537109375e-06,benign
18242,Tot Fwd Pkts,t-8,-5.1140785217285156e-05,benign
18242,TotLen Bwd Pkts,t-8,-2.658367156982422e-05,benign
18242,TotLen Fwd Pkts,t-8,9.548664093017578e-05,attack
18242,URG Flag Cnt,t-8,-0.003828585147857666,benign
18242,Protocol_0,t-8,-0.0016980171203613281,benign
18242,Protocol_6,t-8,-0.00013440847396850586,benign
18242,Protocol_17,t-8,-0.0004245340824127197,benign
18242,ACK Flag Cnt,t-7,0.003947317600250244,attack
18242,Active Max,t-7,-0.00025400519371032715,benign
18242,Active Mean,t-7,-0.00018262863159179688,benign
18242,Active Min,t-7,-0.00011208653450012207,benign
18242,Active Std,t-7,0.0002033710479736328,attack
18242,Bwd Header Len,t-7,0.00032532215118408203,attack
18242,Bwd IAT Max,t-7,-0.0022770166397094727,benign
18242,Bwd IAT Mean,t-7,-0.0008143186569213867,benign
18242,Bwd IAT Min,t-7,-5.2034854888916016e-05,benign
18242,Bwd IAT Std,t-7,-0.001963019371032715,benign
18242,Bwd IAT Tot,t-7,0.0008232295513153076,attack
18242,Bwd Pkt Len Max,t-7,-0.0012301206588745117,benign
18242,Bwd Pkt Len Mean,t-7,0.00015783309936523438,attack
18242,Bwd Pkt Len Min,t-7,0.0034831464290618896,attack
18242,Bwd Pkt Len Std,t-7,-0.0011855363845825195,benign
18242,Bwd Pkts/s,t-7,0.0013836920261383057,attack
18242,Bwd Seg Size Avg,t-7,-0.0008751451969146729,benign
18242,Down/Up Ratio,t-7,-0.001487046480178833,benign
18242,ECE Flag Cnt,t-7,0.0010973215103149414,attack
18242,Flow Byts/s,t-7,-0.00035125017166137695,benign
18242,Flow Duration,t-7,-0.0027332603931427,benign
18242,Flow IAT Max,t-7,0.005049645900726318,attack
18242,Flow IAT Mean,t-7,0.007066875696182251,attack
18242,Flow IAT Min,t-7,0.00727960467338562,attack
18242,Flow IAT Std,t-7,-0.0022261738777160645,benign
18242,Flow Pkts/s,t-7,-0.0004049837589263916,benign
18242,Fwd Act Data Pkts,t-7,1.7881393432617188e-06,attack
18242,Fwd Header Len,t-7,-2.115964889526367e-06,benign
18242,Fwd IAT Max,t-7,0.005578279495239258,attack
18242,Fwd IAT Mean,t-7,0.008211910724639893,attack
18242,Fwd IAT Min,t-7,0.007878750562667847,attack
18242,Fwd IAT Std,t-7,-0.003941386938095093,benign
18242,Fwd IAT Tot,t-7,-0.0023804008960723877,benign
18242,Fwd PSH Flags,t-7,-6.288290023803711e-06,benign
18242,Fwd Pkt Len Max,t-7,0.0001621544361114502,attack
18242,Fwd Pkt Len Mean,t-7,-3.3348798751831055e-05,benign
18242,Fwd Pkt Len Min,t-7,-0.000898897647857666,benign
18242,Fwd Pkt Len Std,t-7,-4.7206878662109375e-05,benign
18242,Fwd Pkts/s,t-7,0.00014537572860717773,attack
18242,Fwd Seg Size Avg,t-7,0.00034353137016296387,attack
18242,Fwd Seg Size Min,t-7,-0.0022673606872558594,benign
18242,Idle Max,t-7,0.007717519998550415,attack
18242,Idle Mean,t-7,0.006374448537826538,attack
18242,Idle Min,t-7,0.006904035806655884,attack
18242,Idle Std,t-7,-0.0014542937278747559,benign
18242,Init Bwd Win Byts,t-7,7.471442222595215e-05,attack
18242,Init Fwd Win Byts,t-7,4.920363426208496e-05,attack
18242,PSH Flag Cnt,t-7,7.104873657226562e-05,attack
18242,Pkt Len Max,t-7,-0.0005845725536346436,benign
18242,Pkt Len Mean,t-7,0.00010466575622558594,attack
18242,Pkt Len Min,t-7,-0.00041812658309936523,benign
18242,Pkt Len Std,t-7,8.547306060791016e-05,attack
18242,Pkt Len Var,t-7,-0.00029647350311279297,benign
18242,Pkt Size Avg,t-7,0.0003555119037628174,attack
18242,RST Flag Cnt,t-7,0.0019254088401794434,attack
18242,SYN Flag Cnt,t-7,-0.0016946196556091309,benign
18242,Subflow Bwd Byts,t-7,2.0891427993774414e-05,attack
18242,Subflow Bwd Pkts,t-7,0.0001347064971923828,attack
18242,Subflow Fwd Byts,t-7,0.00022292137145996094,attack
18242,Subflow Fwd Pkts,t-7,0.0005355775356292725,attack
18242,Tot Bwd Pkts,t-7,0.0001856088638305664,attack
18242,Tot Fwd Pkts,t-7,4.0590763092041016e-05,attack
18242,TotLen Bwd Pkts,t-7,0.00015178322792053223,attack
18242,TotLen Fwd Pkts,t-7,6.887316703796387e-05,attack
18242,URG Flag Cnt,t-7,-0.003019094467163086,benign
18242,Protocol_0,t-7,-0.0011743009090423584,benign
18242,Protocol_6,t-7,0.0003234446048736572,attack
18242,Protocol_17,t-7,-0.0009579360485076904,benign
18242,ACK Flag Cnt,t-6,0.003072410821914673,attack
18242,Active Max,t-6,-0.00030672550201416016,benign
18242,Active Mean,t-6,-6.756186485290527e-05,benign
18242,Active Min,t-6,-0.0002575218677520752,benign
18242,Active Std,t-6,0.0003705024719238281,attack
18242,Bwd Header Len,t-6,0.0002904534339904785,attack
18242,Bwd IAT Max,t-6,-0.0014652013778686523,benign
18242,Bwd IAT Mean,t-6,-0.000893712043762207,benign
18242,Bwd IAT Min,t-6,-0.00029346346855163574,benign
18242,Bwd IAT Std,t-6,-0.0003368854522705078,benign
18242,Bwd IAT Tot,t-6,0.0012265443801879883,attack
18242,Bwd Pkt Len Max,t-6,-0.006897568702697754,benign
18242,Bwd Pkt Len Mean,t-6,0.0009391605854034424,attack
18242,Bwd Pkt Len Min,t-6,-0.01427239179611206,benign
18242,Bwd Pkt Len Std,t-6,-0.011967509984970093,benign
18242,Bwd Pkts/s,t-6,0.0005491673946380615,attack
18242,Bwd Seg Size Avg,t-6,0.0003515779972076416,attack
18242,Down/Up Ratio,t-6,0.0009727776050567627,attack
18242,ECE Flag Cnt,t-6,0.003993809223175049,attack
18242,Flow Byts/s,t-6,-0.0008066296577453613,benign
18242,Flow Duration,t-6,-0.003951460123062134,benign
18242,Flow IAT Max,t-6,0.003954112529754639,attack
18242,Flow IAT Mean,t-6,0.004303455352783203,attack
18242,Flow IAT Min,t-6,0.0036852359771728516,attack
18242,Flow IAT Std,t-6,-0.002999335527420044,benign
18242,Flow Pkts/s,t-6,-0.002224266529083252,benign
18242,Fwd Act Data Pkts,t-6,-2.8908252716064453e-06,benign
18242,Fwd Header Len,t-6,4.25875186920166e-05,attack
18242,Fwd IAT Max,t-6,0.005197882652282715,attack
18242,Fwd IAT Mean,t-6,0.005740612745285034,attack
18242,Fwd IAT Min,t-6,0.004312694072723389,attack
18242,Fwd IAT Std,t-6,-0.003723740577697754,benign
18242,Fwd IAT Tot,t-6,-0.0051240622997283936,benign
18242,Fwd PSH Flags,t-6,-0.0007381439208984375,benign
18242,Fwd Pkt Len Max,t-6,0.0013988316059112549,attack
18242,Fwd Pkt Len Mean,t-6,-0.0006764233112335205,benign
18242,Fwd Pkt Len Min,t-6,0.0012430250644683838,attack
18242,Fwd Pkt Len Std,t-6,-0.001120537519454956,benign
18242,Fwd Pkts/s,t-6,-0.000720292329788208,benign
18242,Fwd Seg Size Avg,t-6,0.0002925097942352295,attack
18242,Fwd Seg Size Min,t-6,0.005747675895690918,attack
18242,Idle Max,t-6,0.004275888204574585,attack
18242,Idle Mean,t-6,0.0033159255981445312,attack
18242,Idle Min,t-6,0.004737973213195801,attack
18242,Idle Std,t-6,-0.001155763864517212,benign
18242,Init Bwd Win Byts,t-6,-0.001034766435623169,benign
18242,Init Fwd Win Byts,t-6,0.007148325443267822,attack
18242,PSH Flag Cnt,t-6,0.0007014274597167969,attack
18242,Pkt Len Max,t-6,-0.003221482038497925,benign
18242,Pkt Len Mean,t-6,0.0018200576305389404,attack
18242,Pkt Len Min,t-6,-0.0008897483348846436,benign
18242,Pkt Len Std,t-6,0.0009761452674865723,attack
18242,Pkt Len Var,t-6,0.0013653337955474854,attack
18242,Pkt Size Avg,t-6,0.001210242509841919,attack
18242,RST Flag Cnt,t-6,0.004112303256988525,attack
18242,SYN Flag Cnt,t-6,-0.00013488531112670898,benign
18242,Subflow Bwd Byts,t-6,0.00012511014938354492,attack
18242,Subflow Bwd Pkts,t-6,-9.039044380187988e-05,benign
18242,Subflow Fwd Byts,t-6,8.460879325866699e-05,attack
18242,Subflow Fwd Pkts,t-6,-0.0007600188255310059,benign
18242,Tot Bwd Pkts,t-6,-0.00010019540786743164,benign
18242,Tot Fwd Pkts,t-6,-0.000483781099319458,benign
18242,TotLen Bwd Pkts,t-6,0.00026047229766845703,attack
18242,TotLen Fwd Pkts,t-6,4.029273986816406e-05,attack
18242,URG Flag Cnt,t-6,4.246830940246582e-05,attack
18242,Protocol_0,t-6,-0.0017296969890594482,benign
18242,Protocol_6,t-6,0.0006859004497528076,attack
18242,Protocol_17,t-6,0.000601649284362793,attack
18242,ACK Flag Cnt,t-5,0.005507111549377441,attack
18242,Active Max,t-5,0.002079010009765625,attack
18242,Active Mean,t-5,-0.00445181131362915,benign
18242,Active Min,t-5,-0.0032142698764801025,benign
18242,Active Std,t-5,-0.005323618650436401,benign
18242,Bwd Header Len,t-5,0.00024437904357910156,attack
18242,Bwd IAT Max,t-5,-0.0010578632354736328,benign
18242,Bwd IAT Mean,t-5,2.115964889526367e-06,attack
18242,Bwd IAT Min,t-5,0.0005456805229187012,attack
18242,Bwd IAT Std,t-5,-8.249282836914062e-05,benign
18242,Bwd IAT Tot,t-5,0.0028626620769500732,attack
18242,Bwd Pkt Len Max,t-5,0.0009778738021850586,attack
18242,Bwd Pkt Len Mean,t-5,0.0018922686576843262,attack
18242,Bwd Pkt Len Min,t-5,0.00520750880241394,attack
18242,Bwd Pkt Len Std,t-5,0.0012347400188446045,attack
18242,Bwd Pkts/s,t-5,0.0017074644565582275,attack
18242,Bwd Seg Size Avg,t-5,0.0003592371940612793,attack
18242,Down/Up Ratio,t-5,0.0001285076141357422,attack
18242,ECE Flag Cnt,t-5,-0.0033437609672546387,benign
18242,Flow Byts/s,t-5,-2.3245811462402344e-06,benign
18242,Flow Duration,t-5,-0.0023433566093444824,benign
18242,Flow IAT Max,t-5,-0.00018808245658874512,benign
18242,Flow IAT Mean,t-5,-4.678964614868164e-06,benign
18242,Flow IAT Min,t-5,-0.00040987133979797363,benign
18242,Flow IAT Std,t-5,-0.0001836717128753662,benign
18242,Flow Pkts/s,t-5,-0.0011086761951446533,benign
18242,Fwd Act Data Pkts,t-5,0.00011882185935974121,attack
18242,Fwd Header Len,t-5,-0.00044038891792297363,benign
18242,Fwd IAT Max,t-5,0.0004061460494995117,attack
18242,Fwd IAT Mean,t-5,0.0012103915214538574,attack
18242,Fwd IAT Min,t-5,0.001371622085571289,attack
18242,Fwd IAT Std,t-5,-0.0002822279930114746,benign
18242,Fwd IAT Tot,t-5,0.00612601637840271,attack
18242,Fwd PSH Flags,t-5,0.001437842845916748,attack
18242,Fwd Pkt Len Max,t-5,-0.00035759806632995605,benign
18242,Fwd Pkt Len Mean,t-5,-0.00028568506240844727,benign
18242,Fwd Pkt Len Min,t-5,-0.001462399959564209,benign
18242,Fwd Pkt Len Std,t-5,-0.000652015209197998,benign
18242,Fwd Pkts/s,t-5,0.000153273344039917,attack
18242,Fwd Seg Size Avg,t-5,-0.0006357431411743164,benign
18242,Fwd Seg Size Min,t-5,-0.005836367607116699,benign
18242,Idle Max,t-5,-0.00017946958541870117,benign
18242,Idle Mean,t-5,0.0003071725368499756,attack
18242,Idle Min,t-5,0.0005640387535095215,attack
18242,Idle Std,t-5,0.0011231005191802979,attack
18242,Init Bwd Win Byts,t-5,-0.0010435283184051514,benign
18242,Init Fwd Win Byts,t-5,-0.001203984022140503,benign
18242,PSH Flag Cnt,t-5,-0.00021499395370483398,benign
18242,Pkt Len Max,t-5,0.0002320408821105957,attack
18242,Pkt Len Mean,t-5,0.0004974603652954102,attack
18242,Pkt Len Min,t-5,0.00036650896072387695,attack
18242,Pkt Len Std,t-5,-0.00017404556274414062,benign
18242,Pkt Len Var,t-5,-0.00032597780227661133,benign
18242,Pkt Size Avg,t-5,0.0009109079837799072,attack
18242,RST Flag Cnt,t-5,7.63237476348877e-05,attack
18242,SYN Flag Cnt,t-5,-0.00012621283531188965,benign
18242,Subflow Bwd Byts,t-5,-4.357099533081055e-05,benign
18242,Subflow Bwd Pkts,t-5,-4.5925378799438477e-05,benign
18242,Subflow Fwd Byts,t-5,-5.319714546203613e-05,benign
18242,Subflow Fwd Pkts,t-5,2.384185791015625e-06,attack
18242,Tot Bwd Pkts,t-5,-8.291006088256836e-05,benign
18242,Tot Fwd Pkts,t-5,-1.0013580322265625e-05,benign
18242,TotLen Bwd Pkts,t-5,-1.958012580871582e-05,benign
18242,TotLen Fwd Pkts,t-5,1.341104507446289e-06,attack
18242,URG Flag Cnt,t-5,-7.0035457611083984e-06,benign
18242,Protocol_0,t-5,0.006280064582824707,attack
18242,Protocol_6,t-5,-0.00010141730308532715,benign
18242,Protocol_17,t-5,-0.0009465515613555908,benign
18242,ACK Flag Cnt,t-4,0.005192786455154419,attack
18242,Active Max,t-4,-0.00012934207916259766,benign
18242,Active Mean,t-4,-0.00015047192573547363,benign
18242,Active Min,t-4,-0.00016394257545471191,benign
18242,Active Std,t-4,-0.00020709633827209473,benign
18242,Bwd Header Len,t-4,0.00046712160110473633,attack
18242,Bwd IAT Max,t-4,-0.0003940165042877197,benign
18242,Bwd IAT Mean,t-4,0.00014576315879821777,attack
18242,Bwd IAT Min,t-4,0.00016689300537109375,attack
18242,Bwd IAT Std,t-4,-0.0005823969841003418,benign
18242,Bwd IAT Tot,t-4,0.0006195902824401855,attack
18242,Bwd Pkt Len Max,t-4,0.00010526180267333984,attack
18242,Bwd Pkt Len Mean,t-4,-0.00019186735153198242,benign
18242,Bwd Pkt Len Min,t-4,0.006319493055343628,attack
18242,Bwd Pkt Len Std,t-4,0.0015445351600646973,attack
18242,Bwd Pkts/s,t-4,0.0003681778907775879,attack
18242,Bwd Seg Size Avg,t-4,0.0006614625453948975,attack
18242,Down/Up Ratio,t-4,8.970499038696289e-05,attack
18242,ECE Flag Cnt,t-4,0.002690434455871582,attack
18242,Flow Byts/s,t-4,-3.337860107421875e-06,benign
18242,Flow Duration,t-4,0.010072946548461914,attack
18242,Flow IAT Max,t-4,-0.004453897476196289,benign
18242,Flow IAT Mean,t-4,-0.008108079433441162,benign
18242,Flow IAT Min,t-4,-0.01288062334060669,benign
18242,Flow IAT Std,t-4,-0.0006349086761474609,benign
18242,Flow Pkts/s,t-4,0.00020292401313781738,attack
18242,Fwd Act Data Pkts,t-4,0.0004337728023529053,attack
18242,Fwd Header Len,t-4,0.0001258254051208496,attack
18242,Fwd IAT Max,t-4,-0.0055151283740997314,benign
18242,Fwd IAT Mean,t-4,-0.009630650281906128,benign
18242,Fwd IAT Min,t-4,-0.011901676654815674,benign
18242,Fwd IAT Std,t-4,-2.6673078536987305e-05,benign
18242,Fwd IAT Tot,t-4,0.01752305030822754,attack
18242,Fwd PSH Flags,t-4,0.0016661286354064941,attack
18242,Fwd Pkt Len Max,t-4,-0.0005914270877838135,benign
18242,Fwd Pkt Len Mean,t-4,-0.0005374252796173096,benign
18242,Fwd Pkt Len Min,t-4,0.0013203322887420654,attack
18242,Fwd Pkt Len Std,t-4,-0.00025328993797302246,benign
18242,Fwd Pkts/s,t-4,0.0001372694969177246,attack
18242,Fwd Seg Size Avg,t-4,-0.0004158318042755127,benign
18242,Fwd Seg Size Min,t-4,0.008098870515823364,attack
18242,Idle Max,t-4,-0.0042510926723480225,benign
18242,Idle Mean,t-4,-0.008511513471603394,benign
18242,Idle Min,t-4,-0.007813185453414917,benign
18242,Idle Std,t-4,0.0001322031021118164,attack
18242,Init Bwd Win Byts,t-4,-0.004441678524017334,benign
18242,Init Fwd Win Byts,t-4,0.0047495365142822266,attack
18242,PSH Flag Cnt,t-4,0.00039127469062805176,attack
18242,Pkt Len Max,t-4,-0.0009548664093017578,benign
18242,Pkt Len Mean,t-4,0.00032511353492736816,attack
18242,Pkt Len Min,t-4,-0.00013402104377746582,benign
18242,Pkt Len Std,t-4,-0.00096169114112854,benign
18242,Pkt Len Var,t-4,1.683831214904785e-05,attack
18242,Pkt Size Avg,t-4,0.00089988112449646,attack
18242,RST Flag Cnt,t-4,0.004605382680892944,attack
18242,SYN Flag Cnt,t-4,0.0006099939346313477,attack
18242,Subflow Bwd Byts,t-4,0.00013181567192077637,attack
18242,Subflow Bwd Pkts,t-4,0.00023248791694641113,attack
18242,Subflow Fwd Byts,t-4,0.0002193152904510498,attack
18242,Subflow Fwd Pkts,t-4,0.0006695985794067383,attack
18242,Tot Bwd Pkts,t-4,0.0002925097942352295,attack
18242,Tot Fwd Pkts,t-4,0.0006819069385528564,attack
18242,TotLen Bwd Pkts,t-4,8.282065391540527e-05,attack
18242,TotLen Fwd Pkts,t-4,0.00014448165893554688,attack
18242,URG Flag Cnt,t-4,-0.0006800591945648193,benign
18242,Protocol_0,t-4,0.00965660810470581,attack
18242,Protocol_6,t-4,-0.00025016069412231445,benign
18242,Protocol_17,t-4,5.981326103210449e-05,attack
18242,ACK Flag Cnt,t-3,0.017427265644073486,attack
18242,Active Max,t-3,0.00020453333854675293,attack
18242,Active Mean,t-3,0.00047665834426879883,attack
18242,Active Min,t-3,8.416175842285156e-05,attack
18242,Active Std,t-3,0.00043189525604248047,attack
18242,Bwd Header Len,t-3,0.0005181729793548584,attack
18242,Bwd IAT Max,t-3,3.1620264053344727e-05,attack
18242,Bwd IAT Mean,t-3,0.00017726421356201172,attack
18242,Bwd IAT Min,t-3,-0.0005567669868469238,benign
18242,Bwd IAT Std,t-3,-0.0001557469367980957,benign
18242,Bwd IAT Tot,t-3,0.006070494651794434,attack
18242,Bwd Pkt Len Max,t-3,-0.007582187652587891,benign
18242,Bwd Pkt Len Mean,t-3,-0.0009342730045318604,benign
18242,Bwd Pkt Len Min,t-3,-0.00970536470413208,benign
18242,Bwd Pkt Len Std,t-3,-0.012732177972793579,benign
18242,Bwd Pkts/s,t-3,-0.00041049718856811523,benign
18242,Bwd Seg Size Avg,t-3,-0.0003788173198699951,benign
18242,Down/Up Ratio,t-3,0.0002675354480743408,attack
18242,ECE Flag Cnt,t-3,0.008500933647155762,attack
18242,Flow Byts/s,t-3,-0.000385284423828125,benign
18242,Flow Duration,t-3,0.0020723342895507812,attack
18242,Flow IAT Max,t-3,-0.004503905773162842,benign
18242,Flow IAT Mean,t-3,-0.00944507122039795,benign
18242,Flow IAT Min,t-3,-0.012571901082992554,benign
18242,Flow IAT Std,t-3,-0.0023272931575775146,benign
18242,Flow Pkts/s,t-3,0.0005123913288116455,attack
18242,Fwd Act Data Pkts,t-3,0.0005578100681304932,attack
18242,Fwd Header Len,t-3,0.0009334683418273926,attack
18242,Fwd IAT Max,t-3,-0.004440814256668091,benign
18242,Fwd IAT Mean,t-3,-0.01010507345199585,benign
18242,Fwd IAT Min,t-3,-0.01147526502609253,benign
18242,Fwd IAT Std,t-3,-0.0029630064964294434,benign
18242,Fwd IAT Tot,t-3,0.003236830234527588,attack
18242,Fwd PSH Flags,t-3,0.007845938205718994,attack
18242,Fwd Pkt Len Max,t-3,0.002358049154281616,attack
18242,Fwd Pkt Len Mean,t-3,0.0008083879947662354,attack
18242,Fwd Pkt Len Min,t-3,-0.0007514059543609619,benign
18242,Fwd Pkt Len Std,t-3,0.002125293016433716,attack
18242,Fwd Pkts/s,t-3,0.0022429823875427246,attack
18242,Fwd Seg Size Avg,t-3,0.0014353692531585693,attack
18242,Fwd Seg Size Min,t-3,0.010829687118530273,attack
18242,Idle Max,t-3,-0.007406741380691528,benign
18242,Idle Mean,t-3,-0.006486386060714722,benign
18242,Idle Min,t-3,-0.007672399282455444,benign
18242,Idle Std,t-3,0.0007938742637634277,attack
18242,Init Bwd Win Byts,t-3,0.001540839672088623,attack
18242,Init Fwd Win Byts,t-3,-0.03794941306114197,benign
18242,PSH Flag Cnt,t-3,0.0012149214744567871,attack
18242,Pkt Len Max,t-3,0.0024314820766448975,attack
18242,Pkt Len Mean,t-3,0.0018160343170166016,attack
18242,Pkt Len Min,t-3,-0.0005093514919281006,benign
18242,Pkt Len Std,t-3,0.002041041851043701,attack
18242,Pkt Len Var,t-3,-0.0037395358085632324,benign
18242,Pkt Size Avg,t-3,0.0022708773612976074,attack
18242,RST Flag Cnt,t-3,0.008128196001052856,attack
18242,SYN Flag Cnt,t-3,0.006820470094680786,attack
18242,Subflow Bwd Byts,t-3,0.0001296699047088623,attack
18242,Subflow Bwd Pkts,t-3,0.0005852878093719482,attack
18242,Subflow Fwd Byts,t-3,0.0004980266094207764,attack
18242,Subflow Fwd Pkts,t-3,0.00263136625289917,attack
18242,Tot Bwd Pkts,t-3,0.00044077634811401367,attack
18242,Tot Fwd Pkts,t-3,0.0022719502449035645,attack
18242,TotLen Bwd Pkts,t-3,0.00015673041343688965,attack
18242,TotLen Fwd Pkts,t-3,0.00040143728256225586,attack
18242,URG Flag Cnt,t-3,0.0030031204223632812,attack
18242,Protocol_0,t-3,-0.0023685097694396973,benign
18242,Protocol_6,t-3,0.0018854737281799316,attack
18242,Protocol_17,t-3,-0.0030556917190551758,benign
18242,ACK Flag Cnt,t-2,0.0006240904331207275,attack
18242,Active Max,t-2,0.00029912590980529785,attack
18242,Active Mean,t-2,0.00017204880714416504,attack
18242,Active Min,t-2,-0.0002015531063079834,benign
18242,Active Std,t-2,0.0006532073020935059,attack
18242,Bwd Header Len,t-2,-7.462501525878906e-05,benign
18242,Bwd IAT Max,t-2,-0.0007803142070770264,benign
18242,Bwd IAT Mean,t-2,0.0020786821842193604,attack
18242,Bwd IAT Min,t-2,0.0015273094177246094,attack
18242,Bwd IAT Std,t-2,-0.002086848020553589,benign
18242,Bwd IAT Tot,t-2,0.0053379833698272705,attack
18242,Bwd Pkt Len Max,t-2,-0.007792055606842041,benign
18242,Bwd Pkt Len Mean,t-2,-0.004311084747314453,benign
18242,Bwd Pkt Len Min,t-2,0.006677120923995972,attack
18242,Bwd Pkt Len Std,t-2,-0.00962752103805542,benign
18242,Bwd Pkts/s,t-2,0.0014522075653076172,attack
18242,Bwd Seg Size Avg,t-2,-0.0018119215965270996,benign
18242,Down/Up Ratio,t-2,-0.0011743009090423584,benign
18242,ECE Flag Cnt,t-2,-0.0024390220642089844,benign
18242,Flow Byts/s,t-2,-0.0002969205379486084,benign
18242,Flow Duration,t-2,0.0006112158298492432,attack
18242,Flow IAT Max,t-2,-0.0007051527500152588,benign
18242,Flow IAT Mean,t-2,-0.0003902316093444824,benign
18242,Flow IAT Min,t-2,-0.0002574026584625244,benign
18242,Flow IAT Std,t-2,-0.0007364153861999512,benign
18242,Flow Pkts/s,t-2,-5.137920379638672e-05,benign
18242,Fwd Act Data Pkts,t-2,-0.0009430944919586182,benign
18242,Fwd Header Len,t-2,-0.0013341903686523438,benign
18242,Fwd IAT Max,t-2,0.0005889236927032471,attack
18242,Fwd IAT Mean,t-2,0.0019449293613433838,attack
18242,Fwd IAT Min,t-2,0.00011670589447021484,attack
18242,Fwd IAT Std,t-2,-0.0022168755531311035,benign
18242,Fwd IAT Tot,t-2,-0.001106351613998413,benign
18242,Fwd PSH Flags,t-2,0.00027245283126831055,attack
18242,Fwd Pkt Len Max,t-2,0.0026618242263793945,attack
18242,Fwd Pkt Len Mean,t-2,0.005138754844665527,attack
18242,Fwd Pkt Len Min,t-2,0.0015124380588531494,attack
18242,Fwd Pkt Len Std,t-2,0.003336489200592041,attack
18242,Fwd Pkts/s,t-2,-3.2782554626464844e-07,benign
18242,Fwd Seg Size Avg,t-2,0.0074593424797058105,attack
18242,Fwd Seg Size Min,t-2,-0.0023896098136901855,benign
18242,Idle Max,t-2,0.00022977590560913086,attack
18242,Idle Mean,t-2,0.0003517568111419678,attack
18242,Idle Min,t-2,-0.0005059540271759033,benign
18242,Idle Std,t-2,0.0014240741729736328,attack
18242,Init Bwd Win Byts,t-2,0.0018547475337982178,attack
18242,Init Fwd Win Byts,t-2,-0.0012085437774658203,benign
18242,PSH Flag Cnt,t-2,4.652142524719238e-05,attack
18242,Pkt Len Max,t-2,0.0028403401374816895,attack
18242,Pkt Len Mean,t-2,0.0024642646312713623,attack
18242,Pkt Len Min,t-2,0.0010176002979278564,attack
18242,Pkt Len Std,t-2,0.0035095512866973877,attack
18242,Pkt Len Var,t-2,0.0012408196926116943,attack
18242,Pkt Size Avg,t-2,-0.0012959539890289307,benign
18242,RST Flag Cnt,t-2,-0.0032711923122406006,benign
18242,SYN Flag Cnt,t-2,0.0007020831108093262,attack
18242,Subflow Bwd Byts,t-2,-6.133317947387695e-05,benign
18242,Subflow Bwd Pkts,t-2,-0.00026741623878479004,benign
18242,Subflow Fwd Byts,t-2,1.811981201171875e-05,attack
18242,Subflow Fwd Pkts,t-2,0.0007047653198242188,attack
18242,Tot Bwd Pkts,t-2,-0.0002716481685638428,benign
18242,Tot Fwd Pkts,t-2,6.070733070373535e-05,attack
18242,TotLen Bwd Pkts,t-2,-2.7626752853393555e-05,benign
18242,TotLen Fwd Pkts,t-2,-0.0001308917999267578,benign
18242,URG Flag Cnt,t-2,0.0012333393096923828,attack
18242,Protocol_0,t-2,-0.0007619559764862061,benign
18242,Protocol_6,t-2,-0.0012436509132385254,benign
18242,Protocol_17,t-2,8.660554885864258e-05,attack
18242,ACK Flag Cnt,t-1,0.006447464227676392,attack
18242,Active Max,t-1,1.7911195755004883e-05,attack
18242,Active Mean,t-1,0.0005046725273132324,attack
18242,Active Min,t-1,2.1010637283325195e-05,attack
18242,Active Std,t-1,0.00012949109077453613,attack
18242,Bwd Header Len,t-1,9.933114051818848e-05,attack
18242,Bwd IAT Max,t-1,-2.911686897277832e-05,benign
18242,Bwd IAT Mean,t-1,0.0006018579006195068,attack
18242,Bwd IAT Min,t-1,0.0007185637950897217,attack
18242,Bwd IAT Std,t-1,0.00041961669921875,attack
18242,Bwd IAT Tot,t-1,0.0021805167198181152,attack
18242,Bwd Pkt Len Max,t-1,-0.000466078519821167,benign
18242,Bwd Pkt Len Mean,t-1,0.000603407621383667,attack
18242,Bwd Pkt Len Min,t-1,0.0015469193458557129,attack
18242,Bwd Pkt Len Std,t-1,0.0006271898746490479,attack
18242,Bwd Pkts/s,t-1,0.001460731029510498,attack
18242,Bwd Seg Size Avg,t-1,0.0028260648250579834,attack
18242,Down/Up Ratio,t-1,-0.0019093453884124756,benign
18242,ECE Flag Cnt,t-1,-0.0010026991367340088,benign
18242,Flow Byts/s,t-1,0.0006012916564941406,attack
18242,Flow Duration,t-1,0.00506022572517395,attack
18242,Flow IAT Max,t-1,-0.0014522671699523926,benign
18242,Flow IAT Mean,t-1,-0.0025506913661956787,benign
18242,Flow IAT Min,t-1,-0.0034204423427581787,benign
18242,Flow IAT Std,t-1,0.0010626614093780518,attack
18242,Flow Pkts/s,t-1,0.000329822301864624,attack
18242,Fwd Act Data Pkts,t-1,-0.0001627206802368164,benign
18242,Fwd Header Len,t-1,-0.0006458759307861328,benign
18242,Fwd IAT Max,t-1,-0.00027954578399658203,benign
18242,Fwd IAT Mean,t-1,-0.0011283457279205322,benign
18242,Fwd IAT Min,t-1,-0.0017837882041931152,benign
18242,Fwd IAT Std,t-1,0.0011258721351623535,attack
18242,Fwd IAT Tot,t-1,0.003864198923110962,attack
18242,Fwd PSH Flags,t-1,-0.0006663501262664795,benign
18242,Fwd Pkt Len Max,t-1,-0.0002449452877044678,benign
18242,Fwd Pkt Len Mean,t-1,0.0009045004844665527,attack
18242,Fwd Pkt Len Min,t-1,-0.00029391050338745117,benign
18242,Fwd Pkt Len Std,t-1,0.001025468111038208,attack
18242,Fwd Pkts/s,t-1,-8.895993232727051e-05,benign
18242,Fwd Seg Size Avg,t-1,0.001080930233001709,attack
18242,Fwd Seg Size Min,t-1,0.003960281610488892,attack
18242,Idle Max,t-1,-0.0029862821102142334,benign
18242,Idle Mean,t-1,-0.000868380069732666,benign
18242,Idle Min,t-1,-0.0017167627811431885,benign
18242,Idle Std,t-1,0.0001087188720703125,attack
18242,Init Bwd Win Byts,t-1,0.0003643929958343506,attack
18242,Init Fwd Win Byts,t-1,-0.005966782569885254,benign
18242,PSH Flag Cnt,t-1,-0.00036534667015075684,benign
18242,Pkt Len Max,t-1,0.0012823045253753662,attack
18242,Pkt Len Mean,t-1,-0.00020265579223632812,benign
18242,Pkt Len Min,t-1,-0.00227239727973938,benign
18242,Pkt Len Std,t-1,0.00199967622756958,attack
18242,Pkt Len Var,t-1,0.0023839175701141357,attack
18242,Pkt Size Avg,t-1,-0.0014278888702392578,benign
18242,RST Flag Cnt,t-1,-0.001469731330871582,benign
18242,SYN Flag Cnt,t-1,0.006349116563796997,attack
18242,Subflow Bwd Byts,t-1,4.7594308853149414e-05,attack
18242,Subflow Bwd Pkts,t-1,-0.00020566582679748535,benign
18242,Subflow Fwd Byts,t-1,-0.00020432472229003906,benign
18242,Subflow Fwd Pkts,t-1,-0.00040525197982788086,benign
18242,Tot Bwd Pkts,t-1,-0.00026476383209228516,benign
18242,Tot Fwd Pkts,t-1,-0.00023308396339416504,benign
18242,TotLen Bwd Pkts,t-1,-1.6450881958007812e-05,benign
18242,TotLen Fwd Pkts,t-1,-0.00025084614753723145,benign
18242,URG Flag Cnt,t-1,0.0015631318092346191,attack
18242,Protocol_0,t-1,0.00031256675720214844,attack
18242,Protocol_6,t-1,-0.0013725459575653076,benign
18242,Protocol_17,t-1,0.00013783574104309082,attack
18242,ACK Flag Cnt,t,-0.0012462139129638672,benign
18242,Active Max,t,0.0013950765132904053,attack
18242,Active Mean,t,-0.0004843473434448242,benign
18242,Active Min,t,-0.0010195672512054443,benign
18242,Active Std,t,0.000533759593963623,attack
18242,Bwd Header Len,t,-3.9011240005493164e-05,benign
18242,Bwd IAT Max,t,-8.70823860168457e-05,benign
18242,Bwd IAT Mean,t,1.800060272216797e-05,attack
18242,Bwd IAT Min,t,0.00030988454818725586,attack
18242,Bwd IAT Std,t,-1.6689300537109375e-05,benign
18242,Bwd IAT Tot,t,-0.000964820384979248,benign
18242,Bwd Pkt Len Max,t,0.0013153553009033203,attack
18242,Bwd Pkt Len Mean,t,-0.0004920363426208496,benign
18242,Bwd Pkt Len Min,t,0.0007422268390655518,attack
18242,Bwd Pkt Len Std,t,0.001951068639755249,attack
18242,Bwd Pkts/s,t,0.00033530592918395996,attack
18242,Bwd Seg Size Avg,t,0.0003262162208557129,attack
18242,Down/Up Ratio,t,0.0004165768623352051,attack
18242,ECE Flag Cnt,t,-0.0005948841571807861,benign
18242,Flow Byts/s,t,0.0004387795925140381,attack
18242,Flow Duration,t,-0.0008712410926818848,benign
18242,Flow IAT Max,t,-0.0002695322036743164,benign
18242,Flow IAT Mean,t,-0.0013054609298706055,benign
18242,Flow IAT Min,t,-0.002558887004852295,benign
18242,Flow IAT Std,t,0.00046175718307495117,attack
18242,Flow Pkts/s,t,0.0006992220878601074,attack
18242,Fwd Act Data Pkts,t,2.8908252716064453e-05,attack
18242,Fwd Header Len,t,-0.00015613436698913574,benign
18242,Fwd IAT Max,t,-0.0008509159088134766,benign
18242,Fwd IAT Mean,t,-0.001964747905731201,benign
18242,Fwd IAT Min,t,-0.001960158348083496,benign
18242,Fwd IAT Std,t,0.00039881467819213867,attack
18242,Fwd IAT Tot,t,-0.0009615123271942139,benign
18242,Fwd PSH Flags,t,-0.00016734004020690918,benign
18242,Fwd Pkt Len Max,t,-0.0009718835353851318,benign
18242,Fwd Pkt Len Mean,t,-2.1666288375854492e-05,benign
18242,Fwd Pkt Len Min,t,0.00010949373245239258,attack
18242,Fwd Pkt Len Std,t,0.00029268860816955566,attack
18242,Fwd Pkts/s,t,0.00130462646484375,attack
18242,Fwd Seg Size Avg,t,-4.5239925384521484e-05,benign
18242,Fwd Seg Size Min,t,-0.004259586334228516,benign
18242,Idle Max,t,-0.002179384231567383,benign
18242,Idle Mean,t,-0.0014670491218566895,benign
18242,Idle Min,t,-0.00030347704887390137,benign
18242,Idle Std,t,-0.000671684741973877,benign
18242,Init Bwd Win Byts,t,0.0004214644432067871,attack
18242,Init Fwd Win Byts,t,-0.004958748817443848,benign
18242,PSH Flag Cnt,t,-0.0006390213966369629,benign
18242,Pkt Len Max,t,0.0013196766376495361,attack
18242,Pkt Len Mean,t,-0.001113593578338623,benign
18242,Pkt Len Min,t,0.00032633543014526367,attack
18242,Pkt Len Std,t,0.0010906755924224854,attack
18242,Pkt Len Var,t,-0.0020070672035217285,benign
18242,Pkt Size Avg,t,0.00035962462425231934,attack
18242,RST Flag Cnt,t,-0.0005388259887695312,benign
18242,SYN Flag Cnt,t,3.501772880554199e-05,attack
18242,Subflow Bwd Byts,t,-0.00013694167137145996,benign
18242,Subflow Bwd Pkts,t,-5.930662155151367e-06,benign
18242,Subflow Fwd Byts,t,-5.8323144912719727e-05,benign
18242,Subflow Fwd Pkts,t,-0.0008241534233093262,benign
18242,Tot Bwd Pkts,t,-0.0002129971981048584,benign
18242,Tot Fwd Pkts,t,-0.00022134184837341309,benign
18242,TotLen Bwd Pkts,t,-7.43865966796875e-05,benign
18242,TotLen Fwd Pkts,t,-0.00011020898818969727,benign
18242,URG Flag Cnt,t,-0.0012769997119903564,benign
18242,Protocol_0,t,0.0006631910800933838,attack
18242,Protocol_6,t,0.0005792379379272461,attack
18242,Protocol_17,t,-0.0004966557025909424,benign
18426,ACK Flag Cnt,t-9,-0.00027680397033691406,benign
18426,Active Max,t-9,-5.459785461425781e-05,benign
18426,Active Mean,t-9,-5.125999450683594e-05,benign
18426,Active Min,t-9,-8.016824722290039e-05,benign
18426,Active Std,t-9,-3.0279159545898438e-05,benign
18426,Bwd Header Len,t-9,2.4259090423583984e-05,attack
18426,Bwd IAT Max,t-9,-0.00024449825286865234,benign
18426,Bwd IAT Mean,t-9,-5.841255187988281e-06,benign
18426,Bwd IAT Min,t-9,7.766485214233398e-05,attack
18426,Bwd IAT Std,t-9,2.9802322387695312e-05,attack
18426,Bwd IAT Tot,t-9,-0.00014907121658325195,benign
18426,Bwd Pkt Len Max,t-9,-7.033348083496094e-06,benign
18426,Bwd Pkt Len Mean,t-9,9.226799011230469e-05,attack
18426,Bwd Pkt Len Min,t-9,-0.00044339895248413086,benign
18426,Bwd Pkt Len Std,t-9,-1.4066696166992188e-05,benign
18426,Bwd Pkts/s,t-9,0.00021910667419433594,attack
18426,Bwd Seg Size Avg,t-9,0.0001704096794128418,attack
18426,Down/Up Ratio,t-9,-0.00042062997817993164,benign
18426,ECE Flag Cnt,t-9,-0.00024896860122680664,benign
18426,Flow Byts/s,t-9,2.9206275939941406e-06,attack
18426,Flow Duration,t-9,-0.0007639527320861816,benign
18426,Flow IAT Max,t-9,0.0003311634063720703,attack
18426,Flow IAT Mean,t-9,0.001505732536315918,attack
18426,Flow IAT Min,t-9,0.0008914470672607422,attack
18426,Flow IAT Std,t-9,0.00010842084884643555,attack
18426,Flow Pkts/s,t-9,5.829334259033203e-05,attack
18426,Fwd Act Data Pkts,t-9,8.761882781982422e-06,attack
18426,Fwd Header Len,t-9,-1.3470649719238281e-05,benign
18426,Fwd IAT Max,t-9,-7.88569450378418e-05,benign
18426,Fwd IAT Mean,t-9,0.0001785755157470703,attack
18426,Fwd IAT Min,t-9,0.0003814697265625,attack
18426,Fwd IAT Std,t-9,4.5299530029296875e-05,attack
18426,Fwd IAT Tot,t-9,-0.0010639429092407227,benign
18426,Fwd PSH Flags,t-9,-0.0006582736968994141,benign
18426,Fwd Pkt Len Max,t-9,8.541345596313477e-05,attack
18426,Fwd Pkt Len Mean,t-9,2.2470951080322266e-05,attack
18426,Fwd Pkt Len Min,t-9,5.7220458984375e-06,attack
18426,Fwd Pkt Len Std,t-9,-3.731250762939453e-05,benign
18426,Fwd Pkts/s,t-9,-6.717443466186523e-05,benign
18426,Fwd Seg Size Avg,t-9,8.344650268554688e-07,attack
18426,Fwd Seg Size Min,t-9,1.9252300262451172e-05,attack
18426,Idle Max,t-9,0.0003796815872192383,attack
18426,Idle Mean,t-9,-0.00030159950256347656,benign
18426,Idle Min,t-9,-9.417533874511719e-05,benign
18426,Idle Std,t-9,7.510185241699219e-05,attack
18426,Init Bwd Win Byts,t-9,-0.00017768144607543945,benign
18426,Init Fwd Win Byts,t-9,0.0003355741500854492,attack
18426,PSH Flag Cnt,t-9,-2.2292137145996094e-05,benign
18426,Pkt Len Max,t-9,-1.7881393432617188e-05,benign
18426,Pkt Len Mean,t-9,9.429454803466797e-05,attack
18426,Pkt Len Min,t-9,-0.0001481175422668457,benign
18426,Pkt Len Std,t-9,2.4437904357910156e-06,attack
18426,Pkt Len Var,t-9,8.666515350341797e-05,attack
18426,Pkt Size Avg,t-9,3.7550926208496094e-06,attack
18426,RST Flag Cnt,t-9,-0.00017535686492919922,benign
18426,SYN Flag Cnt,t-9,-0.000579833984375,benign
18426,Subflow Bwd Byts,t-9,9.47713851928711e-06,attack
18426,Subflow Bwd Pkts,t-9,-2.9146671295166016e-05,benign
18426,Subflow Fwd Byts,t-9,-7.748603820800781e-06,benign
18426,Subflow Fwd Pkts,t-9,1.8477439880371094e-06,attack
18426,Tot Bwd Pkts,t-9,-2.2351741790771484e-05,benign
18426,Tot Fwd Pkts,t-9,-2.1338462829589844e-05,benign
18426,TotLen Bwd Pkts,t-9,-5.960464477539063e-08,benign
18426,TotLen Fwd Pkts,t-9,-4.708766937255859e-06,benign
18426,URG Flag Cnt,t-9,-1.5795230865478516e-05,benign
18426,Protocol_0,t-9,-0.0002505183219909668,benign
18426,Protocol_6,t-9,3.826618194580078e-05,attack
18426,Protocol_17,t-9,-0.00031751394271850586,benign
18426,ACK Flag Cnt,t-8,-0.00010055303573608398,benign
18426,Active Max,t-8,-4.0411949157714844e-05,benign
18426,Active Mean,t-8,9.500980377197266e-05,attack
18426,Active Min,t-8,6.377696990966797e-06,attack
18426,Active Std,t-8,-4.589557647705078e-06,benign
18426,Bwd Header Len,t-8,9.59634780883789e-06,attack
18426,Bwd IAT Max,t-8,-0.00015366077423095703,benign
18426,Bwd IAT Mean,t-8,0.00011140108108520508,attack
18426,Bwd IAT Min,t-8,3.4689903259277344e-05,attack
18426,Bwd IAT Std,t-8,0.00022262334823608398,attack
18426,Bwd IAT Tot,t-8,0.00014990568161010742,attack
18426,Bwd Pkt Len Max,t-8,-0.00022774934768676758,benign
18426,Bwd Pkt Len Mean,t-8,-0.00014477968215942383,benign
18426,Bwd Pkt Len Min,t-8,-0.00018334388732910156,benign
18426,Bwd Pkt Len Std,t-8,1.6450881958007812e-05,attack
18426,Bwd Pkts/s,t-8,-2.2530555725097656e-05,benign
18426,Bwd Seg Size Avg,t-8,0.00012832880020141602,attack
18426,Down/Up Ratio,t-8,5.9723854064941406e-05,attack
18426,ECE Flag Cnt,t-8,-0.0001055598258972168,benign
18426,Flow Byts/s,t-8,7.37309455871582e-05,attack
18426,Flow Duration,t-8,0.00035697221755981445,attack
18426,Flow IAT Max,t-8,-0.00038176774978637695,benign
18426,Flow IAT Mean,t-8,-0.0008398294448852539,benign
18426,Flow IAT Min,t-8,-0.0008031725883483887,benign
18426,Flow IAT Std,t-8,0.000792086124420166,attack
18426,Flow Pkts/s,t-8,0.0001824498176574707,attack
18426,Fwd Act Data Pkts,t-8,-8.785724639892578e-05,benign
18426,Fwd Header Len,t-8,-0.00016021728515625,benign
18426,Fwd IAT Max,t-8,-0.00039333105087280273,benign
18426,Fwd IAT Mean,t-8,-0.0005437135696411133,benign
18426,Fwd IAT Min,t-8,-0.0005638599395751953,benign
18426,Fwd IAT Std,t-8,0.0005640387535095215,attack
18426,Fwd IAT Tot,t-8,0.0003795027732849121,attack
18426,Fwd PSH Flags,t-8,0.0005552768707275391,attack
18426,Fwd Pkt Len Max,t-8,7.361173629760742e-05,attack
18426,Fwd Pkt Len Mean,t-8,7.05718994140625e-05,attack
18426,Fwd Pkt Len Min,t-8,7.146596908569336e-05,attack
18426,Fwd Pkt Len Std,t-8,-1.0669231414794922e-05,benign
18426,Fwd Pkts/s,t-8,-0.00015807151794433594,benign
18426,Fwd Seg Size Avg,t-8,9.924173355102539e-05,attack
18426,Fwd Seg Size Min,t-8,-0.0018573403358459473,benign
18426,Idle Max,t-8,-0.0007114410400390625,benign
18426,Idle Mean,t-8,-0.0003889799118041992,benign
18426,Idle Min,t-8,-0.0006834268569946289,benign
18426,Idle Std,t-8,0.00022143125534057617,attack
18426,Init Bwd Win Byts,t-8,0.0001304149627685547,attack
18426,Init Fwd Win Byts,t-8,9.09566879272461e-05,attack
18426,PSH Flag Cnt,t-8,-2.562999725341797e-06,benign
18426,Pkt Len Max,t-8,-0.00018137693405151367,benign
18426,Pkt Len Mean,t-8,-0.00021338462829589844,benign
18426,Pkt Len Min,t-8,-0.00012916326522827148,benign
18426,Pkt Len Std,t-8,0.00011622905731201172,attack
18426,Pkt Len Var,t-8,0.0004967451095581055,attack
18426,Pkt Size Avg,t-8,-4.1484832763671875e-05,benign
18426,RST Flag Cnt,t-8,-0.00025832653045654297,benign
18426,SYN Flag Cnt,t-8,0.0002543926239013672,attack
18426,Subflow Bwd Byts,t-8,1.537799835205078e-05,attack
18426,Subflow Bwd Pkts,t-8,-4.5299530029296875e-05,benign
18426,Subflow Fwd Byts,t-8,-6.568431854248047e-05,benign
18426,Subflow Fwd Pkts,t-8,-0.00010728836059570312,benign
18426,Tot Bwd Pkts,t-8,-2.86102294921875e-06,benign
18426,Tot Fwd Pkts,t-8,-0.00012749433517456055,benign
18426,TotLen Bwd Pkts,t-8,-1.4781951904296875e-05,benign
18426,TotLen Fwd Pkts,t-8,-6.860494613647461e-05,benign
18426,URG Flag Cnt,t-8,0.00016617774963378906,attack
18426,Protocol_0,t-8,8.630752563476562e-05,attack
18426,Protocol_6,t-8,-0.00038248300552368164,benign
18426,Protocol_17,t-8,4.2319297790527344e-05,attack
18426,ACK Flag Cnt,t-7,0.00013691186904907227,attack
18426,Active Max,t-7,-4.0411949157714844e-05,benign
18426,Active Mean,t-7,0.00019073486328125,attack
18426,Active Min,t-7,0.00017565488815307617,attack
18426,Active Std,t-7,-8.469820022583008e-05,benign
18426,Bwd Header Len,t-7,2.8371810913085938e-05,attack
18426,Bwd IAT Max,t-7,-5.14984130859375e-05,benign
18426,Bwd IAT Mean,t-7,9.065866470336914e-05,attack
18426,Bwd IAT Min,t-7,-3.1888484954833984e-05,benign
18426,Bwd IAT Std,t-7,0.00020164251327514648,attack
18426,Bwd IAT Tot,t-7,1.895427703857422e-05,attack
18426,Bwd Pkt Len Max,t-7,2.3126602172851562e-05,attack
18426,Bwd Pkt Len Mean,t-7,-9.047985076904297e-05,benign
18426,Bwd Pkt Len Min,t-7,5.799531936645508e-05,attack
18426,Bwd Pkt Len Std,t-7,-1.0728836059570312e-06,benign
18426,Bwd Pkts/s,t-7,-3.8743019104003906e-05,benign
18426,Bwd Seg Size Avg,t-7,-5.352497100830078e-05,benign
18426,Down/Up Ratio,t-7,0.000311434268951416,attack
18426,ECE Flag Cnt,t-7,6.431341171264648e-05,attack
18426,Flow Byts/s,t-7,0.0001391768455505371,attack
18426,Flow Duration,t-7,0.00035136938095092773,attack
18426,Flow IAT Max,t-7,-0.000552058219909668,benign
18426,Flow IAT Mean,t-7,-0.0012668967247009277,benign
18426,Flow IAT Min,t-7,-0.0011813044548034668,benign
18426,Flow IAT Std,t-7,0.0008128881454467773,attack
18426,Flow Pkts/s,t-7,0.0001360774040222168,attack
18426,Fwd Act Data Pkts,t-7,-7.152557373046875e-07,benign
18426,Fwd Header Len,t-7,-2.0503997802734375e-05,benign
18426,Fwd IAT Max,t-7,-0.0007453560829162598,benign
18426,Fwd IAT Mean,t-7,-0.0011234879493713379,benign
18426,Fwd IAT Min,t-7,-0.0009984970092773438,benign
18426,Fwd IAT Std,t-7,0.0005339384078979492,attack
18426,Fwd IAT Tot,t-7,0.00010257959365844727,attack
18426,Fwd PSH Flags,t-7,0.0010393261909484863,attack
18426,Fwd Pkt Len Max,t-7,1.5437602996826172e-05,attack
18426,Fwd Pkt Len Mean,t-7,-1.9073486328125e-06,benign
18426,Fwd Pkt Len Min,t-7,-0.00010037422180175781,benign
18426,Fwd Pkt Len Std,t-7,-5.0961971282958984e-05,benign
18426,Fwd Pkts/s,t-7,-0.0002530813217163086,benign
18426,Fwd Seg Size Avg,t-7,-6.854534149169922e-06,benign
18426,Fwd Seg Size Min,t-7,-0.00020056962966918945,benign
18426,Idle Max,t-7,-0.0013492703437805176,benign
18426,Idle Mean,t-7,-0.000673830509185791,benign
18426,Idle Min,t-7,-0.0008904933929443359,benign
18426,Idle Std,t-7,0.00012153387069702148,attack
18426,Init Bwd Win Byts,t-7,-1.7940998077392578e-05,benign
18426,Init Fwd Win Byts,t-7,-0.0005702376365661621,benign
18426,PSH Flag Cnt,t-7,8.940696716308594e-07,attack
18426,Pkt Len Max,t-7,1.5497207641601562e-05,attack
18426,Pkt Len Mean,t-7,2.199411392211914e-05,attack
18426,Pkt Len Min,t-7,-2.0563602447509766e-05,benign
18426,Pkt Len Std,t-7,7.092952728271484e-06,attack
18426,Pkt Len Var,t-7,5.716085433959961e-05,attack
18426,Pkt Size Avg,t-7,-0.00012236833572387695,benign
18426,RST Flag Cnt,t-7,-3.254413604736328e-05,benign
18426,SYN Flag Cnt,t-7,0.0009157061576843262,attack
18426,Subflow Bwd Byts,t-7,1.6033649444580078e-05,attack
18426,Subflow Bwd Pkts,t-7,-5.960464477539062e-07,benign
18426,Subflow Fwd Byts,t-7,-1.3947486877441406e-05,benign
18426,Subflow Fwd Pkts,t-7,-6.54458999633789e-05,benign
18426,Tot Bwd Pkts,t-7,1.0311603546142578e-05,attack
18426,Tot Fwd Pkts,t-7,-5.072355270385742e-05,benign
18426,TotLen Bwd Pkts,t-7,1.4901161193847656e-06,attack
18426,TotLen Fwd Pkts,t-7,-1.0371208190917969e-05,benign
18426,URG Flag Cnt,t-7,0.00029224157333374023,attack
18426,Protocol_0,t-7,0.00016671419143676758,attack
18426,Protocol_6,t-7,0.0005703568458557129,attack
18426,Protocol_17,t-7,-0.0006620287895202637,benign
18426,ACK Flag Cnt,t-6,0.005527377128601074,attack
18426,Active Max,t-6,0.00016576051712036133,attack
18426,Active Mean,t-6,0.00029581785202026367,attack
18426,Active Min,t-6,0.0002524256706237793,attack
18426,Active Std,t-6,0.00012999773025512695,attack
18426,Bwd Header Len,t-6,6.258487701416016e-05,attack
18426,Bwd IAT Max,t-6,-2.473592758178711e-05,benign
18426,Bwd IAT Mean,t-6,0.00014549493789672852,attack
18426,Bwd IAT Min,t-6,-0.0005369186401367188,benign
18426,Bwd IAT Std,t-6,7.766485214233398e-05,attack
18426,Bwd IAT Tot,t-6,-0.0008971095085144043,benign
18426,Bwd Pkt Len Max,t-6,-0.0015075206756591797,benign
18426,Bwd Pkt Len Mean,t-6,0.0005099773406982422,attack
18426,Bwd Pkt Len Min,t-6,-0.00022780895233154297,benign
18426,Bwd Pkt Len Std,t-6,-0.002650916576385498,benign
18426,Bwd Pkts/s,t-6,-0.0008619427680969238,benign
18426,Bwd Seg Size Avg,t-6,-0.00032788515090942383,benign
18426,Down/Up Ratio,t-6,0.0004017353057861328,attack
18426,ECE Flag Cnt,t-6,0.0009723305702209473,attack
18426,Flow Byts/s,t-6,-0.00017720460891723633,benign
18426,Flow Duration,t-6,0.008210182189941406,attack
18426,Flow IAT Max,t-6,-0.0033853650093078613,benign
18426,Flow IAT Mean,t-6,-0.005227327346801758,benign
18426,Flow IAT Min,t-6,-0.005985081195831299,benign
18426,Flow IAT Std,t-6,-0.00014632940292358398,benign
18426,Flow Pkts/s,t-6,7.301568984985352e-05,attack
18426,Fwd Act Data Pkts,t-6,7.742643356323242e-05,attack
18426,Fwd Header Len,t-6,0.00022202730178833008,attack
18426,Fwd IAT Max,t-6,-0.0008616447448730469,benign
18426,Fwd IAT Mean,t-6,-0.003955543041229248,benign
18426,Fwd IAT Min,t-6,-0.002700507640838623,benign
18426,Fwd IAT Std,t-6,-0.00013458728790283203,benign
18426,Fwd IAT Tot,t-6,0.012997090816497803,attack
18426,Fwd PSH Flags,t-6,0.002888977527618408,attack
18426,Fwd Pkt Len Max,t-6,0.0002632737159729004,attack
18426,Fwd Pkt Len Mean,t-6,-0.0005252957344055176,benign
18426,Fwd Pkt Len Min,t-6,5.8770179748535156e-05,attack
18426,Fwd Pkt Len Std,t-6,-0.00042122602462768555,benign
18426,Fwd Pkts/s,t-6,0.0003076791763305664,attack
18426,Fwd Seg Size Avg,t-6,-0.00020569562911987305,benign
18426,Fwd Seg Size Min,t-6,0.0076302289962768555,attack
18426,Idle Max,t-6,-0.0031909942626953125,benign
18426,Idle Mean,t-6,0.00018358230590820312,attack
18426,Idle Min,t-6,-0.0020720362663269043,benign
18426,Idle Std,t-6,0.00020313262939453125,attack
18426,Init Bwd Win Byts,t-6,-0.0006336569786071777,benign
18426,Init Fwd Win Byts,t-6,-0.007789969444274902,benign
18426,PSH Flag Cnt,t-6,0.0005848407745361328,attack
18426,Pkt Len Max,t-6,-0.0008156299591064453,benign
18426,Pkt Len Mean,t-6,-0.00011545419692993164,benign
18426,Pkt Len Min,t-6,5.257129669189453e-05,attack
18426,Pkt Len Std,t-6,-0.0005782246589660645,benign
18426,Pkt Len Var,t-6,-0.0011036992073059082,benign
18426,Pkt Size Avg,t-6,0.0014123320579528809,attack
18426,RST Flag Cnt,t-6,0.0008048415184020996,attack
18426,SYN Flag Cnt,t-6,0.0027868151664733887,attack
18426,Subflow Bwd Byts,t-6,-5.0067901611328125e-06,benign
18426,Subflow Bwd Pkts,t-6,0.0001308917999267578,attack
18426,Subflow Fwd Byts,t-6,0.00014531612396240234,attack
18426,Subflow Fwd Pkts,t-6,0.0004448890686035156,attack
18426,Tot Bwd Pkts,t-6,0.00011169910430908203,attack
18426,Tot Fwd Pkts,t-6,0.00033932924270629883,attack
18426,TotLen Bwd Pkts,t-6,1.1324882507324219e-05,attack
18426,TotLen Fwd Pkts,t-6,0.00011515617370605469,attack
18426,URG Flag Cnt,t-6,0.0006728172302246094,attack
18426,Protocol_0,t-6,0.001934349536895752,attack
18426,Protocol_6,t-6,0.0006933212280273438,attack
18426,Protocol_17,t-6,-0.0005565285682678223,benign
18426,ACK Flag Cnt,t-5,0.00012981891632080078,attack
18426,Active Max,t-5,0.00017714500427246094,attack
18426,Active Mean,t-5,9.500980377197266e-05,attack
18426,Active Min,t-5,6.99162483215332e-05,attack
18426,Active Std,t-5,0.00018775463104248047,attack
18426,Bwd Header Len,t-5,3.4689903259277344e-05,attack
18426,Bwd IAT Max,t-5,-0.00031363964080810547,benign
18426,Bwd IAT Mean,t-5,-0.00013053417205810547,benign
18426,Bwd IAT Min,t-5,-4.3332576751708984e-05,benign
18426,Bwd IAT Std,t-5,-0.00025469064712524414,benign
18426,Bwd IAT Tot,t-5,-7.62939453125e-06,benign
18426,Bwd Pkt Len Max,t-5,7.355213165283203e-05,attack
18426,Bwd Pkt Len Mean,t-5,7.575750350952148e-05,attack
18426,Bwd Pkt Len Min,t-5,-0.0010370612144470215,benign
18426,Bwd Pkt Len Std,t-5,4.982948303222656e-05,attack
18426,Bwd Pkts/s,t-5,-0.00016379356384277344,benign
18426,Bwd Seg Size Avg,t-5,7.718801498413086e-05,attack
18426,Down/Up Ratio,t-5,0.0005504488945007324,attack
18426,ECE Flag Cnt,t-5,-0.0020244717597961426,benign
18426,Flow Byts/s,t-5,-0.0001347064971923828,benign
18426,Flow Duration,t-5,6.079673767089844e-06,attack
18426,Flow IAT Max,t-5,-0.00021374225616455078,benign
18426,Flow IAT Mean,t-5,0.00022864341735839844,attack
18426,Flow IAT Min,t-5,0.0004401206970214844,attack
18426,Flow IAT Std,t-5,-8.273124694824219e-05,benign
18426,Flow Pkts/s,t-5,5.459785461425781e-05,attack
18426,Fwd Act Data Pkts,t-5,-6.22868537902832e-05,benign
18426,Fwd Header Len,t-5,0.00017392635345458984,attack
18426,Fwd IAT Max,t-5,8.547306060791016e-05,attack
18426,Fwd IAT Mean,t-5,0.00015372037887573242,attack
18426,Fwd IAT Min,t-5,0.0004391670227050781,attack
18426,Fwd IAT Std,t-5,-0.0004870295524597168,benign
18426,Fwd IAT Tot,t-5,0.0003312826156616211,attack
18426,Fwd PSH Flags,t-5,1.6391277313232422e-05,attack
18426,Fwd Pkt Len Max,t-5,0.0006653070449829102,attack
18426,Fwd Pkt Len Mean,t-5,0.0038767457008361816,attack
18426,Fwd Pkt Len Min,t-5,-0.0005094408988952637,benign
18426,Fwd Pkt Len Std,t-5,0.0036777257919311523,attack
18426,Fwd Pkts/s,t-5,-8.684396743774414e-05,benign
18426,Fwd Seg Size Avg,t-5,-0.002205073833465576,benign
18426,Fwd Seg Size Min,t-5,-0.00024962425231933594,benign
18426,Idle Max,t-5,0.0002442598342895508,attack
18426,Idle Mean,t-5,0.00038504600524902344,attack
18426,Idle Min,t-5,0.0009148120880126953,attack
18426,Idle Std,t-5,-5.8531761169433594e-05,benign
18426,Init Bwd Win Byts,t-5,-0.0005654096603393555,benign
18426,Init Fwd Win Byts,t-5,-0.0005296468734741211,benign
18426,PSH Flag Cnt,t-5,-2.7120113372802734e-05,benign
18426,Pkt Len Max,t-5,8.58306884765625e-06,attack
18426,Pkt Len Mean,t-5,-0.0011664032936096191,benign
18426,Pkt Len Min,t-5,0.00029778480529785156,attack
18426,Pkt Len Std,t-5,8.082389831542969e-05,attack
18426,Pkt Len Var,t-5,0.000577390193939209,attack
18426,Pkt Size Avg,t-5,0.000152587890625,attack
18426,RST Flag Cnt,t-5,-0.0014603734016418457,benign
18426,SYN Flag Cnt,t-5,-8.976459503173828e-05,benign
18426,Subflow Bwd Byts,t-5,-2.1457672119140625e-06,benign
18426,Subflow Bwd Pkts,t-5,-7.015466690063477e-05,benign
18426,Subflow Fwd Byts,t-5,2.2351741790771484e-05,attack
18426,Subflow Fwd Pkts,t-5,-1.7762184143066406e-05,benign
18426,Tot Bwd Pkts,t-5,-3.3974647521972656e-05,benign
18426,Tot Fwd Pkts,t-5,6.276369094848633e-05,attack
18426,TotLen Bwd Pkts,t-5,1.7702579498291016e-05,attack
18426,TotLen Fwd Pkts,t-5,2.1219253540039062e-05,attack
18426,URG Flag Cnt,t-5,0.00035631656646728516,attack
18426,Protocol_0,t-5,-1.0967254638671875e-05,benign
18426,Protocol_6,t-5,0.0006202459335327148,attack
18426,Protocol_17,t-5,-0.000553429126739502,benign
18426,ACK Flag Cnt,t-4,-0.00020551681518554688,benign
18426,Active Max,t-4,8.356571197509766e-05,attack
18426,Active Mean,t-4,1.71661376953125e-05,attack
18426,Active Min,t-4,-6.222724914550781e-05,benign
18426,Active Std,t-4,5.239248275756836e-05,attack
18426,Bwd Header Len,t-4,1.3589859008789062e-05,attack
18426,Bwd IAT Max,t-4,-2.2470951080322266e-05,benign
18426,Bwd IAT Mean,t-4,9.828805923461914e-05,attack
18426,Bwd IAT Min,t-4,-6.0498714447021484e-05,benign
18426,Bwd IAT Std,t-4,-3.9637088775634766e-05,benign
18426,Bwd IAT Tot,t-4,0.0007466673851013184,attack
18426,Bwd Pkt Len Max,t-4,-8.165836334228516e-06,benign
18426,Bwd Pkt Len Mean,t-4,0.0003380775451660156,attack
18426,Bwd Pkt Len Min,t-4,-0.0015799999237060547,benign
18426,Bwd Pkt Len Std,t-4,0.0008243918418884277,attack
18426,Bwd Pkts/s,t-4,0.00017136335372924805,attack
18426,Bwd Seg Size Avg,t-4,0.0005928874015808105,attack
18426,Down/Up Ratio,t-4,-4.76837158203125e-07,benign
18426,ECE Flag Cnt,t-4,-0.002468287944793701,benign
18426,Flow Byts/s,t-4,-0.00015217065811157227,benign
18426,Flow Duration,t-4,0.00026792287826538086,attack
18426,Flow IAT Max,t-4,-0.0003504753112792969,benign
18426,Flow IAT Mean,t-4,0.000535130500793457,attack
18426,Flow IAT Min,t-4,0.0007050037384033203,attack
18426,Flow IAT Std,t-4,9.059906005859375e-06,attack
18426,Flow Pkts/s,t-4,-0.00013935565948486328,benign
18426,Fwd Act Data Pkts,t-4,0.00018900632858276367,attack
18426,Fwd Header Len,t-4,8.893013000488281e-05,attack
18426,Fwd IAT Max,t-4,-0.00022369623184204102,benign
18426,Fwd IAT Mean,t-4,0.0003306269645690918,attack
18426,Fwd IAT Min,t-4,0.0004105567932128906,attack
18426,Fwd IAT Std,t-4,-0.0006933212280273438,benign
18426,Fwd IAT Tot,t-4,0.001259148120880127,attack
18426,Fwd PSH Flags,t-4,-0.0005461573600769043,benign
18426,Fwd Pkt Len Max,t-4,0.0002982020378112793,attack
18426,Fwd Pkt Len Mean,t-4,5.650520324707031e-05,attack
18426,Fwd Pkt Len Min,t-4,-0.0004432201385498047,benign
18426,Fwd Pkt Len Std,t-4,-0.000331878662109375,benign
18426,Fwd Pkts/s,t-4,-0.00027441978454589844,benign
18426,Fwd Seg Size Avg,t-4,-0.0006445050239562988,benign
18426,Fwd Seg Size Min,t-4,-0.0016379356384277344,benign
18426,Idle Max,t-4,0.0009459257125854492,attack
18426,Idle Mean,t-4,0.0004264712333679199,attack
18426,Idle Min,t-4,0.0006530880928039551,attack
18426,Idle Std,t-4,0.00024968385696411133,attack
18426,Init Bwd Win Byts,t-4,-0.00038057565689086914,benign
18426,Init Fwd Win Byts,t-4,7.68899917602539e-06,attack
18426,PSH Flag Cnt,t-4,-5.5849552154541016e-05,benign
18426,Pkt Len Max,t-4,-0.0008485913276672363,benign
18426,Pkt Len Mean,t-4,0.00030797719955444336,attack
18426,Pkt Len Min,t-4,1.8715858459472656e-05,attack
18426,Pkt Len Std,t-4,8.046627044677734e-05,attack
18426,Pkt Len Var,t-4,-0.0001608729362487793,benign
18426,Pkt Size Avg,t-4,0.00018393993377685547,attack
18426,RST Flag Cnt,t-4,-0.0017700791358947754,benign
18426,SYN Flag Cnt,t-4,-0.0002728700637817383,benign
18426,Subflow Bwd Byts,t-4,2.193450927734375e-05,attack
18426,Subflow Bwd Pkts,t-4,-2.2590160369873047e-05,benign
18426,Subflow Fwd Byts,t-4,6.794929504394531e-05,attack
18426,Subflow Fwd Pkts,t-4,0.00018644332885742188,attack
18426,Tot Bwd Pkts,t-4,-3.3915042877197266e-05,benign
18426,Tot Fwd Pkts,t-4,0.00018554925918579102,attack
18426,TotLen Bwd Pkts,t-4,5.066394805908203e-05,attack
18426,TotLen Fwd Pkts,t-4,4.470348358154297e-05,attack
18426,URG Flag Cnt,t-4,0.0001487135887145996,attack
18426,Protocol_0,t-4,-0.00011777877807617188,benign
18426,Protocol_6,t-4,0.0006682872772216797,attack
18426,Protocol_17,t-4,-0.0010188817977905273,benign
18426,ACK Flag Cnt,t-3,0.000896751880645752,attack
18426,Active Max,t-3,8.338689804077148e-05,attack
18426,Active Mean,t-3,1.919269561767578e-05,attack
18426,Active Min,t-3,-3.826618194580078e-05,benign
18426,Active Std,t-3,7.30752944946289e-05,attack
18426,Bwd Header Len,t-3,-1.33514404296875e-05,benign
18426,Bwd IAT Max,t-3,-0.0032033920288085938,benign
18426,Bwd IAT Mean,t-3,-0.0004448890686035156,benign
18426,Bwd IAT Min,t-3,-0.0022672414779663086,benign
18426,Bwd IAT Std,t-3,0.000805199146270752,attack
18426,Bwd IAT Tot,t-3,-0.022159814834594727,benign
18426,Bwd Pkt Len Max,t-3,-0.0007968544960021973,benign
18426,Bwd Pkt Len Mean,t-3,-0.0009617805480957031,benign
18426,Bwd Pkt Len Min,t-3,-0.00019752979278564453,benign
18426,Bwd Pkt Len Std,t-3,-0.0026508569717407227,benign
18426,Bwd Pkts/s,t-3,0.0004540085792541504,attack
18426,Bwd Seg Size Avg,t-3,-0.0008915066719055176,benign
18426,Down/Up Ratio,t-3,-0.0014481544494628906,benign
18426,ECE Flag Cnt,t-3,-0.0009435415267944336,benign
18426,Flow Byts/s,t-3,-0.0005996227264404297,benign
18426,Flow Duration,t-3,-0.005523085594177246,benign
18426,Flow IAT Max,t-3,-0.00021338462829589844,benign
18426,Flow IAT Mean,t-3,-0.0007165670394897461,benign
18426,Flow IAT Min,t-3,0.0005424618721008301,attack
18426,Flow IAT Std,t-3,-0.0019048452377319336,benign
18426,Flow Pkts/s,t-3,-0.0004076361656188965,benign
18426,Fwd Act Data Pkts,t-3,0.0003571510314941406,attack
18426,Fwd Header Len,t-3,-0.00021564960479736328,benign
18426,Fwd IAT Max,t-3,-0.0007104277610778809,benign
18426,Fwd IAT Mean,t-3,-0.0008156895637512207,benign
18426,Fwd IAT Min,t-3,0.0007297396659851074,attack
18426,Fwd IAT Std,t-3,0.004800677299499512,attack
18426,Fwd IAT Tot,t-3,-0.0063970088958740234,benign
18426,Fwd PSH Flags,t-3,-0.000321805477142334,benign
18426,Fwd Pkt Len Max,t-3,-0.0011669397354125977,benign
18426,Fwd Pkt Len Mean,t-3,-0.0008224248886108398,benign
18426,Fwd Pkt Len Min,t-3,-1.1444091796875e-05,benign
18426,Fwd Pkt Len Std,t-3,-0.0017507672309875488,benign
18426,Fwd Pkts/s,t-3,-0.0006327629089355469,benign
18426,Fwd Seg Size Avg,t-3,-0.0007048845291137695,benign
18426,Fwd Seg Size Min,t-3,0.009043335914611816,attack
18426,Idle Max,t-3,-0.00047069787979125977,benign
18426,Idle Mean,t-3,-0.0007341504096984863,benign
18426,Idle Min,t-3,0.0003312826156616211,attack
18426,Idle Std,t-3,0.00019246339797973633,attack
18426,Init Bwd Win Byts,t-3,-0.00019752979278564453,benign
18426,Init Fwd Win Byts,t-3,0.0012832283973693848,attack
18426,PSH Flag Cnt,t-3,0.0001208186149597168,attack
18426,Pkt Len Max,t-3,-0.0007336735725402832,benign
18426,Pkt Len Mean,t-3,-0.0017573833465576172,benign
18426,Pkt Len Min,t-3,7.510185241699219e-06,attack
18426,Pkt Len Std,t-3,-0.0028735995292663574,benign
18426,Pkt Len Var,t-3,-6.723403930664062e-05,benign
18426,Pkt Size Avg,t-3,-0.0019753575325012207,benign
18426,RST Flag Cnt,t-3,-0.0016093850135803223,benign
18426,SYN Flag Cnt,t-3,-0.0013966560363769531,benign
18426,Subflow Bwd Byts,t-3,8.225440979003906e-06,attack
18426,Subflow Bwd Pkts,t-3,-1.7881393432617188e-07,benign
18426,Subflow Fwd Byts,t-3,8.398294448852539e-05,attack
18426,Subflow Fwd Pkts,t-3,0.0003533363342285156,attack
18426,Tot Bwd Pkts,t-3,5.0187110900878906e-05,attack
18426,Tot Fwd Pkts,t-3,0.0005629658699035645,attack
18426,TotLen Bwd Pkts,t-3,3.4809112548828125e-05,attack
18426,TotLen Fwd Pkts,t-3,2.2411346435546875e-05,attack
18426,URG Flag Cnt,t-3,0.0005030632019042969,attack
18426,Protocol_0,t-3,-0.0001919865608215332,benign
18426,Protocol_6,t-3,-0.0013325810432434082,benign
18426,Protocol_17,t-3,0.0034116506576538086,attack
18426,ACK Flag Cnt,t-2,-0.0009363293647766113,benign
18426,Active Max,t-2,-0.00030112266540527344,benign
18426,Active Mean,t-2,-5.21540641784668e-05,benign
18426,Active Min,t-2,-0.0006157159805297852,benign
18426,Active Std,t-2,-0.0001442432403564453,benign
18426,Bwd Header Len,t-2,0.00020569562911987305,attack
18426,Bwd IAT Max,t-2,0.0008693337440490723,attack
18426,Bwd IAT Mean,t-2,-0.0016937255859375,benign
18426,Bwd IAT Min,t-2,-0.004590272903442383,benign
18426,Bwd IAT Std,t-2,0.0008968710899353027,attack
18426,Bwd IAT Tot,t-2,0.00028389692306518555,attack
18426,Bwd Pkt Len Max,t-2,8.493661880493164e-05,attack
18426,Bwd Pkt Len Mean,t-2,0.0011884570121765137,attack
18426,Bwd Pkt Len Min,t-2,-0.004831910133361816,benign
18426,Bwd Pkt Len Std,t-2,0.0015016794204711914,attack
18426,Bwd Pkts/s,t-2,0.0007058382034301758,attack
18426,Bwd Seg Size Avg,t-2,0.0010607242584228516,attack
18426,Down/Up Ratio,t-2,-0.00048607587814331055,benign
18426,ECE Flag Cnt,t-2,-0.0006693005561828613,benign
18426,Flow Byts/s,t-2,-0.0007392168045043945,benign
18426,Flow Duration,t-2,-0.00301283597946167,benign
18426,Flow IAT Max,t-2,0.0015705227851867676,attack
18426,Flow IAT Mean,t-2,0.010673999786376953,attack
18426,Flow IAT Min,t-2,0.010947585105895996,attack
18426,Flow IAT Std,t-2,-0.0045087337493896484,benign
18426,Flow Pkts/s,t-2,0.00016838312149047852,attack
18426,Fwd Act Data Pkts,t-2,0.00017684698104858398,attack
18426,Fwd Header Len,t-2,7.718801498413086e-05,attack
18426,Fwd IAT Max,t-2,6.55055046081543e-05,attack
18426,Fwd IAT Mean,t-2,0.009613871574401855,attack
18426,Fwd IAT Min,t-2,0.014837801456451416,attack
18426,Fwd IAT Std,t-2,0.0016575455665588379,attack
18426,Fwd IAT Tot,t-2,-0.002688586711883545,benign
18426,Fwd PSH Flags,t-2,-0.0031352639198303223,benign
18426,Fwd Pkt Len Max,t-2,-0.000592648983001709,benign
18426,Fwd Pkt Len Mean,t-2,-0.0002791881561279297,benign
18426,Fwd Pkt Len Min,t-2,-0.0013135075569152832,benign
18426,Fwd Pkt Len Std,t-2,-0.00035500526428222656,benign
18426,Fwd Pkts/s,t-2,-0.0007146596908569336,benign
18426,Fwd Seg Size Avg,t-2,-0.0007249712944030762,benign
18426,Fwd Seg Size Min,t-2,0.0001131296157836914,attack
18426,Idle Max,t-2,0.00527036190032959,attack
18426,Idle Mean,t-2,9.870529174804688e-05,attack
18426,Idle Min,t-2,0.007508814334869385,attack
18426,Idle Std,t-2,-0.0003744363784790039,benign
18426,Init Bwd Win Byts,t-2,2.777576446533203e-05,attack
18426,Init Fwd Win Byts,t-2,0.00592648983001709,attack
18426,PSH Flag Cnt,t-2,-7.170438766479492e-05,benign
18426,Pkt Len Max,t-2,6.771087646484375e-05,attack
18426,Pkt Len Mean,t-2,0.0015572905540466309,attack
18426,Pkt Len Min,t-2,-0.0008969306945800781,benign
18426,Pkt Len Std,t-2,-0.0003891587257385254,benign
18426,Pkt Len Var,t-2,0.0019342303276062012,attack
18426,Pkt Size Avg,t-2,-0.0013477206230163574,benign
18426,RST Flag Cnt,t-2,-0.0006088018417358398,benign
18426,SYN Flag Cnt,t-2,-0.0036933422088623047,benign
18426,Subflow Bwd Byts,t-2,0.00011909008026123047,attack
18426,Subflow Bwd Pkts,t-2,1.3172626495361328e-05,attack
18426,Subflow Fwd Byts,t-2,5.418062210083008e-05,attack
18426,Subflow Fwd Pkts,t-2,0.00017344951629638672,attack
18426,Tot Bwd Pkts,t-2,-1.9788742065429688e-05,benign
18426,Tot Fwd Pkts,t-2,8.89897346496582e-05,attack
18426,TotLen Bwd Pkts,t-2,-6.014108657836914e-05,benign
18426,TotLen Fwd Pkts,t-2,7.873773574829102e-05,attack
18426,URG Flag Cnt,t-2,0.0017573833465576172,attack
18426,Protocol_0,t-2,-0.001586616039276123,benign
18426,Protocol_6,t-2,0.00012809038162231445,attack
18426,Protocol_17,t-2,-0.001397550106048584,benign
18426,ACK Flag Cnt,t-1,0.0003770589828491211,attack
18426,Active Max,t-1,2.4199485778808594e-05,attack
18426,Active Mean,t-1,0.0004426240921020508,attack
18426,Active Min,t-1,-0.00012868642807006836,benign
18426,Active Std,t-1,-5.507469177246094e-05,benign
18426,Bwd Header Len,t-1,6.788969039916992e-05,attack
18426,Bwd IAT Max,t-1,0.0007802844047546387,attack
18426,Bwd IAT Mean,t-1,0.0009735822677612305,attack
18426,Bwd IAT Min,t-1,0.00019043684005737305,attack
18426,Bwd IAT Std,t-1,0.0026996731758117676,attack
18426,Bwd IAT Tot,t-1,0.00011050701141357422,attack
18426,Bwd Pkt Len Max,t-1,0.0032429099082946777,attack
18426,Bwd Pkt Len Mean,t-1,0.0013470649719238281,attack
18426,Bwd Pkt Len Min,t-1,-0.003191351890563965,benign
18426,Bwd Pkt Len Std,t-1,0.006877303123474121,attack
18426,Bwd Pkts/s,t-1,0.000491797924041748,attack
18426,Bwd Seg Size Avg,t-1,-0.0005990862846374512,benign
18426,Down/Up Ratio,t-1,0.00020229816436767578,attack
18426,ECE Flag Cnt,t-1,0.0004850029945373535,attack
18426,Flow Byts/s,t-1,-9.59634780883789e-05,benign
18426,Flow Duration,t-1,0.004610240459442139,attack
18426,Flow IAT Max,t-1,-0.0004850625991821289,benign
18426,Flow IAT Mean,t-1,-0.002742290496826172,benign
18426,Flow IAT Min,t-1,-0.004132986068725586,benign
18426,Flow IAT Std,t-1,0.003975808620452881,attack
18426,Flow Pkts/s,t-1,0.0009848475456237793,attack
18426,Fwd Act Data Pkts,t-1,0.00025981664657592773,attack
18426,Fwd Header Len,t-1,-0.0004277825355529785,benign
18426,Fwd IAT Max,t-1,-0.0008351802825927734,benign
18426,Fwd IAT Mean,t-1,-0.00206834077835083,benign
18426,Fwd IAT Min,t-1,-0.002505004405975342,benign
18426,Fwd IAT Std,t-1,0.004282057285308838,attack
18426,Fwd IAT Tot,t-1,0.004079759120941162,attack
18426,Fwd PSH Flags,t-1,0.0021452903747558594,attack
18426,Fwd Pkt Len Max,t-1,0.0006390213966369629,attack
18426,Fwd Pkt Len Mean,t-1,-0.000767827033996582,benign
18426,Fwd Pkt Len Min,t-1,-0.0008744597434997559,benign
18426,Fwd Pkt Len Std,t-1,0.001687765121459961,attack
18426,Fwd Pkts/s,t-1,-0.0008117556571960449,benign
18426,Fwd Seg Size Avg,t-1,0.0014420151710510254,attack
18426,Fwd Seg Size Min,t-1,-0.0012027621269226074,benign
18426,Idle Max,t-1,-0.0032399892807006836,benign
18426,Idle Mean,t-1,-0.0013735294342041016,benign
18426,Idle Min,t-1,-0.003956913948059082,benign
18426,Idle Std,t-1,0.00028574466705322266,attack
18426,Init Bwd Win Byts,t-1,0.0020080208778381348,attack
18426,Init Fwd Win Byts,t-1,-2.2172927856445312e-05,benign
18426,PSH Flag Cnt,t-1,-3.069639205932617e-05,benign
18426,Pkt Len Max,t-1,-0.0009943246841430664,benign
18426,Pkt Len Mean,t-1,-0.00018608570098876953,benign
18426,Pkt Len Min,t-1,-0.002376735210418701,benign
18426,Pkt Len Std,t-1,-0.0013362765312194824,benign
18426,Pkt Len Var,t-1,0.004046201705932617,attack
18426,Pkt Size Avg,t-1,-0.0029889345169067383,benign
18426,RST Flag Cnt,t-1,-0.0004724860191345215,benign
18426,SYN Flag Cnt,t-1,0.0007019639015197754,attack
18426,Subflow Bwd Byts,t-1,0.0001500844955444336,attack
18426,Subflow Bwd Pkts,t-1,-0.0001081228256225586,benign
18426,Subflow Fwd Byts,t-1,-0.0001017451286315918,benign
18426,Subflow Fwd Pkts,t-1,-0.00019925832748413086,benign
18426,Tot Bwd Pkts,t-1,0.00015366077423095703,attack
18426,Tot Fwd Pkts,t-1,2.962350845336914e-05,attack
18426,TotLen Bwd Pkts,t-1,-5.2988529205322266e-05,benign
18426,TotLen Fwd Pkts,t-1,-0.00010538101196289062,benign
18426,URG Flag Cnt,t-1,0.0034804940223693848,attack
18426,Protocol_0,t-1,0.0007113218307495117,attack
18426,Protocol_6,t-1,-0.0016527175903320312,benign
18426,Protocol_17,t-1,0.00021398067474365234,attack
18426,ACK Flag Cnt,t,-0.010499298572540283,benign
18426,Active Max,t,-0.00013744831085205078,benign
18426,Active Mean,t,0.00010454654693603516,attack
18426,Active Min,t,5.125999450683594e-06,attack
18426,Active Std,t,-0.00032335519790649414,benign
18426,Bwd Header Len,t,-9.459257125854492e-05,benign
18426,Bwd IAT Max,t,-0.0008138418197631836,benign
18426,Bwd IAT Mean,t,0.0016303062438964844,attack
18426,Bwd IAT Min,t,0.00033968687057495117,attack
18426,Bwd IAT Std,t,6.735324859619141e-06,attack
18426,Bwd IAT Tot,t,-7.796287536621094e-05,benign
18426,Bwd Pkt Len Max,t,0.0013020634651184082,attack
18426,Bwd Pkt Len Mean,t,4.6312808990478516e-05,attack
18426,Bwd Pkt Len Min,t,-0.002511262893676758,benign
18426,Bwd Pkt Len Std,t,0.0009859800338745117,attack
18426,Bwd Pkts/s,t,-0.0016629695892333984,benign
18426,Bwd Seg Size Avg,t,-0.0009553432464599609,benign
18426,Down/Up Ratio,t,0.0052138566970825195,attack
18426,ECE Flag Cnt,t,-0.002070128917694092,benign
18426,Flow Byts/s,t,0.00033533573150634766,attack
18426,Flow Duration,t,0.005627930164337158,attack
18426,Flow IAT Max,t,-0.0005379915237426758,benign
18426,Flow IAT Mean,t,-0.0030219554901123047,benign
18426,Flow IAT Min,t,-0.004039764404296875,benign
18426,Flow IAT Std,t,0.00360715389251709,attack
18426,Flow Pkts/s,t,0.0001697540283203125,attack
18426,Fwd Act Data Pkts,t,0.00037407875061035156,attack
18426,Fwd Header Len,t,-0.0005963444709777832,benign
18426,Fwd IAT Max,t,-0.0007342100143432617,benign
18426,Fwd IAT Mean,t,-0.0028389692306518555,benign
18426,Fwd IAT Min,t,-0.0027608871459960938,benign
18426,Fwd IAT Std,t,0.004847884178161621,attack
18426,Fwd IAT Tot,t,0.004048526287078857,attack
18426,Fwd PSH Flags,t,-0.0038089752197265625,benign
18426,Fwd Pkt Len Max,t,-1.6987323760986328e-05,benign
18426,Fwd Pkt Len Mean,t,3.123283386230469e-05,attack
18426,Fwd Pkt Len Min,t,-0.0017380714416503906,benign
18426,Fwd Pkt Len Std,t,0.0003769993782043457,attack
18426,Fwd Pkts/s,t,-0.00011235475540161133,benign
18426,Fwd Seg Size Avg,t,0.000582575798034668,attack
18426,Fwd Seg Size Min,t,0.008668243885040283,attack
18426,Idle Max,t,-0.004483461380004883,benign
18426,Idle Mean,t,-0.0016592144966125488,benign
18426,Idle Min,t,-0.005051374435424805,benign
18426,Idle Std,t,-0.00015288591384887695,benign
18426,Init Bwd Win Byts,t,0.003899097442626953,attack
18426,Init Fwd Win Byts,t,0.0017905831336975098,attack
18426,PSH Flag Cnt,t,-0.00035011768341064453,benign
18426,Pkt Len Max,t,-7.510185241699219e-05,benign
18426,Pkt Len Mean,t,-0.002615511417388916,benign
18426,Pkt Len Min,t,-0.0020845532417297363,benign
18426,Pkt Len Std,t,-0.0001170039176940918,benign
18426,Pkt Len Var,t,-0.00034749507904052734,benign
18426,Pkt Size Avg,t,-0.0003153681755065918,benign
18426,RST Flag Cnt,t,-0.0024148225784301758,benign
18426,SYN Flag Cnt,t,-0.004579901695251465,benign
18426,Subflow Bwd Byts,t,2.771615982055664e-05,attack
18426,Subflow Bwd Pkts,t,-8.630752563476562e-05,benign
18426,Subflow Fwd Byts,t,-7.808208465576172e-06,benign
18426,Subflow Fwd Pkts,t,-0.0009282827377319336,benign
18426,Tot Bwd Pkts,t,3.1948089599609375e-05,attack
18426,Tot Fwd Pkts,t,-0.0006597638130187988,benign
18426,TotLen Bwd Pkts,t,-0.0001353621482849121,benign
18426,TotLen Fwd Pkts,t,-0.00013452768325805664,benign
18426,URG Flag Cnt,t,-0.0009483098983764648,benign
18426,Protocol_0,t,0.0008357763290405273,attack
18426,Protocol_6,t,-0.0008782744407653809,benign
18426,Protocol_17,t,-0.0009961128234863281,benign
18609,ACK Flag Cnt,t-9,1.2129545211791992e-05,attack
18609,Active Max,t-9,2.0295381546020508e-05,attack
18609,Active Mean,t-9,1.5079975128173828e-05,attack
18609,Active Min,t-9,3.236532211303711e-05,attack
18609,Active Std,t-9,3.725290298461914e-06,attack
18609,Bwd Header Len,t-9,7.361173629760742e-06,attack
18609,Bwd IAT Max,t-9,0.00013977289199829102,attack
18609,Bwd IAT Mean,t-9,8.612871170043945e-06,attack
18609,Bwd IAT Min,t-9,-3.1828880310058594e-05,benign
18609,Bwd IAT Std,t-9,0.00027382373809814453,attack
18609,Bwd IAT Tot,t-9,8.705258369445801e-05,attack
18609,Bwd Pkt Len Max,t-9,-2.4974346160888672e-05,benign
18609,Bwd Pkt Len Mean,t-9,1.564621925354004e-05,attack
18609,Bwd Pkt Len Min,t-9,-0.00010731816291809082,benign
18609,Bwd Pkt Len Std,t-9,6.303191184997559e-05,attack
18609,Bwd Pkts/s,t-9,-4.100799560546875e-05,benign
18609,Bwd Seg Size Avg,t-9,2.855062484741211e-05,attack
18609,Down/Up Ratio,t-9,-2.1457672119140625e-05,benign
18609,ECE Flag Cnt,t-9,0.0004642009735107422,attack
18609,Flow Byts/s,t-9,-1.430511474609375e-05,benign
18609,Flow Duration,t-9,2.8967857360839844e-05,attack
18609,Flow IAT Max,t-9,-3.454089164733887e-05,benign
18609,Flow IAT Mean,t-9,0.00016197562217712402,attack
18609,Flow IAT Min,t-9,0.00013267993927001953,attack
18609,Flow IAT Std,t-9,8.422136306762695e-05,attack
18609,Flow Pkts/s,t-9,-1.8388032913208008e-05,benign
18609,Fwd Act Data Pkts,t-9,0.00011813640594482422,attack
18609,Fwd Header Len,t-9,2.2649765014648438e-06,attack
18609,Fwd IAT Max,t-9,-3.4481287002563477e-05,benign
18609,Fwd IAT Mean,t-9,4.789233207702637e-05,attack
18609,Fwd IAT Min,t-9,0.00019222497940063477,attack
18609,Fwd IAT Std,t-9,-6.258487701416016e-06,benign
18609,Fwd IAT Tot,t-9,5.587935447692871e-05,attack
18609,Fwd PSH Flags,t-9,-4.1365623474121094e-05,benign
18609,Fwd Pkt Len Max,t-9,-2.2917985916137695e-05,benign
18609,Fwd Pkt Len Mean,t-9,-1.1354684829711914e-05,benign
18609,Fwd Pkt Len Min,t-9,-2.7567148208618164e-05,benign
18609,Fwd Pkt Len Std,t-9,-3.74913215637207e-05,benign
18609,Fwd Pkts/s,t-9,-4.76837158203125e-07,benign
18609,Fwd Seg Size Avg,t-9,-3.579258918762207e-05,benign
18609,Fwd Seg Size Min,t-9,-4.9740076065063477e-05,benign
18609,Idle Max,t-9,-3.415346145629883e-05,benign
18609,Idle Mean,t-9,-5.1856040954589844e-05,benign
18609,Idle Min,t-9,-0.00011140108108520508,benign
18609,Idle Std,t-9,-1.58846378326416e-05,benign
18609,Init Bwd Win Byts,t-9,-5.8531761169433594e-05,benign
18609,Init Fwd Win Byts,t-9,5.424022674560547e-06,attack
18609,PSH Flag Cnt,t-9,-3.635883331298828e-06,benign
18609,Pkt Len Max,t-9,4.023313522338867e-06,attack
18609,Pkt Len Mean,t-9,1.0132789611816406e-06,attack
18609,Pkt Len Min,t-9,-5.97834587097168e-05,benign
18609,Pkt Len Std,t-9,-3.1441450119018555e-05,benign
18609,Pkt Len Var,t-9,3.1620264053344727e-05,attack
18609,Pkt Size Avg,t-9,-5.59389591217041e-05,benign
18609,RST Flag Cnt,t-9,-9.98377799987793e-06,benign
18609,SYN Flag Cnt,t-9,-0.00011229515075683594,benign
18609,Subflow Bwd Byts,t-9,-1.7881393432617188e-07,benign
18609,Subflow Bwd Pkts,t-9,-1.6897916793823242e-05,benign
18609,Subflow Fwd Byts,t-9,-1.2934207916259766e-05,benign
18609,Subflow Fwd Pkts,t-9,6.246566772460938e-05,attack
18609,Tot Bwd Pkts,t-9,-3.272294998168945e-05,benign
18609,Tot Fwd Pkts,t-9,1.3589859008789062e-05,attack
18609,TotLen Bwd Pkts,t-9,6.556510925292969e-07,attack
18609,TotLen Fwd Pkts,t-9,-1.9371509552001953e-06,benign
18609,URG Flag Cnt,t-9,-0.00019952654838562012,benign
18609,Protocol_0,t-9,-7.271766662597656e-06,benign
18609,Protocol_6,t-9,-2.41696834564209e-05,benign
18609,Protocol_17,t-9,-4.425644874572754e-05,benign
18609,ACK Flag Cnt,t-8,-0.00023895502090454102,benign
18609,Active Max,t-8,1.2010335922241211e-05,attack
18609,Active Mean,t-8,-1.0788440704345703e-05,benign
18609,Active Min,t-8,-7.599592208862305e-06,benign
18609,Active Std,t-8,0.0001004338264465332,attack
18609,Bwd Header Len,t-8,-3.993511199951172e-06,benign
18609,Bwd IAT Max,t-8,-0.00024706125259399414,benign
18609,Bwd IAT Mean,t-8,-0.0002275407314300537,benign
18609,Bwd IAT Min,t-8,-6.052851676940918e-05,benign
18609,Bwd IAT Std,t-8,-0.0004057586193084717,benign
18609,Bwd IAT Tot,t-8,4.532933235168457e-05,attack
18609,Bwd Pkt Len Max,t-8,-0.0007432401180267334,benign
18609,Bwd Pkt Len Mean,t-8,-5.3048133850097656e-05,benign
18609,Bwd Pkt Len Min,t-8,0.00015303492546081543,attack
18609,Bwd Pkt Len Std,t-8,-0.0008032023906707764,benign
18609,Bwd Pkts/s,t-8,4.6372413635253906e-05,attack
18609,Bwd Seg Size Avg,t-8,-0.00033155083656311035,benign
18609,Down/Up Ratio,t-8,-0.00017255544662475586,benign
18609,ECE Flag Cnt,t-8,-0.00018352270126342773,benign
18609,Flow Byts/s,t-8,-9.432435035705566e-05,benign
18609,Flow Duration,t-8,0.0002669692039489746,attack
18609,Flow IAT Max,t-8,-0.0002792477607727051,benign
18609,Flow IAT Mean,t-8,-0.0007896125316619873,benign
18609,Flow IAT Min,t-8,-0.0005080103874206543,benign
18609,Flow IAT Std,t-8,0.0004469454288482666,attack
18609,Flow Pkts/s,t-8,-8.302927017211914e-05,benign
18609,Fwd Act Data Pkts,t-8,-1.7285346984863281e-06,benign
18609,Fwd Header Len,t-8,4.431605339050293e-05,attack
18609,Fwd IAT Max,t-8,-0.0005623400211334229,benign
18609,Fwd IAT Mean,t-8,-0.000524371862411499,benign
18609,Fwd IAT Min,t-8,-0.0004602968692779541,benign
18609,Fwd IAT Std,t-8,0.0003275573253631592,attack
18609,Fwd IAT Tot,t-8,0.0005345344543457031,attack
18609,Fwd PSH Flags,t-8,1.621246337890625e-05,attack
18609,Fwd Pkt Len Max,t-8,0.00022849440574645996,attack
18609,Fwd Pkt Len Mean,t-8,0.00014412403106689453,attack
18609,Fwd Pkt Len Min,t-8,-0.00023180246353149414,benign
18609,Fwd Pkt Len Std,t-8,-0.0001652836799621582,benign
18609,Fwd Pkts/s,t-8,-5.3316354751586914e-05,benign
18609,Fwd Seg Size Avg,t-8,-2.8818845748901367e-05,benign
18609,Fwd Seg Size Min,t-8,0.0004527270793914795,attack
18609,Idle Max,t-8,-0.0005540549755096436,benign
18609,Idle Mean,t-8,-0.0001233220100402832,benign
18609,Idle Min,t-8,4.482269287109375e-05,attack
18609,Idle Std,t-8,-6.073713302612305e-05,benign
18609,Init Bwd Win Byts,t-8,5.793571472167969e-05,attack
18609,Init Fwd Win Byts,t-8,0.0013007521629333496,attack
18609,PSH Flag Cnt,t-8,5.894899368286133e-05,attack
18609,Pkt Len Max,t-8,-0.0001309812068939209,benign
18609,Pkt Len Mean,t-8,7.539987564086914e-06,attack
18609,Pkt Len Min,t-8,-0.0005433559417724609,benign
18609,Pkt Len Std,t-8,-0.00010833144187927246,benign
18609,Pkt Len Var,t-8,-0.00032773613929748535,benign
18609,Pkt Size Avg,t-8,-6.261467933654785e-05,benign
18609,RST Flag Cnt,t-8,-0.00017556548118591309,benign
18609,SYN Flag Cnt,t-8,2.0742416381835938e-05,attack
18609,Subflow Bwd Byts,t-8,5.662441253662109e-07,attack
18609,Subflow Bwd Pkts,t-8,8.821487426757812e-06,attack
18609,Subflow Fwd Byts,t-8,4.470348358154297e-07,attack
18609,Subflow Fwd Pkts,t-8,6.687641143798828e-05,attack
18609,Tot Bwd Pkts,t-8,-5.334615707397461e-06,benign
18609,Tot Fwd Pkts,t-8,8.514523506164551e-05,attack
18609,TotLen Bwd Pkts,t-8,-2.384185791015625e-07,benign
18609,TotLen Fwd Pkts,t-8,2.086162567138672e-07,attack
18609,URG Flag Cnt,t-8,0.00045922398567199707,attack
18609,Protocol_0,t-8,0.00017899274826049805,attack
18609,Protocol_6,t-8,9.953975677490234e-06,attack
18609,Protocol_17,t-8,-0.0001347661018371582,benign
18609,ACK Flag Cnt,t-7,6.273388862609863e-05,attack
18609,Active Max,t-7,5.027651786804199e-05,attack
18609,Active Mean,t-7,1.4036893844604492e-05,attack
18609,Active Min,t-7,-5.143880844116211e-05,benign
18609,Active Std,t-7,2.9414892196655273e-05,attack
18609,Bwd Header Len,t-7,-4.1872262954711914e-05,benign
18609,Bwd IAT Max,t-7,-0.00022295117378234863,benign
18609,Bwd IAT Mean,t-7,-6.449222564697266e-05,benign
18609,Bwd IAT Min,t-7,1.811981201171875e-05,attack
18609,Bwd IAT Std,t-7,-0.0002760887145996094,benign
18609,Bwd IAT Tot,t-7,-2.428889274597168e-05,benign
18609,Bwd Pkt Len Max,t-7,-0.00014266371726989746,benign
18609,Bwd Pkt Len Mean,t-7,-4.082918167114258e-05,benign
18609,Bwd Pkt Len Min,t-7,0.0003674626350402832,attack
18609,Bwd Pkt Len Std,t-7,-9.414553642272949e-05,benign
18609,Bwd Pkts/s,t-7,2.5600194931030273e-05,attack
18609,Bwd Seg Size Avg,t-7,-0.00010004639625549316,benign
18609,Down/Up Ratio,t-7,-5.319714546203613e-05,benign
18609,ECE Flag Cnt,t-7,4.601478576660156e-05,attack
18609,Flow Byts/s,t-7,-9.21785831451416e-05,benign
18609,Flow Duration,t-7,5.179643630981445e-05,attack
18609,Flow IAT Max,t-7,0.0002671182155609131,attack
18609,Flow IAT Mean,t-7,0.0003878474235534668,attack
18609,Flow IAT Min,t-7,0.00033786892890930176,attack
18609,Flow IAT Std,t-7,-0.00032445788383483887,benign
18609,Flow Pkts/s,t-7,-1.1682510375976562e-05,benign
18609,Fwd Act Data Pkts,t-7,-3.096461296081543e-05,benign
18609,Fwd Header Len,t-7,1.6391277313232422e-06,attack
18609,Fwd IAT Max,t-7,0.00041365623474121094,attack
18609,Fwd IAT Mean,t-7,0.00033932924270629883,attack
18609,Fwd IAT Min,t-7,0.0002638399600982666,attack
18609,Fwd IAT Std,t-7,-0.00026473402976989746,benign
18609,Fwd IAT Tot,t-7,-4.4018030166625977e-05,benign
18609,Fwd PSH Flags,t-7,-9.143352508544922e-05,benign
18609,Fwd Pkt Len Max,t-7,-1.1026859283447266e-05,benign
18609,Fwd Pkt Len Mean,t-7,0.00011935830116271973,attack
18609,Fwd Pkt Len Min,t-7,-5.334615707397461e-06,benign
18609,Fwd Pkt Len Std,t-7,2.5510787963867188e-05,attack
18609,Fwd Pkts/s,t-7,-7.259845733642578e-05,benign
18609,Fwd Seg Size Avg,t-7,0.00020194053649902344,attack
18609,Fwd Seg Size Min,t-7,-0.00010856986045837402,benign
18609,Idle Max,t-7,0.00026366114616394043,attack
18609,Idle Mean,t-7,0.00010100007057189941,attack
18609,Idle Min,t-7,0.0003694593906402588,attack
18609,Idle Std,t-7,4.649162292480469e-06,attack
18609,Init Bwd Win Byts,t-7,3.606081008911133e-06,attack
18609,Init Fwd Win Byts,t-7,-4.082918167114258e-06,benign
18609,PSH Flag Cnt,t-7,1.4156103134155273e-05,attack
18609,Pkt Len Max,t-7,-4.4465065002441406e-05,benign
18609,Pkt Len Mean,t-7,0.00012814998626708984,attack
18609,Pkt Len Min,t-7,2.5957822799682617e-05,attack
18609,Pkt Len Std,t-7,-3.993511199951172e-06,benign
18609,Pkt Len Var,t-7,-2.8252601623535156e-05,benign
18609,Pkt Size Avg,t-7,-0.00016036629676818848,benign
18609,RST Flag Cnt,t-7,-3.2454729080200195e-05,benign
18609,SYN Flag Cnt,t-7,-0.00011172890663146973,benign
18609,Subflow Bwd Byts,t-7,-1.481175422668457e-05,benign
18609,Subflow Bwd Pkts,t-7,-3.790855407714844e-05,benign
18609,Subflow Fwd Byts,t-7,3.2782554626464844e-07,attack
18609,Subflow Fwd Pkts,t-7,1.5854835510253906e-05,attack
18609,Tot Bwd Pkts,t-7,-3.8236379623413086e-05,benign
18609,Tot Fwd Pkts,t-7,1.627206802368164e-05,attack
18609,TotLen Bwd Pkts,t-7,-1.5556812286376953e-05,benign
18609,TotLen Fwd Pkts,t-7,9.566545486450195e-06,attack
18609,URG Flag Cnt,t-7,-0.00013181567192077637,benign
18609,Protocol_0,t-7,-5.036592483520508e-05,benign
18609,Protocol_6,t-7,0.00012323260307312012,attack
18609,Protocol_17,t-7,-7.396936416625977e-05,benign
18609,ACK Flag Cnt,t-6,0.0016556978225708008,attack
18609,Active Max,t-6,2.4378299713134766e-05,attack
18609,Active Mean,t-6,1.099705696105957e-05,attack
18609,Active Min,t-6,4.112720489501953e-06,attack
18609,Active Std,t-6,-9.581446647644043e-05,benign
18609,Bwd Header Len,t-6,-6.93202018737793e-05,benign
18609,Bwd IAT Max,t-6,-0.00029015541076660156,benign
18609,Bwd IAT Mean,t-6,7.492303848266602e-05,attack
18609,Bwd IAT Min,t-6,0.0001099705696105957,attack
18609,Bwd IAT Std,t-6,-0.00020205974578857422,benign
18609,Bwd IAT Tot,t-6,-0.0002250969409942627,benign
18609,Bwd Pkt Len Max,t-6,0.0003312230110168457,attack
18609,Bwd Pkt Len Mean,t-6,-0.00012195110321044922,benign
18609,Bwd Pkt Len Min,t-6,-0.00037917494773864746,benign
18609,Bwd Pkt Len Std,t-6,0.0005342066287994385,attack
18609,Bwd Pkts/s,t-6,-2.008676528930664e-05,benign
18609,Bwd Seg Size Avg,t-6,-0.00010341405868530273,benign
18609,Down/Up Ratio,t-6,-0.0003196299076080322,benign
18609,ECE Flag Cnt,t-6,-0.000716865062713623,benign
18609,Flow Byts/s,t-6,9.745359420776367e-06,attack
18609,Flow Duration,t-6,0.00044152140617370605,attack
18609,Flow IAT Max,t-6,0.00013750791549682617,attack
18609,Flow IAT Mean,t-6,0.0007216334342956543,attack
18609,Flow IAT Min,t-6,0.0012279748916625977,attack
18609,Flow IAT Std,t-6,0.00012683868408203125,attack
18609,Flow Pkts/s,t-6,3.507733345031738e-05,attack
18609,Fwd Act Data Pkts,t-6,-1.8149614334106445e-05,benign
18609,Fwd Header Len,t-6,-4.8995018005371094e-05,benign
18609,Fwd IAT Max,t-6,0.00010666251182556152,attack
18609,Fwd IAT Mean,t-6,0.0006178021430969238,attack
18609,Fwd IAT Min,t-6,0.0008766353130340576,attack
18609,Fwd IAT Std,t-6,0.0003559291362762451,attack
18609,Fwd IAT Tot,t-6,0.0005140602588653564,attack
18609,Fwd PSH Flags,t-6,2.6404857635498047e-05,attack
18609,Fwd Pkt Len Max,t-6,-0.00017061829566955566,benign
18609,Fwd Pkt Len Mean,t-6,0.00021377205848693848,attack
18609,Fwd Pkt Len Min,t-6,-0.0002709627151489258,benign
18609,Fwd Pkt Len Std,t-6,8.89897346496582e-05,attack
18609,Fwd Pkts/s,t-6,-5.933642387390137e-05,benign
18609,Fwd Seg Size Avg,t-6,0.00023812055587768555,attack
18609,Fwd Seg Size Min,t-6,0.001199096441268921,attack
18609,Idle Max,t-6,0.0003122091293334961,attack
18609,Idle Mean,t-6,0.00020867586135864258,attack
18609,Idle Min,t-6,0.0002314448356628418,attack
18609,Idle Std,t-6,-3.540515899658203e-05,benign
18609,Init Bwd Win Byts,t-6,-6.258487701416016e-06,benign
18609,Init Fwd Win Byts,t-6,0.0010032355785369873,attack
18609,PSH Flag Cnt,t-6,-2.5063753128051758e-05,benign
18609,Pkt Len Max,t-6,5.8144330978393555e-05,attack
18609,Pkt Len Mean,t-6,0.00015020370483398438,attack
18609,Pkt Len Min,t-6,-0.00017186999320983887,benign
18609,Pkt Len Std,t-6,2.5272369384765625e-05,attack
18609,Pkt Len Var,t-6,0.00014990568161010742,attack
18609,Pkt Size Avg,t-6,-0.0004493892192840576,benign
18609,RST Flag Cnt,t-6,-0.0007090270519256592,benign
18609,SYN Flag Cnt,t-6,5.429983139038086e-05,attack
18609,Subflow Bwd Byts,t-6,-1.576542854309082e-05,benign
18609,Subflow Bwd Pkts,t-6,-6.73830509185791e-05,benign
18609,Subflow Fwd Byts,t-6,-2.8014183044433594e-05,benign
18609,Subflow Fwd Pkts,t-6,-0.00012627243995666504,benign
18609,Tot Bwd Pkts,t-6,-6.330013275146484e-05,benign
18609,Tot Fwd Pkts,t-6,-9.357929229736328e-05,benign
18609,TotLen Bwd Pkts,t-6,-3.936886787414551e-05,benign
18609,TotLen Fwd Pkts,t-6,-1.1920928955078125e-05,benign
18609,URG Flag Cnt,t-6,1.3142824172973633e-05,attack
18609,Protocol_0,t-6,0.000210493803024292,attack
18609,Protocol_6,t-6,0.00026553869247436523,attack
18609,Protocol_17,t-6,-0.0003057122230529785,benign
18609,ACK Flag Cnt,t-5,-0.0013734996318817139,benign
18609,Active Max,t-5,7.045269012451172e-05,attack
18609,Active Mean,t-5,8.818507194519043e-05,attack
18609,Active Min,t-5,8.684396743774414e-05,attack
18609,Active Std,t-5,-9.557604789733887e-05,benign
18609,Bwd Header Len,t-5,-3.7997961044311523e-05,benign
18609,Bwd IAT Max,t-5,-0.00031197071075439453,benign
18609,Bwd IAT Mean,t-5,-0.00018516182899475098,benign
18609,Bwd IAT Min,t-5,-6.398558616638184e-05,benign
18609,Bwd IAT Std,t-5,-8.463859558105469e-05,benign
18609,Bwd IAT Tot,t-5,-0.00046756863594055176,benign
18609,Bwd Pkt Len Max,t-5,0.0006313920021057129,attack
18609,Bwd Pkt Len Mean,t-5,0.00012493133544921875,attack
18609,Bwd Pkt Len Min,t-5,-0.0003351271152496338,benign
18609,Bwd Pkt Len Std,t-5,0.0006091594696044922,attack
18609,Bwd Pkts/s,t-5,-0.00010925531387329102,benign
18609,Bwd Seg Size Avg,t-5,-1.7702579498291016e-05,benign
18609,Down/Up Ratio,t-5,4.470348358154297e-07,attack
18609,ECE Flag Cnt,t-5,-4.76837158203125e-06,benign
18609,Flow Byts/s,t-5,0.00031810998916625977,attack
18609,Flow Duration,t-5,-3.540515899658203e-05,benign
18609,Flow IAT Max,t-5,-0.00029084086418151855,benign
18609,Flow IAT Mean,t-5,-0.00010764598846435547,benign
18609,Flow IAT Min,t-5,-0.00040906667709350586,benign
18609,Flow IAT Std,t-5,-0.00025710463523864746,benign
18609,Flow Pkts/s,t-5,-0.0016138255596160889,benign
18609,Fwd Act Data Pkts,t-5,8.493661880493164e-06,attack
18609,Fwd Header Len,t-5,6.4373016357421875e-06,attack
18609,Fwd IAT Max,t-5,-5.161762237548828e-05,benign
18609,Fwd IAT Mean,t-5,-0.00044149160385131836,benign
18609,Fwd IAT Min,t-5,-0.0002550780773162842,benign
18609,Fwd IAT Std,t-5,0.0001698136329650879,attack
18609,Fwd IAT Tot,t-5,-0.0002880692481994629,benign
18609,Fwd PSH Flags,t-5,-0.001108020544052124,benign
18609,Fwd Pkt Len Max,t-5,0.00016498565673828125,attack
18609,Fwd Pkt Len Mean,t-5,0.00014159083366394043,attack
18609,Fwd Pkt Len Min,t-5,-6.669759750366211e-05,benign
18609,Fwd Pkt Len Std,t-5,0.00018477439880371094,attack
18609,Fwd Pkts/s,t-5,-0.0002713203430175781,benign
18609,Fwd Seg Size Avg,t-5,0.0005748271942138672,attack
18609,Fwd Seg Size Min,t-5,-0.000134199857711792,benign
18609,Idle Max,t-5,-0.0008157193660736084,benign
18609,Idle Mean,t-5,-0.0005694925785064697,benign
18609,Idle Min,t-5,-0.0003306865692138672,benign
18609,Idle Std,t-5,-9.232759475708008e-05,benign
18609,Init Bwd Win Byts,t-5,0.00021439790725708008,attack
18609,Init Fwd Win Byts,t-5,3.5703182220458984e-05,attack
18609,PSH Flag Cnt,t-5,-1.1116266250610352e-05,benign
18609,Pkt Len Max,t-5,0.00016617774963378906,attack
18609,Pkt Len Mean,t-5,0.0007017254829406738,attack
18609,Pkt Len Min,t-5,8.881092071533203e-06,attack
18609,Pkt Len Std,t-5,-0.0001995563507080078,benign
18609,Pkt Len Var,t-5,-0.00015816092491149902,benign
18609,Pkt Size Avg,t-5,0.00019291043281555176,attack
18609,RST Flag Cnt,t-5,1.5795230865478516e-06,attack
18609,SYN Flag Cnt,t-5,-0.0006548762321472168,benign
18609,Subflow Bwd Byts,t-5,1.043081283569336e-05,attack
18609,Subflow Bwd Pkts,t-5,-1.7821788787841797e-05,benign
18609,Subflow Fwd Byts,t-5,-1.3560056686401367e-05,benign
18609,Subflow Fwd Pkts,t-5,-5.263090133666992e-05,benign
18609,Tot Bwd Pkts,t-5,-2.428889274597168e-05,benign
18609,Tot Fwd Pkts,t-5,2.709031105041504e-05,attack
18609,TotLen Bwd Pkts,t-5,-1.379847526550293e-05,benign
18609,TotLen Fwd Pkts,t-5,9.566545486450195e-06,attack
18609,URG Flag Cnt,t-5,-0.0005560815334320068,benign
18609,Protocol_0,t-5,6.23464584350586e-05,attack
18609,Protocol_6,t-5,0.00010079145431518555,attack
18609,Protocol_17,t-5,-5.683302879333496e-05,benign
18609,ACK Flag Cnt,t-4,0.00017434358596801758,attack
18609,Active Max,t-4,8.639693260192871e-05,attack
18609,Active Mean,t-4,6.762146949768066e-05,attack
18609,Active Min,t-4,7.560849189758301e-05,attack
18609,Active Std,t-4,-3.7103891372680664e-05,benign
18609,Bwd Header Len,t-4,1.1771917343139648e-05,attack
18609,Bwd IAT Max,t-4,-0.0005248486995697021,benign
18609,Bwd IAT Mean,t-4,-0.00030559301376342773,benign
18609,Bwd IAT Min,t-4,-6.341934204101562e-05,benign
18609,Bwd IAT Std,t-4,-0.000581204891204834,benign
18609,Bwd IAT Tot,t-4,-0.0008054673671722412,benign
18609,Bwd Pkt Len Max,t-4,0.0005234479904174805,attack
18609,Bwd Pkt Len Mean,t-4,0.0004201233386993408,attack
18609,Bwd Pkt Len Min,t-4,-1.3172626495361328e-05,benign
18609,Bwd Pkt Len Std,t-4,0.00022974610328674316,attack
18609,Bwd Pkts/s,t-4,0.00016063451766967773,attack
18609,Bwd Seg Size Avg,t-4,0.0001112222671508789,attack
18609,Down/Up Ratio,t-4,0.00017264485359191895,attack
18609,ECE Flag Cnt,t-4,-1.806020736694336e-05,benign
18609,Flow Byts/s,t-4,-3.629922866821289e-05,benign
18609,Flow Duration,t-4,-0.001027226448059082,benign
18609,Flow IAT Max,t-4,-0.00019884109497070312,benign
18609,Flow IAT Mean,t-4,0.0002218186855316162,attack
18609,Flow IAT Min,t-4,5.27799129486084e-05,attack
18609,Flow IAT Std,t-4,-0.0008903741836547852,benign
18609,Flow Pkts/s,t-4,0.00035750865936279297,attack
18609,Fwd Act Data Pkts,t-4,1.245737075805664e-05,attack
18609,Fwd Header Len,t-4,3.361701965332031e-05,attack
18609,Fwd IAT Max,t-4,0.00036209821701049805,attack
18609,Fwd IAT Mean,t-4,-0.00015395879745483398,benign
18609,Fwd IAT Min,t-4,-5.8531761169433594e-05,benign
18609,Fwd IAT Std,t-4,-0.00020933151245117188,benign
18609,Fwd IAT Tot,t-4,-0.001368194818496704,benign
18609,Fwd PSH Flags,t-4,-4.425644874572754e-05,benign
18609,Fwd Pkt Len Max,t-4,0.00019088387489318848,attack
18609,Fwd Pkt Len Mean,t-4,3.841519355773926e-05,attack
18609,Fwd Pkt Len Min,t-4,0.00012060999870300293,attack
18609,Fwd Pkt Len Std,t-4,0.0004080533981323242,attack
18609,Fwd Pkts/s,t-4,0.0001786351203918457,attack
18609,Fwd Seg Size Avg,t-4,0.0007194876670837402,attack
18609,Fwd Seg Size Min,t-4,0.0001824498176574707,attack
18609,Idle Max,t-4,-0.0004490315914154053,benign
18609,Idle Mean,t-4,-0.0005481243133544922,benign
18609,Idle Min,t-4,-1.1920928955078125e-07,benign
18609,Idle Std,t-4,-0.00013193488121032715,benign
18609,Init Bwd Win Byts,t-4,0.0003387033939361572,attack
18609,Init Fwd Win Byts,t-4,0.00018736720085144043,attack
18609,PSH Flag Cnt,t-4,-2.0951032638549805e-05,benign
18609,Pkt Len Max,t-4,0.00020635128021240234,attack
18609,Pkt Len Mean,t-4,0.0012076795101165771,attack
18609,Pkt Len Min,t-4,0.00018385052680969238,attack
18609,Pkt Len Std,t-4,2.86102294921875e-05,attack
18609,Pkt Len Var,t-4,-0.0002522468566894531,benign
18609,Pkt Size Avg,t-4,0.0007551610469818115,attack
18609,RST Flag Cnt,t-4,0.00042113661766052246,attack
18609,SYN Flag Cnt,t-4,3.388524055480957e-05,attack
18609,Subflow Bwd Byts,t-4,3.376603126525879e-05,attack
18609,Subflow Bwd Pkts,t-4,-8.642673492431641e-07,benign
18609,Subflow Fwd Byts,t-4,2.4139881134033203e-05,attack
18609,Subflow Fwd Pkts,t-4,6.178021430969238e-05,attack
18609,Tot Bwd Pkts,t-4,-3.466010093688965e-05,benign
18609,Tot Fwd Pkts,t-4,0.0002551078796386719,attack
18609,TotLen Bwd Pkts,t-4,1.1652708053588867e-05,attack
18609,TotLen Fwd Pkts,t-4,5.1349401473999023e-05,attack
18609,URG Flag Cnt,t-4,0.0002523958683013916,attack
18609,Protocol_0,t-4,-5.093216896057129e-05,benign
18609,Protocol_6,t-4,0.00017279386520385742,attack
18609,Protocol_17,t-4,1.7881393432617188e-06,attack
18609,ACK Flag Cnt,t-3,-0.0005453526973724365,benign
18609,Active Max,t-3,-0.0021428167819976807,benign
18609,Active Mean,t-3,0.0003775060176849365,attack
18609,Active Min,t-3,0.00099259614944458,attack
18609,Active Std,t-3,-0.003046661615371704,benign
18609,Bwd Header Len,t-3,1.722574234008789e-05,attack
18609,Bwd IAT Max,t-3,-0.0005103945732116699,benign
18609,Bwd IAT Mean,t-3,0.0002925097942352295,attack
18609,Bwd IAT Min,t-3,-0.0012326240539550781,benign
18609,Bwd IAT Std,t-3,-0.0001373291015625,benign
18609,Bwd IAT Tot,t-3,-0.0008660852909088135,benign
18609,Bwd Pkt Len Max,t-3,-4.503130912780762e-05,benign
18609,Bwd Pkt Len Mean,t-3,-2.962350845336914e-05,benign
18609,Bwd Pkt Len Min,t-3,0.0009038150310516357,attack
18609,Bwd Pkt Len Std,t-3,-0.00015592575073242188,benign
18609,Bwd Pkts/s,t-3,0.00043088197708129883,attack
18609,Bwd Seg Size Avg,t-3,0.00010558962821960449,attack
18609,Down/Up Ratio,t-3,0.0006155967712402344,attack
18609,ECE Flag Cnt,t-3,0.0005606710910797119,attack
18609,Flow Byts/s,t-3,9.506940841674805e-05,attack
18609,Flow Duration,t-3,0.0018564164638519287,attack
18609,Flow IAT Max,t-3,0.0003768801689147949,attack
18609,Flow IAT Mean,t-3,-0.0002843141555786133,benign
18609,Flow IAT Min,t-3,0.0005799829959869385,attack
18609,Flow IAT Std,t-3,0.0019045472145080566,attack
18609,Flow Pkts/s,t-3,8.577108383178711e-05,attack
18609,Fwd Act Data Pkts,t-3,-1.1801719665527344e-05,benign
18609,Fwd Header Len,t-3,-1.5556812286376953e-05,benign
18609,Fwd IAT Max,t-3,-0.0019690990447998047,benign
18609,Fwd IAT Mean,t-3,-0.00041916966438293457,benign
18609,Fwd IAT Min,t-3,-0.0011729598045349121,benign
18609,Fwd IAT Std,t-3,-3.6716461181640625e-05,benign
18609,Fwd IAT Tot,t-3,0.004567772150039673,attack
18609,Fwd PSH Flags,t-3,-0.001510024070739746,benign
18609,Fwd Pkt Len Max,t-3,-0.0001500844955444336,benign
18609,Fwd Pkt Len Mean,t-3,-0.00012534856796264648,benign
18609,Fwd Pkt Len Min,t-3,0.00017341971397399902,attack
18609,Fwd Pkt Len Std,t-3,-1.7464160919189453e-05,benign
18609,Fwd Pkts/s,t-3,6.660819053649902e-05,attack
18609,Fwd Seg Size Avg,t-3,6.03795051574707e-05,attack
18609,Fwd Seg Size Min,t-3,-0.0004621148109436035,benign
18609,Idle Max,t-3,-0.0004267096519470215,benign
18609,Idle Mean,t-3,-0.00022464990615844727,benign
18609,Idle Min,t-3,9.918212890625e-05,attack
18609,Idle Std,t-3,5.462765693664551e-05,attack
18609,Init Bwd Win Byts,t-3,3.6716461181640625e-05,attack
18609,Init Fwd Win Byts,t-3,0.0003724396228790283,attack
18609,PSH Flag Cnt,t-3,0.00010219216346740723,attack
18609,Pkt Len Max,t-3,2.1457672119140625e-06,attack
18609,Pkt Len Mean,t-3,0.0002110600471496582,attack
18609,Pkt Len Min,t-3,0.00021755695343017578,attack
18609,Pkt Len Std,t-3,-9.143352508544922e-05,benign
18609,Pkt Len Var,t-3,-0.00011742115020751953,benign
18609,Pkt Size Avg,t-3,-2.7358531951904297e-05,benign
18609,RST Flag Cnt,t-3,0.000883936882019043,attack
18609,SYN Flag Cnt,t-3,-0.0008438229560852051,benign
18609,Subflow Bwd Byts,t-3,2.232193946838379e-05,attack
18609,Subflow Bwd Pkts,t-3,5.447864532470703e-05,attack
18609,Subflow Fwd Byts,t-3,2.822279930114746e-05,attack
18609,Subflow Fwd Pkts,t-3,-1.6063451766967773e-05,benign
18609,Tot Bwd Pkts,t-3,-3.516674041748047e-05,benign
18609,Tot Fwd Pkts,t-3,-4.082918167114258e-05,benign
18609,TotLen Bwd Pkts,t-3,-2.3424625396728516e-05,benign
18609,TotLen Fwd Pkts,t-3,5.543231964111328e-05,attack
18609,URG Flag Cnt,t-3,0.0008563101291656494,attack
18609,Protocol_0,t-3,0.0010965466499328613,attack
18609,Protocol_6,t-3,-0.00015780329704284668,benign
18609,Protocol_17,t-3,0.00011971592903137207,attack
18609,ACK Flag Cnt,t-2,0.001206427812576294,attack
18609,Active Max,t-2,-5.751848220825195e-05,benign
18609,Active Mean,t-2,-0.00016620755195617676,benign
18609,Active Min,t-2,-0.00017631053924560547,benign
18609,Active Std,t-2,0.00016322731971740723,attack
18609,Bwd Header Len,t-2,2.2083520889282227e-05,attack
18609,Bwd IAT Max,t-2,-0.000622481107711792,benign
18609,Bwd IAT Mean,t-2,0.00016033649444580078,attack
18609,Bwd IAT Min,t-2,2.60770320892334e-05,attack
18609,Bwd IAT Std,t-2,-0.000804215669631958,benign
18609,Bwd IAT Tot,t-2,-0.00010135769844055176,benign
18609,Bwd Pkt Len Max,t-2,-0.00021028518676757812,benign
18609,Bwd Pkt Len Mean,t-2,0.0010337233543395996,attack
18609,Bwd Pkt Len Min,t-2,0.00014284253120422363,attack
18609,Bwd Pkt Len Std,t-2,0.0009768009185791016,attack
18609,Bwd Pkts/s,t-2,0.00016763806343078613,attack
18609,Bwd Seg Size Avg,t-2,-0.0003326237201690674,benign
18609,Down/Up Ratio,t-2,5.283951759338379e-05,attack
18609,ECE Flag Cnt,t-2,-0.000840306282043457,benign
18609,Flow Byts/s,t-2,-1.8209218978881836e-05,benign
18609,Flow Duration,t-2,-0.0006283819675445557,benign
18609,Flow IAT Max,t-2,0.0026827454566955566,attack
18609,Flow IAT Mean,t-2,0.001473158597946167,attack
18609,Flow IAT Min,t-2,0.006514608860015869,attack
18609,Flow IAT Std,t-2,-0.001013427972793579,benign
18609,Flow Pkts/s,t-2,0.00046256184577941895,attack
18609,Fwd Act Data Pkts,t-2,5.7369470596313477e-05,attack
18609,Fwd Header Len,t-2,1.4394521713256836e-05,attack
18609,Fwd IAT Max,t-2,-0.0016560852527618408,benign
18609,Fwd IAT Mean,t-2,0.0026217401027679443,attack
18609,Fwd IAT Min,t-2,-0.00036215782165527344,benign
18609,Fwd IAT Std,t-2,5.97834587097168e-05,attack
18609,Fwd IAT Tot,t-2,-0.0005502998828887939,benign
18609,Fwd PSH Flags,t-2,0.001007169485092163,attack
18609,Fwd Pkt Len Max,t-2,-0.0010864436626434326,benign
18609,Fwd Pkt Len Mean,t-2,2.3543834686279297e-06,attack
18609,Fwd Pkt Len Min,t-2,-2.5033950805664062e-06,benign
18609,Fwd Pkt Len Std,t-2,-0.0001201927661895752,benign
18609,Fwd Pkts/s,t-2,-0.00012388825416564941,benign
18609,Fwd Seg Size Avg,t-2,0.00016731023788452148,attack
18609,Fwd Seg Size Min,t-2,-0.0015007257461547852,benign
18609,Idle Max,t-2,0.005839109420776367,attack
18609,Idle Mean,t-2,0.00019043684005737305,attack
18609,Idle Min,t-2,0.004617363214492798,attack
18609,Idle Std,t-2,-0.0007202625274658203,benign
18609,Init Bwd Win Byts,t-2,0.0001285076141357422,attack
18609,Init Fwd Win Byts,t-2,0.003679126501083374,attack
18609,PSH Flag Cnt,t-2,-0.00014537572860717773,benign
18609,Pkt Len Max,t-2,-0.0018327534198760986,benign
18609,Pkt Len Mean,t-2,0.00046312808990478516,attack
18609,Pkt Len Min,t-2,-1.5676021575927734e-05,benign
18609,Pkt Len Std,t-2,-0.0005241632461547852,benign
18609,Pkt Len Var,t-2,0.0007863938808441162,attack
18609,Pkt Size Avg,t-2,0.000206679105758667,attack
18609,RST Flag Cnt,t-2,-0.0006355643272399902,benign
18609,SYN Flag Cnt,t-2,0.0008013248443603516,attack
18609,Subflow Bwd Byts,t-2,7.471442222595215e-05,attack
18609,Subflow Bwd Pkts,t-2,2.9742717742919922e-05,attack
18609,Subflow Fwd Byts,t-2,-4.532933235168457e-05,benign
18609,Subflow Fwd Pkts,t-2,-9.772181510925293e-05,benign
18609,Tot Bwd Pkts,t-2,-0.0001284182071685791,benign
18609,Tot Fwd Pkts,t-2,0.00010079145431518555,attack
18609,TotLen Bwd Pkts,t-2,-5.671381950378418e-05,benign
18609,TotLen Fwd Pkts,t-2,5.576014518737793e-05,attack
18609,URG Flag Cnt,t-2,0.0012391507625579834,attack
18609,Protocol_0,t-2,0.00034096837043762207,attack
18609,Protocol_6,t-2,-9.414553642272949e-05,benign
18609,Protocol_17,t-2,1.5795230865478516e-06,attack
18609,ACK Flag Cnt,t-1,-0.0022744834423065186,benign
18609,Active Max,t-1,3.1381845474243164e-05,attack
18609,Active Mean,t-1,0.00011870265007019043,attack
18609,Active Min,t-1,-3.1888484954833984e-06,benign
18609,Active Std,t-1,-8.881092071533203e-05,benign
18609,Bwd Header Len,t-1,0.00014588236808776855,attack
18609,Bwd IAT Max,t-1,0.00043258070945739746,attack
18609,Bwd IAT Mean,t-1,-6.636977195739746e-05,benign
18609,Bwd IAT Min,t-1,-0.00016438961029052734,benign
18609,Bwd IAT Std,t-1,-0.0006319582462310791,benign
18609,Bwd IAT Tot,t-1,0.002177625894546509,attack
18609,Bwd Pkt Len Max,t-1,0.0012021362781524658,attack
18609,Bwd Pkt Len Mean,t-1,-0.003158390522003174,benign
18609,Bwd Pkt Len Min,t-1,-0.0011387765407562256,benign
18609,Bwd Pkt Len Std,t-1,0.0019027888774871826,attack
18609,Bwd Pkts/s,t-1,0.00032830238342285156,attack
18609,Bwd Seg Size Avg,t-1,-0.0003878176212310791,benign
18609,Down/Up Ratio,t-1,0.0014447569847106934,attack
18609,ECE Flag Cnt,t-1,0.0006171464920043945,attack
18609,Flow Byts/s,t-1,9.676814079284668e-05,attack
18609,Flow Duration,t-1,0.0017901360988616943,attack
18609,Flow IAT Max,t-1,-0.0001919567584991455,benign
18609,Flow IAT Mean,t-1,-0.0006817281246185303,benign
18609,Flow IAT Min,t-1,-0.0010828077793121338,benign
18609,Flow IAT Std,t-1,0.0005878210067749023,attack
18609,Flow Pkts/s,t-1,0.001456916332244873,attack
18609,Fwd Act Data Pkts,t-1,0.00017905235290527344,attack
18609,Fwd Header Len,t-1,0.000307232141494751,attack
18609,Fwd IAT Max,t-1,-0.00026801228523254395,benign
18609,Fwd IAT Mean,t-1,-0.0005514323711395264,benign
18609,Fwd IAT Min,t-1,-0.0008582174777984619,benign
18609,Fwd IAT Std,t-1,0.00028127431869506836,attack
18609,Fwd IAT Tot,t-1,0.0009094178676605225,attack
18609,Fwd PSH Flags,t-1,-0.0006808042526245117,benign
18609,Fwd Pkt Len Max,t-1,0.0005166530609130859,attack
18609,Fwd Pkt Len Mean,t-1,-1.3709068298339844e-06,benign
18609,Fwd Pkt Len Min,t-1,0.00042939186096191406,attack
18609,Fwd Pkt Len Std,t-1,4.699826240539551e-05,attack
18609,Fwd Pkts/s,t-1,0.0006055831909179688,attack
18609,Fwd Seg Size Avg,t-1,2.0176172256469727e-05,attack
18609,Fwd Seg Size Min,t-1,-0.0064106285572052,benign
18609,Idle Max,t-1,-0.0006013214588165283,benign
18609,Idle Mean,t-1,-0.0003319382667541504,benign
18609,Idle Min,t-1,-0.00024577975273132324,benign
18609,Idle Std,t-1,-0.0009825825691223145,benign
18609,Init Bwd Win Byts,t-1,1.806020736694336e-05,attack
18609,Init Fwd Win Byts,t-1,-0.0016201138496398926,benign
18609,PSH Flag Cnt,t-1,8.025765419006348e-05,attack
18609,Pkt Len Max,t-1,0.006123900413513184,attack
18609,Pkt Len Mean,t-1,0.0019387304782867432,attack
18609,Pkt Len Min,t-1,0.0004917681217193604,attack
18609,Pkt Len Std,t-1,-0.0006772875785827637,benign
18609,Pkt Len Var,t-1,0.0035122036933898926,attack
18609,Pkt Size Avg,t-1,-0.0024283528327941895,benign
18609,RST Flag Cnt,t-1,0.0005434751510620117,attack
18609,SYN Flag Cnt,t-1,0.00019818544387817383,attack
18609,Subflow Bwd Byts,t-1,7.554888725280762e-05,attack
18609,Subflow Bwd Pkts,t-1,0.00010985136032104492,attack
18609,Subflow Fwd Byts,t-1,4.124641418457031e-05,attack
18609,Subflow Fwd Pkts,t-1,0.00012218952178955078,attack
18609,Tot Bwd Pkts,t-1,3.382563591003418e-05,attack
18609,Tot Fwd Pkts,t-1,0.00028580427169799805,attack
18609,TotLen Bwd Pkts,t-1,4.0918588638305664e-05,attack
18609,TotLen Fwd Pkts,t-1,0.00013020634651184082,attack
18609,URG Flag Cnt,t-1,6.61015510559082e-05,attack
18609,Protocol_0,t-1,0.00010532140731811523,attack
18609,Protocol_6,t-1,6.407499313354492e-06,attack
18609,Protocol_17,t-1,-0.0006525516510009766,benign
18609,ACK Flag Cnt,t,-0.004774898290634155,benign
18609,Active Max,t,-0.00043088197708129883,benign
18609,Active Mean,t,-0.00016513466835021973,benign
18609,Active Min,t,0.0001920163631439209,attack
18609,Active Std,t,-0.00022915005683898926,benign
18609,Bwd Header Len,t,-0.00010624527931213379,benign
18609,Bwd IAT Max,t,-0.0008018314838409424,benign
18609,Bwd IAT Mean,t,4.488229751586914e-05,attack
18609,Bwd IAT Min,t,-0.00011774897575378418,benign
18609,Bwd IAT Std,t,0.00022307038307189941,attack
18609,Bwd IAT Tot,t,0.00038129091262817383,attack
18609,Bwd Pkt Len Max,t,0.00011199712753295898,attack
18609,Bwd Pkt Len Mean,t,-0.0011693239212036133,benign
18609,Bwd Pkt Len Min,t,-0.015723377466201782,benign
18609,Bwd Pkt Len Std,t,-0.0003681778907775879,benign
18609,Bwd Pkts/s,t,0.00015598535537719727,attack
18609,Bwd Seg Size Avg,t,-0.0006033778190612793,benign
18609,Down/Up Ratio,t,0.0034721791744232178,attack
18609,ECE Flag Cnt,t,-6.818771362304688e-05,benign
18609,Flow Byts/s,t,0.0002111494541168213,attack
18609,Flow Duration,t,0.00029754638671875,attack
18609,Flow IAT Max,t,-0.0005176663398742676,benign
18609,Flow IAT Mean,t,-0.0005906522274017334,benign
18609,Flow IAT Min,t,-0.0013805031776428223,benign
18609,Flow IAT Std,t,9.885430335998535e-05,attack
18609,Flow Pkts/s,t,0.0004514157772064209,attack
18609,Fwd Act Data Pkts,t,0.00028774142265319824,attack
18609,Fwd Header Len,t,-0.00025030970573425293,benign
18609,Fwd IAT Max,t,-0.0007521212100982666,benign
18609,Fwd IAT Mean,t,-0.000906527042388916,benign
18609,Fwd IAT Min,t,-0.0015204846858978271,benign
18609,Fwd IAT Std,t,0.000264972448348999,attack
18609,Fwd IAT Tot,t,0.0004184246063232422,attack
18609,Fwd PSH Flags,t,-0.00016576051712036133,benign
18609,Fwd Pkt Len Max,t,-0.0004929602146148682,benign
18609,Fwd Pkt Len Mean,t,-0.00018402934074401855,benign
18609,Fwd Pkt Len Min,t,0.0013118088245391846,attack
18609,Fwd Pkt Len Std,t,0.0002696216106414795,attack
18609,Fwd Pkts/s,t,0.00016641616821289062,attack
18609,Fwd Seg Size Avg,t,-0.0002408921718597412,benign
18609,Fwd Seg Size Min,t,-0.012920945882797241,benign
18609,Idle Max,t,-0.0020994246006011963,benign
18609,Idle Mean,t,-0.0014496147632598877,benign
18609,Idle Min,t,-0.001341491937637329,benign
18609,Idle Std,t,-0.001569896936416626,benign
18609,Init Bwd Win Byts,t,-0.00202786922454834,benign
18609,Init Fwd Win Byts,t,-0.004878699779510498,benign
18609,PSH Flag Cnt,t,-0.0006473660469055176,benign
18609,Pkt Len Max,t,-0.00010505318641662598,benign
18609,Pkt Len Mean,t,0.0019113421440124512,attack
18609,Pkt Len Min,t,0.0006369352340698242,attack
18609,Pkt Len Std,t,-0.000102996826171875,benign
18609,Pkt Len Var,t,0.0007898509502410889,attack
18609,Pkt Size Avg,t,-0.003949791193008423,benign
18609,RST Flag Cnt,t,9.816884994506836e-05,attack
18609,SYN Flag Cnt,t,0.000925898551940918,attack
18609,Subflow Bwd Byts,t,-4.425644874572754e-05,benign
18609,Subflow Bwd Pkts,t,-0.00019559264183044434,benign
18609,Subflow Fwd Byts,t,-0.00013023614883422852,benign
18609,Subflow Fwd Pkts,t,-0.001041799783706665,benign
18609,Tot Bwd Pkts,t,-0.0002550780773162842,benign
18609,Tot Fwd Pkts,t,-0.000379711389541626,benign
18609,TotLen Bwd Pkts,t,-0.00013262033462524414,benign
18609,TotLen Fwd Pkts,t,-8.282065391540527e-05,benign
18609,URG Flag Cnt,t,-0.0034447312355041504,benign
18609,Protocol_0,t,0.0003699660301208496,attack
18609,Protocol_6,t,-0.00011980533599853516,benign
18609,Protocol_17,t,-0.0016466081142425537,benign
18793,ACK Flag Cnt,t-9,0.00019794702529907227,attack
18793,Active Max,t-9,-1.8730759620666504e-05,benign
18793,Active Mean,t-9,-4.731118679046631e-05,benign
18793,Active Min,t-9,-0.0001166611909866333,benign
18793,Active Std,t-9,4.6372413635253906e-05,attack
18793,Bwd Header Len,t-9,5.1662325859069824e-05,attack
18793,Bwd IAT Max,t-9,-0.00047451257705688477,benign
18793,Bwd IAT Mean,t-9,0.0001248866319656372,attack
18793,Bwd IAT Min,t-9,0.0001462996006011963,attack
18793,Bwd IAT Std,t-9,-0.00046910345554351807,benign
18793,Bwd IAT Tot,t-9,0.00040650367736816406,attack
18793,Bwd Pkt Len Max,t-9,-0.0008154958486557007,benign
18793,Bwd Pkt Len Mean,t-9,1.1146068572998047e-05,attack
18793,Bwd Pkt Len Min,t-9,-3.59266996383667e-05,benign
18793,Bwd Pkt Len Std,t-9,-0.0014069527387619019,benign
18793,Bwd Pkts/s,t-9,0.00025525689125061035,attack
18793,Bwd Seg Size Avg,t-9,-0.0002558976411819458,benign
18793,Down/Up Ratio,t-9,-0.0009599924087524414,benign
18793,ECE Flag Cnt,t-9,-0.0005374103784561157,benign
18793,Flow Byts/s,t-9,-0.00017708539962768555,benign
18793,Flow Duration,t-9,0.00015632808208465576,attack
18793,Flow IAT Max,t-9,0.0003567636013031006,attack
18793,Flow IAT Mean,t-9,0.0005103945732116699,attack
18793,Flow IAT Min,t-9,0.00046099722385406494,attack
18793,Flow IAT Std,t-9,-3.223121166229248e-05,benign
18793,Flow Pkts/s,t-9,-8.024275302886963e-05,benign
18793,Fwd Act Data Pkts,t-9,2.3677945137023926e-05,attack
18793,Fwd Header Len,t-9,-2.3379921913146973e-05,benign
18793,Fwd IAT Max,t-9,0.0006426423788070679,attack
18793,Fwd IAT Mean,t-9,0.0008777379989624023,attack
18793,Fwd IAT Min,t-9,0.0006888657808303833,attack
18793,Fwd IAT Std,t-9,-0.0004558861255645752,benign
18793,Fwd IAT Tot,t-9,0.0003145933151245117,attack
18793,Fwd PSH Flags,t-9,-0.00020247697830200195,benign
18793,Fwd Pkt Len Max,t-9,-0.000112190842628479,benign
18793,Fwd Pkt Len Mean,t-9,0.00016154348850250244,attack
18793,Fwd Pkt Len Min,t-9,-0.00015716254711151123,benign
18793,Fwd Pkt Len Std,t-9,-0.00016883015632629395,benign
18793,Fwd Pkts/s,t-9,-8.374452590942383e-05,benign
18793,Fwd Seg Size Avg,t-9,3.458559513092041e-05,attack
18793,Fwd Seg Size Min,t-9,-0.0004930347204208374,benign
18793,Idle Max,t-9,0.0005683153867721558,attack
18793,Idle Mean,t-9,0.00037282705307006836,attack
18793,Idle Min,t-9,0.0005011260509490967,attack
18793,Idle Std,t-9,-2.6524066925048828e-05,benign
18793,Init Bwd Win Byts,t-9,6.839632987976074e-06,attack
18793,Init Fwd Win Byts,t-9,-0.00035990774631500244,benign
18793,PSH Flag Cnt,t-9,-1.3053417205810547e-05,benign
18793,Pkt Len Max,t-9,-5.6684017181396484e-05,benign
18793,Pkt Len Mean,t-9,0.00010797381401062012,attack
18793,Pkt Len Min,t-9,-0.00014737248420715332,benign
18793,Pkt Len Std,t-9,-1.1563301086425781e-05,benign
18793,Pkt Len Var,t-9,2.969801425933838e-05,attack
18793,Pkt Size Avg,t-9,-0.00011752545833587646,benign
18793,RST Flag Cnt,t-9,-0.0005084425210952759,benign
18793,SYN Flag Cnt,t-9,-0.0005168914794921875,benign
18793,Subflow Bwd Byts,t-9,-7.897615432739258e-07,benign
18793,Subflow Bwd Pkts,t-9,3.3289194107055664e-05,attack
18793,Subflow Fwd Byts,t-9,3.2335519790649414e-05,attack
18793,Subflow Fwd Pkts,t-9,0.0001221001148223877,attack
18793,Tot Bwd Pkts,t-9,6.946921348571777e-05,attack
18793,Tot Fwd Pkts,t-9,4.096329212188721e-05,attack
18793,TotLen Bwd Pkts,t-9,2.931058406829834e-05,attack
18793,TotLen Fwd Pkts,t-9,7.62939453125e-06,attack
18793,URG Flag Cnt,t-9,-0.0001731961965560913,benign
18793,Protocol_0,t-9,-0.00010447204113006592,benign
18793,Protocol_6,t-9,2.0548701286315918e-05,attack
18793,Protocol_17,t-9,-0.000308990478515625,benign
18793,ACK Flag Cnt,t-8,6.289780139923096e-05,attack
18793,Active Max,t-8,-2.969801425933838e-05,benign
18793,Active Mean,t-8,4.805624485015869e-05,attack
18793,Active Min,t-8,1.2308359146118164e-05,attack
18793,Active Std,t-8,3.713369369506836e-05,attack
18793,Bwd Header Len,t-8,7.502734661102295e-05,attack
18793,Bwd IAT Max,t-8,-0.00027339160442352295,benign
18793,Bwd IAT Mean,t-8,0.00026570260524749756,attack
18793,Bwd IAT Min,t-8,0.00016985833644866943,attack
18793,Bwd IAT Std,t-8,-0.00019791722297668457,benign
18793,Bwd IAT Tot,t-8,0.0005205422639846802,attack
18793,Bwd Pkt Len Max,t-8,-0.0005756467580795288,benign
18793,Bwd Pkt Len Mean,t-8,0.00032307207584381104,attack
18793,Bwd Pkt Len Min,t-8,0.00015863776206970215,attack
18793,Bwd Pkt Len Std,t-8,-0.0014532357454299927,benign
18793,Bwd Pkts/s,t-8,-0.00011286139488220215,benign
18793,Bwd Seg Size Avg,t-8,-0.00012886524200439453,benign
18793,Down/Up Ratio,t-8,0.0005981177091598511,attack
18793,ECE Flag Cnt,t-8,-0.0011181831359863281,benign
18793,Flow Byts/s,t-8,-4.105269908905029e-05,benign
18793,Flow Duration,t-8,0.0005948096513748169,attack
18793,Flow IAT Max,t-8,-0.0001967400312423706,benign
18793,Flow IAT Mean,t-8,-0.0002978891134262085,benign
18793,Flow IAT Min,t-8,-0.0003311634063720703,benign
18793,Flow IAT Std,t-8,0.0004127025604248047,attack
18793,Flow Pkts/s,t-8,1.6093254089355469e-06,attack
18793,Fwd Act Data Pkts,t-8,4.939734935760498e-05,attack
18793,Fwd Header Len,t-8,-9.25213098526001e-05,benign
18793,Fwd IAT Max,t-8,0.00027424097061157227,attack
18793,Fwd IAT Mean,t-8,0.0002778470516204834,attack
18793,Fwd IAT Min,t-8,7.703900337219238e-06,attack
18793,Fwd IAT Std,t-8,-6.014108657836914e-05,benign
18793,Fwd IAT Tot,t-8,0.00037573277950286865,attack
18793,Fwd PSH Flags,t-8,-2.6747584342956543e-05,benign
18793,Fwd Pkt Len Max,t-8,-0.00038011372089385986,benign
18793,Fwd Pkt Len Mean,t-8,-0.00015342235565185547,benign
18793,Fwd Pkt Len Min,t-8,0.0001385211944580078,attack
18793,Fwd Pkt Len Std,t-8,-0.0003803521394729614,benign
18793,Fwd Pkts/s,t-8,-0.0001814812421798706,benign
18793,Fwd Seg Size Avg,t-8,-0.0005220919847488403,benign
18793,Fwd Seg Size Min,t-8,-0.00011651217937469482,benign
18793,Idle Max,t-8,-0.00047707557678222656,benign
18793,Idle Mean,t-8,-0.00023926794528961182,benign
18793,Idle Min,t-8,-6.589293479919434e-05,benign
18793,Idle Std,t-8,5.106627941131592e-05,attack
18793,Init Bwd Win Byts,t-8,0.00043010711669921875,attack
18793,Init Fwd Win Byts,t-8,-0.0008797049522399902,benign
18793,PSH Flag Cnt,t-8,-2.6524066925048828e-05,benign
18793,Pkt Len Max,t-8,-0.0005819648504257202,benign
18793,Pkt Len Mean,t-8,-0.00011742115020751953,benign
18793,Pkt Len Min,t-8,6.784498691558838e-05,attack
18793,Pkt Len Std,t-8,-5.0455331802368164e-05,benign
18793,Pkt Len Var,t-8,5.792081356048584e-05,attack
18793,Pkt Size Avg,t-8,0.00021283328533172607,attack
18793,RST Flag Cnt,t-8,-0.0007001757621765137,benign
18793,SYN Flag Cnt,t-8,6.462633609771729e-05,attack
18793,Subflow Bwd Byts,t-8,-1.0564923286437988e-05,benign
18793,Subflow Bwd Pkts,t-8,4.018843173980713e-05,attack
18793,Subflow Fwd Byts,t-8,2.9742717742919922e-05,attack
18793,Subflow Fwd Pkts,t-8,-3.986060619354248e-05,benign
18793,Tot Bwd Pkts,t-8,9.3802809715271e-05,attack
18793,Tot Fwd Pkts,t-8,-3.4421682357788086e-05,benign
18793,TotLen Bwd Pkts,t-8,3.065168857574463e-05,attack
18793,TotLen Fwd Pkts,t-8,1.125037670135498e-05,attack
18793,URG Flag Cnt,t-8,-0.00023101270198822021,benign
18793,Protocol_0,t-8,-1.0281801223754883e-06,benign
18793,Protocol_6,t-8,0.00018231570720672607,attack
18793,Protocol_17,t-8,0.00016571581363677979,attack
18793,ACK Flag Cnt,t-7,0.0010570436716079712,attack
18793,Active Max,t-7,1.9028782844543457e-05,attack
18793,Active Mean,t-7,4.842877388000488e-06,attack
18793,Active Min,t-7,-1.0520219802856445e-05,benign
18793,Active Std,t-7,2.4333596229553223e-05,attack
18793,Bwd Header Len,t-7,7.010996341705322e-05,attack
18793,Bwd IAT Max,t-7,2.8520822525024414e-05,attack
18793,Bwd IAT Mean,t-7,3.930926322937012e-05,attack
18793,Bwd IAT Min,t-7,-2.8446316719055176e-05,benign
18793,Bwd IAT Std,t-7,0.0001172870397567749,attack
18793,Bwd IAT Tot,t-7,0.00020256638526916504,attack
18793,Bwd Pkt Len Max,t-7,0.00021916627883911133,attack
18793,Bwd Pkt Len Mean,t-7,9.834766387939453e-06,attack
18793,Bwd Pkt Len Min,t-7,0.0008489638566970825,attack
18793,Bwd Pkt Len Std,t-7,0.00043104588985443115,attack
18793,Bwd Pkts/s,t-7,-6.777048110961914e-05,benign
18793,Bwd Seg Size Avg,t-7,3.725290298461914e-06,attack
18793,Down/Up Ratio,t-7,-3.349781036376953e-05,benign
18793,ECE Flag Cnt,t-7,0.0005767345428466797,attack
18793,Flow Byts/s,t-7,-9.31471586227417e-05,benign
18793,Flow Duration,t-7,0.0007424503564834595,attack
18793,Flow IAT Max,t-7,-0.00012706220149993896,benign
18793,Flow IAT Mean,t-7,-0.000683218240737915,benign
18793,Flow IAT Min,t-7,-0.0007658451795578003,benign
18793,Flow IAT Std,t-7,0.00010879337787628174,attack
18793,Flow Pkts/s,t-7,0.00015066564083099365,attack
18793,Fwd Act Data Pkts,t-7,9.12100076675415e-05,attack
18793,Fwd Header Len,t-7,9.040534496307373e-05,attack
18793,Fwd IAT Max,t-7,-0.0012913495302200317,benign
18793,Fwd IAT Mean,t-7,-0.0025254935026168823,benign
18793,Fwd IAT Min,t-7,-0.0017007887363433838,benign
18793,Fwd IAT Std,t-7,-0.0001464635133743286,benign
18793,Fwd IAT Tot,t-7,0.001014605164527893,attack
18793,Fwd PSH Flags,t-7,0.00037300586700439453,attack
18793,Fwd Pkt Len Max,t-7,0.00015236437320709229,attack
18793,Fwd Pkt Len Mean,t-7,0.00012382864952087402,attack
18793,Fwd Pkt Len Min,t-7,5.2034854888916016e-05,attack
18793,Fwd Pkt Len Std,t-7,0.0002753138542175293,attack
18793,Fwd Pkts/s,t-7,4.0531158447265625e-06,attack
18793,Fwd Seg Size Avg,t-7,0.00014357268810272217,attack
18793,Fwd Seg Size Min,t-7,-0.0011123865842819214,benign
18793,Idle Max,t-7,-0.00039947032928466797,benign
18793,Idle Mean,t-7,0.00018408894538879395,attack
18793,Idle Min,t-7,-0.0012938380241394043,benign
18793,Idle Std,t-7,5.745887756347656e-05,attack
18793,Init Bwd Win Byts,t-7,-0.00024062395095825195,benign
18793,Init Fwd Win Byts,t-7,-0.007800549268722534,benign
18793,PSH Flag Cnt,t-7,0.00013421475887298584,attack
18793,Pkt Len Max,t-7,0.0002608448266983032,attack
18793,Pkt Len Mean,t-7,6.213784217834473e-06,attack
18793,Pkt Len Min,t-7,-9.98377799987793e-07,benign
18793,Pkt Len Std,t-7,9.538233280181885e-05,attack
18793,Pkt Len Var,t-7,6.012618541717529e-05,attack
18793,Pkt Size Avg,t-7,1.9878149032592773e-05,attack
18793,RST Flag Cnt,t-7,0.0005300343036651611,attack
18793,SYN Flag Cnt,t-7,0.00036337971687316895,attack
18793,Subflow Bwd Byts,t-7,1.6093254089355469e-06,attack
18793,Subflow Bwd Pkts,t-7,6.563961505889893e-05,attack
18793,Subflow Fwd Byts,t-7,4.042685031890869e-05,attack
18793,Subflow Fwd Pkts,t-7,0.00013464689254760742,attack
18793,Tot Bwd Pkts,t-7,7.089972496032715e-05,attack
18793,Tot Fwd Pkts,t-7,0.00013972818851470947,attack
18793,TotLen Bwd Pkts,t-7,2.409517765045166e-05,attack
18793,TotLen Fwd Pkts,t-7,2.4259090423583984e-05,attack
18793,URG Flag Cnt,t-7,0.00035215914249420166,attack
18793,Protocol_0,t-7,-0.00014775991439819336,benign
18793,Protocol_6,t-7,-0.0002513378858566284,benign
18793,Protocol_17,t-7,0.0002923905849456787,attack
18793,ACK Flag Cnt,t-6,0.0009605586528778076,attack
18793,Active Max,t-6,1.5228986740112305e-05,attack
18793,Active Mean,t-6,-5.379319190979004e-06,benign
18793,Active Min,t-6,-8.386373519897461e-05,benign
18793,Active Std,t-6,4.559755325317383e-06,attack
18793,Bwd Header Len,t-6,4.89652156829834e-05,attack
18793,Bwd IAT Max,t-6,0.00021122395992279053,attack
18793,Bwd IAT Mean,t-6,-0.010086223483085632,benign
18793,Bwd IAT Min,t-6,-0.010416671633720398,benign
18793,Bwd IAT Std,t-6,-9.544193744659424e-05,benign
18793,Bwd IAT Tot,t-6,-0.0031471550464630127,benign
18793,Bwd Pkt Len Max,t-6,-0.0008098334074020386,benign
18793,Bwd Pkt Len Mean,t-6,0.00010769069194793701,attack
18793,Bwd Pkt Len Min,t-6,-8.83638858795166e-06,benign
18793,Bwd Pkt Len Std,t-6,-0.0006306171417236328,benign
18793,Bwd Pkts/s,t-6,-8.834898471832275e-05,benign
18793,Bwd Seg Size Avg,t-6,-0.0003158301115036011,benign
18793,Down/Up Ratio,t-6,0.00022798776626586914,attack
18793,ECE Flag Cnt,t-6,0.0002619326114654541,attack
18793,Flow Byts/s,t-6,-6.0424208641052246e-05,benign
18793,Flow Duration,t-6,0.0008917450904846191,attack
18793,Flow IAT Max,t-6,0.00032216310501098633,attack
18793,Flow IAT Mean,t-6,-1.2978911399841309e-05,benign
18793,Flow IAT Min,t-6,-5.4195523262023926e-05,benign
18793,Flow IAT Std,t-6,-0.005836591124534607,benign
18793,Flow Pkts/s,t-6,-0.00013935565948486328,benign
18793,Fwd Act Data Pkts,t-6,-8.83638858795166e-06,benign
18793,Fwd Header Len,t-6,-2.2590160369873047e-05,benign
18793,Fwd IAT Max,t-6,-0.0007739067077636719,benign
18793,Fwd IAT Mean,t-6,0.0003204643726348877,attack
18793,Fwd IAT Min,t-6,-0.00012356042861938477,benign
18793,Fwd IAT Std,t-6,2.740323543548584e-05,attack
18793,Fwd IAT Tot,t-6,0.001396477222442627,attack
18793,Fwd PSH Flags,t-6,0.0002468675374984741,attack
18793,Fwd Pkt Len Max,t-6,0.0007163733243942261,attack
18793,Fwd Pkt Len Mean,t-6,0.00017441809177398682,attack
18793,Fwd Pkt Len Min,t-6,-7.41034746170044e-05,benign
18793,Fwd Pkt Len Std,t-6,0.0006252676248550415,attack
18793,Fwd Pkts/s,t-6,-0.00016014277935028076,benign
18793,Fwd Seg Size Avg,t-6,6.0558319091796875e-05,attack
18793,Fwd Seg Size Min,t-6,0.006469711661338806,attack
18793,Idle Max,t-6,-0.00019350647926330566,benign
18793,Idle Mean,t-6,-9.238719940185547e-07,benign
18793,Idle Min,t-6,0.0011218637228012085,attack
18793,Idle Std,t-6,0.00020360946655273438,attack
18793,Init Bwd Win Byts,t-6,0.0009606033563613892,attack
18793,Init Fwd Win Byts,t-6,0.0015992820262908936,attack
18793,PSH Flag Cnt,t-6,0.00010277330875396729,attack
18793,Pkt Len Max,t-6,0.00032044947147369385,attack
18793,Pkt Len Mean,t-6,9.687244892120361e-05,attack
18793,Pkt Len Min,t-6,-0.00023061037063598633,benign
18793,Pkt Len Std,t-6,0.0003909766674041748,attack
18793,Pkt Len Var,t-6,-0.00012649595737457275,benign
18793,Pkt Size Avg,t-6,0.0001713186502456665,attack
18793,RST Flag Cnt,t-6,-0.0002612769603729248,benign
18793,SYN Flag Cnt,t-6,-0.0001637190580368042,benign
18793,Subflow Bwd Byts,t-6,-7.256865501403809e-06,benign
18793,Subflow Bwd Pkts,t-6,5.59389591217041e-05,attack
18793,Subflow Fwd Byts,t-6,4.3958425521850586e-05,attack
18793,Subflow Fwd Pkts,t-6,0.00021767616271972656,attack
18793,Tot Bwd Pkts,t-6,4.665553569793701e-05,attack
18793,Tot Fwd Pkts,t-6,0.00016154348850250244,attack
18793,TotLen Bwd Pkts,t-6,2.3186206817626953e-05,attack
18793,TotLen Fwd Pkts,t-6,3.170967102050781e-05,attack
18793,URG Flag Cnt,t-6,0.0005219429731369019,attack
18793,Protocol_0,t-6,0.0010452866554260254,attack
18793,Protocol_6,t-6,0.0003263205289840698,attack
18793,Protocol_17,t-6,-8.493661880493164e-05,benign
18793,ACK Flag Cnt,t-5,0.00018255412578582764,attack
18793,Active Max,t-5,3.1754374504089355e-05,attack
18793,Active Mean,t-5,1.2308359146118164e-05,attack
18793,Active Min,t-5,3.293156623840332e-06,attack
18793,Active Std,t-5,0.0001569986343383789,attack
18793,Bwd Header Len,t-5,5.733966827392578e-05,attack
18793,Bwd IAT Max,t-5,-5.002319812774658e-05,benign
18793,Bwd IAT Mean,t-5,0.00015376508235931396,attack
18793,Bwd IAT Min,t-5,0.0002789050340652466,attack
18793,Bwd IAT Std,t-5,0.00021821260452270508,attack
18793,Bwd IAT Tot,t-5,0.00021158158779144287,attack
18793,Bwd Pkt Len Max,t-5,-0.0003621429204940796,benign
18793,Bwd Pkt Len Mean,t-5,-5.59687614440918e-05,benign
18793,Bwd Pkt Len Min,t-5,-0.0014335066080093384,benign
18793,Bwd Pkt Len Std,t-5,0.001176878809928894,attack
18793,Bwd Pkts/s,t-5,1.0579824447631836e-05,attack
18793,Bwd Seg Size Avg,t-5,-0.00018906593322753906,benign
18793,Down/Up Ratio,t-5,1.6704201698303223e-05,attack
18793,ECE Flag Cnt,t-5,-0.0008402317762374878,benign
18793,Flow Byts/s,t-5,-5.59687614440918e-05,benign
18793,Flow Duration,t-5,-0.0001958608627319336,benign
18793,Flow IAT Max,t-5,-0.00012312829494476318,benign
18793,Flow IAT Mean,t-5,0.00018928945064544678,attack
18793,Flow IAT Min,t-5,0.00027082860469818115,attack
18793,Flow IAT Std,t-5,5.270540714263916e-05,attack
18793,Flow Pkts/s,t-5,-1.6510486602783203e-05,benign
18793,Fwd Act Data Pkts,t-5,1.1608004570007324e-05,attack
18793,Fwd Header Len,t-5,3.726780414581299e-05,attack
18793,Fwd IAT Max,t-5,3.664195537567139e-05,attack
18793,Fwd IAT Mean,t-5,0.0005363523960113525,attack
18793,Fwd IAT Min,t-5,0.00041444599628448486,attack
18793,Fwd IAT Std,t-5,0.00014910101890563965,attack
18793,Fwd IAT Tot,t-5,7.37309455871582e-05,attack
18793,Fwd PSH Flags,t-5,-0.0002666562795639038,benign
18793,Fwd Pkt Len Max,t-5,-8.590519428253174e-05,benign
18793,Fwd Pkt Len Mean,t-5,-0.00010149180889129639,benign
18793,Fwd Pkt Len Min,t-5,-0.0006099194288253784,benign
18793,Fwd Pkt Len Std,t-5,0.0006263703107833862,attack
18793,Fwd Pkts/s,t-5,0.00016883015632629395,attack
18793,Fwd Seg Size Avg,t-5,-0.0006318986415863037,benign
18793,Fwd Seg Size Min,t-5,-0.0012257248163223267,benign
18793,Idle Max,t-5,0.00015863776206970215,attack
18793,Idle Mean,t-5,6.400048732757568e-05,attack
18793,Idle Min,t-5,0.00012220442295074463,attack
18793,Idle Std,t-5,-0.000264972448348999,benign
18793,Init Bwd Win Byts,t-5,-0.0037410706281661987,benign
18793,Init Fwd Win Byts,t-5,9.000301361083984e-06,attack
18793,PSH Flag Cnt,t-5,-2.4586915969848633e-06,benign
18793,Pkt Len Max,t-5,-0.0016147345304489136,benign
18793,Pkt Len Mean,t-5,0.00042894482612609863,attack
18793,Pkt Len Min,t-5,-7.717311382293701e-05,benign
18793,Pkt Len Std,t-5,-0.0002995729446411133,benign
18793,Pkt Len Var,t-5,0.0002397298812866211,attack
18793,Pkt Size Avg,t-5,0.0002391338348388672,attack
18793,RST Flag Cnt,t-5,-0.0005078762769699097,benign
18793,SYN Flag Cnt,t-5,-0.00044880807399749756,benign
18793,Subflow Bwd Byts,t-5,2.2277235984802246e-05,attack
18793,Subflow Bwd Pkts,t-5,5.586445331573486e-05,attack
18793,Subflow Fwd Byts,t-5,5.97536563873291e-06,attack
18793,Subflow Fwd Pkts,t-5,0.0001207590103149414,attack
18793,Tot Bwd Pkts,t-5,1.1608004570007324e-05,attack
18793,Tot Fwd Pkts,t-5,0.00014100968837738037,attack
18793,TotLen Bwd Pkts,t-5,5.2288174629211426e-05,attack
18793,TotLen Fwd Pkts,t-5,5.230307579040527e-06,attack
18793,URG Flag Cnt,t-5,0.00016579031944274902,attack
18793,Protocol_0,t-5,-6.119906902313232e-05,benign
18793,Protocol_6,t-5,-6.705522537231445e-07,benign
18793,Protocol_17,t-5,-0.0002632737159729004,benign
18793,ACK Flag Cnt,t-4,-0.002198919653892517,benign
18793,Active Max,t-4,0.0002431720495223999,attack
18793,Active Mean,t-4,7.258355617523193e-05,attack
18793,Active Min,t-4,-0.00015082955360412598,benign
18793,Active Std,t-4,0.00036594271659851074,attack
18793,Bwd Header Len,t-4,0.0001884549856185913,attack
18793,Bwd IAT Max,t-4,0.0013308525085449219,attack
18793,Bwd IAT Mean,t-4,-7.040798664093018e-05,benign
18793,Bwd IAT Min,t-4,0.00028836727142333984,attack
18793,Bwd IAT Std,t-4,0.002372443675994873,attack
18793,Bwd IAT Tot,t-4,-0.00041885673999786377,benign
18793,Bwd Pkt Len Max,t-4,-1.862645149230957e-06,benign
18793,Bwd Pkt Len Mean,t-4,0.0005173981189727783,attack
18793,Bwd Pkt Len Min,t-4,0.0014002174139022827,attack
18793,Bwd Pkt Len Std,t-4,-0.0009265691041946411,benign
18793,Bwd Pkts/s,t-4,2.835690975189209e-05,attack
18793,Bwd Seg Size Avg,t-4,0.0008169114589691162,attack
18793,Down/Up Ratio,t-4,4.4405460357666016e-05,attack
18793,ECE Flag Cnt,t-4,7.845461368560791e-05,attack
18793,Flow Byts/s,t-4,-0.0003821849822998047,benign
18793,Flow Duration,t-4,0.00025323033332824707,attack
18793,Flow IAT Max,t-4,-0.00023734569549560547,benign
18793,Flow IAT Mean,t-4,0.0014230310916900635,attack
18793,Flow IAT Min,t-4,0.0015310794115066528,attack
18793,Flow IAT Std,t-4,-0.00015908479690551758,benign
18793,Flow Pkts/s,t-4,-4.604458808898926e-05,benign
18793,Fwd Act Data Pkts,t-4,7.419288158416748e-05,attack
18793,Fwd Header Len,t-4,0.00012506544589996338,attack
18793,Fwd IAT Max,t-4,-0.0005605220794677734,benign
18793,Fwd IAT Mean,t-4,0.001461416482925415,attack
18793,Fwd IAT Min,t-4,0.0019249767065048218,attack
18793,Fwd IAT Std,t-4,0.0014738589525222778,attack
18793,Fwd IAT Tot,t-4,0.00031982362270355225,attack
18793,Fwd PSH Flags,t-4,-0.0008008778095245361,benign
18793,Fwd Pkt Len Max,t-4,-2.230703830718994e-05,benign
18793,Fwd Pkt Len Mean,t-4,-6.230175495147705e-05,benign
18793,Fwd Pkt Len Min,t-4,0.00021395087242126465,attack
18793,Fwd Pkt Len Std,t-4,-8.42660665512085e-05,benign
18793,Fwd Pkts/s,t-4,-0.00020678341388702393,benign
18793,Fwd Seg Size Avg,t-4,1.1622905731201172e-06,attack
18793,Fwd Seg Size Min,t-4,0.0009124279022216797,attack
18793,Idle Max,t-4,-0.00045299530029296875,benign
18793,Idle Mean,t-4,2.428889274597168e-05,attack
18793,Idle Min,t-4,0.0002851635217666626,attack
18793,Idle Std,t-4,0.0005784928798675537,attack
18793,Init Bwd Win Byts,t-4,0.0017068833112716675,attack
18793,Init Fwd Win Byts,t-4,0.002103939652442932,attack
18793,PSH Flag Cnt,t-4,0.00030146539211273193,attack
18793,Pkt Len Max,t-4,-7.174909114837646e-05,benign
18793,Pkt Len Mean,t-4,5.440413951873779e-05,attack
18793,Pkt Len Min,t-4,0.00010643899440765381,attack
18793,Pkt Len Std,t-4,4.316866397857666e-05,attack
18793,Pkt Len Var,t-4,-0.00010411441326141357,benign
18793,Pkt Size Avg,t-4,0.00012023746967315674,attack
18793,RST Flag Cnt,t-4,1.087784767150879e-06,attack
18793,SYN Flag Cnt,t-4,-0.001888558268547058,benign
18793,Subflow Bwd Byts,t-4,7.459521293640137e-05,attack
18793,Subflow Bwd Pkts,t-4,0.0002358555793762207,attack
18793,Subflow Fwd Byts,t-4,6.029009819030762e-05,attack
18793,Subflow Fwd Pkts,t-4,0.00037992000579833984,attack
18793,Tot Bwd Pkts,t-4,0.0002141892910003662,attack
18793,Tot Fwd Pkts,t-4,0.0003695189952850342,attack
18793,TotLen Bwd Pkts,t-4,0.0001541823148727417,attack
18793,TotLen Fwd Pkts,t-4,5.777180194854736e-05,attack
18793,URG Flag Cnt,t-4,-0.0006698369979858398,benign
18793,Protocol_0,t-4,-0.00040709972381591797,benign
18793,Protocol_6,t-4,6.841123104095459e-05,attack
18793,Protocol_17,t-4,1.3470649719238281e-05,attack
18793,ACK Flag Cnt,t-3,-0.0037546008825302124,benign
18793,Active Max,t-3,-2.3126602172851562e-05,benign
18793,Active Mean,t-3,8.806586265563965e-06,attack
18793,Active Min,t-3,-0.0002772510051727295,benign
18793,Active Std,t-3,3.808736801147461e-05,attack
18793,Bwd Header Len,t-3,0.00015372037887573242,attack
18793,Bwd IAT Max,t-3,0.0005518347024917603,attack
18793,Bwd IAT Mean,t-3,-0.0029973238706588745,benign
18793,Bwd IAT Min,t-3,-0.00328141450881958,benign
18793,Bwd IAT Std,t-3,6.841123104095459e-05,attack
18793,Bwd IAT Tot,t-3,-0.00044636428356170654,benign
18793,Bwd Pkt Len Max,t-3,-0.0015256404876708984,benign
18793,Bwd Pkt Len Mean,t-3,-0.00018142163753509521,benign
18793,Bwd Pkt Len Min,t-3,0.00023217499256134033,attack
18793,Bwd Pkt Len Std,t-3,-0.001385718584060669,benign
18793,Bwd Pkts/s,t-3,-0.0006360113620758057,benign
18793,Bwd Seg Size Avg,t-3,-0.0011385083198547363,benign
18793,Down/Up Ratio,t-3,-8.954107761383057e-05,benign
18793,ECE Flag Cnt,t-3,0.00035046041011810303,attack
18793,Flow Byts/s,t-3,-0.0005600452423095703,benign
18793,Flow Duration,t-3,0.0007894635200500488,attack
18793,Flow IAT Max,t-3,0.0009339600801467896,attack
18793,Flow IAT Mean,t-3,-0.00026848912239074707,benign
18793,Flow IAT Min,t-3,-0.000942617654800415,benign
18793,Flow IAT Std,t-3,-0.000947117805480957,benign
18793,Flow Pkts/s,t-3,-8.553266525268555e-06,benign
18793,Fwd Act Data Pkts,t-3,0.00013586878776550293,attack
18793,Fwd Header Len,t-3,0.00011365115642547607,attack
18793,Fwd IAT Max,t-3,-0.0025887489318847656,benign
18793,Fwd IAT Mean,t-3,-0.002225637435913086,benign
18793,Fwd IAT Min,t-3,-0.0038062483072280884,benign
18793,Fwd IAT Std,t-3,-0.0009489953517913818,benign
18793,Fwd IAT Tot,t-3,0.001232430338859558,attack
18793,Fwd PSH Flags,t-3,0.0001364201307296753,attack
18793,Fwd Pkt Len Max,t-3,-5.754828453063965e-05,benign
18793,Fwd Pkt Len Mean,t-3,8.857250213623047e-05,attack
18793,Fwd Pkt Len Min,t-3,-9.268522262573242e-05,benign
18793,Fwd Pkt Len Std,t-3,-4.537403583526611e-05,benign
18793,Fwd Pkts/s,t-3,-0.00012798607349395752,benign
18793,Fwd Seg Size Avg,t-3,0.0007340461015701294,attack
18793,Fwd Seg Size Min,t-3,-0.00024725496768951416,benign
18793,Idle Max,t-3,-0.0009476542472839355,benign
18793,Idle Mean,t-3,0.00020234286785125732,attack
18793,Idle Min,t-3,0.0005746781826019287,attack
18793,Idle Std,t-3,-0.00012858211994171143,benign
18793,Init Bwd Win Byts,t-3,0.00011520087718963623,attack
18793,Init Fwd Win Byts,t-3,-0.0011681318283081055,benign
18793,PSH Flag Cnt,t-3,0.00017480552196502686,attack
18793,Pkt Len Max,t-3,-0.00045959651470184326,benign
18793,Pkt Len Mean,t-3,0.0004984438419342041,attack
18793,Pkt Len Min,t-3,-0.00011536478996276855,benign
18793,Pkt Len Std,t-3,-0.001018241047859192,benign
18793,Pkt Len Var,t-3,-0.00039273500442504883,benign
18793,Pkt Size Avg,t-3,-0.0005425512790679932,benign
18793,RST Flag Cnt,t-3,0.00026752054691314697,attack
18793,SYN Flag Cnt,t-3,0.00043785572052001953,attack
18793,Subflow Bwd Byts,t-3,3.33935022354126e-05,attack
18793,Subflow Bwd Pkts,t-3,0.00015273690223693848,attack
18793,Subflow Fwd Byts,t-3,5.416572093963623e-05,attack
18793,Subflow Fwd Pkts,t-3,0.000197485089302063,attack
18793,Tot Bwd Pkts,t-3,0.0002087801694869995,attack
18793,Tot Fwd Pkts,t-3,0.0003119856119155884,attack
18793,TotLen Bwd Pkts,t-3,5.2034854888916016e-05,attack
18793,TotLen Fwd Pkts,t-3,9.278953075408936e-05,attack
18793,URG Flag Cnt,t-3,-0.004657819867134094,benign
18793,Protocol_0,t-3,0.00037457048892974854,attack
18793,Protocol_6,t-3,-0.00021280348300933838,benign
18793,Protocol_17,t-3,0.00011678040027618408,attack
18793,ACK Flag Cnt,t-2,0.0018146783113479614,attack
18793,Active Max,t-2,-3.230571746826172e-05,benign
18793,Active Mean,t-2,-0.00027376413345336914,benign
18793,Active Min,t-2,-5.289912223815918e-05,benign
18793,Active Std,t-2,4.139542579650879e-05,attack
18793,Bwd Header Len,t-2,0.00014531612396240234,attack
18793,Bwd IAT Max,t-2,3.693997859954834e-05,attack
18793,Bwd IAT Mean,t-2,0.00010347366333007812,attack
18793,Bwd IAT Min,t-2,0.0002180933952331543,attack
18793,Bwd IAT Std,t-2,-6.817281246185303e-05,benign
18793,Bwd IAT Tot,t-2,5.416572093963623e-05,attack
18793,Bwd Pkt Len Max,t-2,-0.0002512335777282715,benign
18793,Bwd Pkt Len Mean,t-2,-0.00042657554149627686,benign
18793,Bwd Pkt Len Min,t-2,-0.0007072687149047852,benign
18793,Bwd Pkt Len Std,t-2,0.0009365379810333252,attack
18793,Bwd Pkts/s,t-2,5.2034854888916016e-05,attack
18793,Bwd Seg Size Avg,t-2,0.0012029409408569336,attack
18793,Down/Up Ratio,t-2,-3.904104232788086e-06,benign
18793,ECE Flag Cnt,t-2,-0.0005398839712142944,benign
18793,Flow Byts/s,t-2,-0.00039583444595336914,benign
18793,Flow Duration,t-2,-0.0002940446138381958,benign
18793,Flow IAT Max,t-2,-0.0006720572710037231,benign
18793,Flow IAT Mean,t-2,-0.0007022172212600708,benign
18793,Flow IAT Min,t-2,-0.0008518248796463013,benign
18793,Flow IAT Std,t-2,0.0002746880054473877,attack
18793,Flow Pkts/s,t-2,2.1219253540039062e-05,attack
18793,Fwd Act Data Pkts,t-2,0.00015613436698913574,attack
18793,Fwd Header Len,t-2,0.00017404556274414062,attack
18793,Fwd IAT Max,t-2,-0.00029465556144714355,benign
18793,Fwd IAT Mean,t-2,-0.0008615851402282715,benign
18793,Fwd IAT Min,t-2,-0.0005514621734619141,benign
18793,Fwd IAT Std,t-2,2.8789043426513672e-05,attack
18793,Fwd IAT Tot,t-2,-0.00013409554958343506,benign
18793,Fwd PSH Flags,t-2,0.0003773123025894165,attack
18793,Fwd Pkt Len Max,t-2,-0.0005102604627609253,benign
18793,Fwd Pkt Len Mean,t-2,-0.0011730492115020752,benign
18793,Fwd Pkt Len Min,t-2,-0.0005671679973602295,benign
18793,Fwd Pkt Len Std,t-2,-0.0018205493688583374,benign
18793,Fwd Pkts/s,t-2,0.00016422569751739502,attack
18793,Fwd Seg Size Avg,t-2,-0.001068204641342163,benign
18793,Fwd Seg Size Min,t-2,-5.526840686798096e-05,benign
18793,Idle Max,t-2,-0.0005594640970230103,benign
18793,Idle Mean,t-2,-0.0006870031356811523,benign
18793,Idle Min,t-2,-0.0005147159099578857,benign
18793,Idle Std,t-2,0.00010706484317779541,attack
18793,Init Bwd Win Byts,t-2,-0.0036739110946655273,benign
18793,Init Fwd Win Byts,t-2,0.0005594640970230103,attack
18793,PSH Flag Cnt,t-2,5.169212818145752e-05,attack
18793,Pkt Len Max,t-2,7.4729323387146e-05,attack
18793,Pkt Len Mean,t-2,0.0011814534664154053,attack
18793,Pkt Len Min,t-2,-0.0006117522716522217,benign
18793,Pkt Len Std,t-2,0.0034038126468658447,attack
18793,Pkt Len Var,t-2,1.6421079635620117e-05,attack
18793,Pkt Size Avg,t-2,0.0001271963119506836,attack
18793,RST Flag Cnt,t-2,-0.000542178750038147,benign
18793,SYN Flag Cnt,t-2,-0.00040005147457122803,benign
18793,Subflow Bwd Byts,t-2,4.4465065002441406e-05,attack
18793,Subflow Bwd Pkts,t-2,0.00011920928955078125,attack
18793,Subflow Fwd Byts,t-2,3.789365291595459e-05,attack
18793,Subflow Fwd Pkts,t-2,8.508563041687012e-05,attack
18793,Tot Bwd Pkts,t-2,8.989870548248291e-05,attack
18793,Tot Fwd Pkts,t-2,0.0001728534698486328,attack
18793,TotLen Bwd Pkts,t-2,7.674098014831543e-06,attack
18793,TotLen Fwd Pkts,t-2,1.0952353477478027e-05,attack
18793,URG Flag Cnt,t-2,0.001076340675354004,attack
18793,Protocol_0,t-2,2.6702880859375e-05,attack
18793,Protocol_6,t-2,-0.0009193718433380127,benign
18793,Protocol_17,t-2,0.00028870999813079834,attack
18793,ACK Flag Cnt,t-1,-0.005661189556121826,benign
18793,Active Max,t-1,-0.0004416853189468384,benign
18793,Active Mean,t-1,-0.0002563744783401489,benign
18793,Active Min,t-1,-0.0003530830144882202,benign
18793,Active Std,t-1,-7.50124454498291e-05,benign
18793,Bwd Header Len,t-1,-9.53972339630127e-05,benign
18793,Bwd IAT Max,t-1,-0.001088649034500122,benign
18793,Bwd IAT Mean,t-1,0.0003987550735473633,attack
18793,Bwd IAT Min,t-1,0.0003594011068344116,attack
18793,Bwd IAT Std,t-1,0.0006976723670959473,attack
18793,Bwd IAT Tot,t-1,-0.0014271140098571777,benign
18793,Bwd Pkt Len Max,t-1,0.0010050088167190552,attack
18793,Bwd Pkt Len Mean,t-1,-2.682209014892578e-05,benign
18793,Bwd Pkt Len Min,t-1,-0.002507820725440979,benign
18793,Bwd Pkt Len Std,t-1,0.003383338451385498,attack
18793,Bwd Pkts/s,t-1,0.0012727230787277222,attack
18793,Bwd Seg Size Avg,t-1,-0.0013420283794403076,benign
18793,Down/Up Ratio,t-1,-0.0026188641786575317,benign
18793,ECE Flag Cnt,t-1,-0.004542648792266846,benign
18793,Flow Byts/s,t-1,-0.0009912848472595215,benign
18793,Flow Duration,t-1,-0.02909018099308014,benign
18793,Flow IAT Max,t-1,0.009146198630332947,attack
18793,Flow IAT Mean,t-1,0.010084003210067749,attack
18793,Flow IAT Min,t-1,0.01744675636291504,attack
18793,Flow IAT Std,t-1,0.0008423328399658203,attack
18793,Flow Pkts/s,t-1,-0.0004956573247909546,benign
18793,Fwd Act Data Pkts,t-1,6.343424320220947e-05,attack
18793,Fwd Header Len,t-1,-0.0008223205804824829,benign
18793,Fwd IAT Max,t-1,-0.010686933994293213,benign
18793,Fwd IAT Mean,t-1,0.006133466958999634,attack
18793,Fwd IAT Min,t-1,0.008541062474250793,attack
18793,Fwd IAT Std,t-1,0.0008751749992370605,attack
18793,Fwd IAT Tot,t-1,-0.04403550922870636,benign
18793,Fwd PSH Flags,t-1,-0.002179175615310669,benign
18793,Fwd Pkt Len Max,t-1,-1.2367963790893555e-05,benign
18793,Fwd Pkt Len Mean,t-1,0.0011912435293197632,attack
18793,Fwd Pkt Len Min,t-1,-0.0012333840131759644,benign
18793,Fwd Pkt Len Std,t-1,0.0016280114650726318,attack
18793,Fwd Pkts/s,t-1,-0.0008783489465713501,benign
18793,Fwd Seg Size Avg,t-1,-0.0010973364114761353,benign
18793,Fwd Seg Size Min,t-1,-0.028186187148094177,benign
18793,Idle Max,t-1,0.012340381741523743,attack
18793,Idle Mean,t-1,0.00791795551776886,attack
18793,Idle Min,t-1,0.008128821849822998,attack
18793,Idle Std,t-1,0.00030137598514556885,attack
18793,Init Bwd Win Byts,t-1,0.001670554280281067,attack
18793,Init Fwd Win Byts,t-1,-0.004394203424453735,benign
18793,PSH Flag Cnt,t-1,-0.0009877830743789673,benign
18793,Pkt Len Max,t-1,0.0006926804780960083,attack
18793,Pkt Len Mean,t-1,0.0010295212268829346,attack
18793,Pkt Len Min,t-1,-0.000717461109161377,benign
18793,Pkt Len Std,t-1,-0.0016048699617385864,benign
18793,Pkt Len Var,t-1,0.0010234862565994263,attack
18793,Pkt Size Avg,t-1,-0.0018436908721923828,benign
18793,RST Flag Cnt,t-1,-0.004264652729034424,benign
18793,SYN Flag Cnt,t-1,-0.001894250512123108,benign
18793,Subflow Bwd Byts,t-1,-3.769993782043457e-05,benign
18793,Subflow Bwd Pkts,t-1,-0.0002986639738082886,benign
18793,Subflow Fwd Byts,t-1,2.466142177581787e-05,attack
18793,Subflow Fwd Pkts,t-1,-0.0007367879152297974,benign
18793,Tot Bwd Pkts,t-1,-0.00016167759895324707,benign
18793,Tot Fwd Pkts,t-1,-0.0005150884389877319,benign
18793,TotLen Bwd Pkts,t-1,-2.3797154426574707e-05,benign
18793,TotLen Fwd Pkts,t-1,-6.517767906188965e-05,benign
18793,URG Flag Cnt,t-1,0.000420302152633667,attack
18793,Protocol_0,t-1,-0.013355925679206848,benign
18793,Protocol_6,t-1,0.0005229264497756958,attack
18793,Protocol_17,t-1,-0.0008433014154434204,benign
18793,ACK Flag Cnt,t,-0.0008510798215866089,benign
18793,Active Max,t,0.0021889805793762207,attack
18793,Active Mean,t,-2.980232238769531e-07,benign
18793,Active Min,t,0.0001643747091293335,attack
18793,Active Std,t,-8.653104305267334e-05,benign
18793,Bwd Header Len,t,1.2919306755065918e-05,attack
18793,Bwd IAT Max,t,-0.00035575032234191895,benign
18793,Bwd IAT Mean,t,0.0006685853004455566,attack
18793,Bwd IAT Min,t,0.0003056824207305908,attack
18793,Bwd IAT Std,t,0.00030544400215148926,attack
18793,Bwd IAT Tot,t,-0.0002969801425933838,benign
18793,Bwd Pkt Len Max,t,-0.0015047043561935425,benign
18793,Bwd Pkt Len Mean,t,1.6033649444580078e-05,attack
18793,Bwd Pkt Len Min,t,-0.00196683406829834,benign
18793,Bwd Pkt Len Std,t,-0.0034396350383758545,benign
18793,Bwd Pkts/s,t,0.0003078281879425049,attack
18793,Bwd Seg Size Avg,t,-0.00021401047706604004,benign
18793,Down/Up Ratio,t,0.0004688352346420288,attack
18793,ECE Flag Cnt,t,-0.0008303821086883545,benign
18793,Flow Byts/s,t,1.7434358596801758e-05,attack
18793,Flow Duration,t,-0.0006206333637237549,benign
18793,Flow IAT Max,t,-0.000238075852394104,benign
18793,Flow IAT Mean,t,-0.002374693751335144,benign
18793,Flow IAT Min,t,-0.0030604898929595947,benign
18793,Flow IAT Std,t,0.0021233707666397095,attack
18793,Flow Pkts/s,t,-0.00034818053245544434,benign
18793,Fwd Act Data Pkts,t,2.4721026420593262e-05,attack
18793,Fwd Header Len,t,-2.6971101760864258e-06,benign
18793,Fwd IAT Max,t,2.0235776901245117e-05,attack
18793,Fwd IAT Mean,t,-0.002422228455543518,benign
18793,Fwd IAT Min,t,-0.0024688392877578735,benign
18793,Fwd IAT Std,t,0.0017181187868118286,attack
18793,Fwd IAT Tot,t,-0.0009000450372695923,benign
18793,Fwd PSH Flags,t,0.00037185847759246826,attack
18793,Fwd Pkt Len Max,t,0.001026049256324768,attack
18793,Fwd Pkt Len Mean,t,-0.00030077993869781494,benign
18793,Fwd Pkt Len Min,t,-0.0007117688655853271,benign
18793,Fwd Pkt Len Std,t,-0.0044479817152023315,benign
18793,Fwd Pkts/s,t,-0.00024177134037017822,benign
18793,Fwd Seg Size Avg,t,0.0020737797021865845,attack
18793,Fwd Seg Size Min,t,0.00249461829662323,attack
18793,Idle Max,t,-0.0010661929845809937,benign
18793,Idle Mean,t,-0.001652255654335022,benign
18793,Idle Min,t,-0.0018375962972640991,benign
18793,Idle Std,t,0.00047272443771362305,attack
18793,Init Bwd Win Byts,t,-0.001575753092765808,benign
18793,Init Fwd Win Byts,t,-0.0006811469793319702,benign
18793,PSH Flag Cnt,t,-0.00028583407402038574,benign
18793,Pkt Len Max,t,-0.0007548779249191284,benign
18793,Pkt Len Mean,t,0.0003345012664794922,attack
18793,Pkt Len Min,t,-0.0013967156410217285,benign
18793,Pkt Len Std,t,-0.0021996796131134033,benign
18793,Pkt Len Var,t,0.0006630122661590576,attack
18793,Pkt Size Avg,t,0.000255584716796875,attack
18793,RST Flag Cnt,t,-0.0020770132541656494,benign
18793,SYN Flag Cnt,t,0.0005567967891693115,attack
18793,Subflow Bwd Byts,t,3.978610038757324e-06,attack
18793,Subflow Bwd Pkts,t,-4.589557647705078e-05,benign
18793,Subflow Fwd Byts,t,-6.815791130065918e-05,benign
18793,Subflow Fwd Pkts,t,-1.9073486328125e-05,benign
18793,Tot Bwd Pkts,t,3.726780414581299e-05,attack
18793,Tot Fwd Pkts,t,-8.404254913330078e-06,benign
18793,TotLen Bwd Pkts,t,4.191696643829346e-05,attack
18793,TotLen Fwd Pkts,t,0.00010414421558380127,attack
18793,URG Flag Cnt,t,-0.0007935017347335815,benign
18793,Protocol_0,t,0.00036773085594177246,attack
18793,Protocol_6,t,-0.0005586892366409302,benign
18793,Protocol_17,t,0.00017346441745758057,attack
18977,ACK Flag Cnt,t-9,-0.0012178421020507812,benign
18977,Active Max,t-9,-6.4373016357421875e-06,benign
18977,Active Mean,t-9,1.3947486877441406e-05,attack
18977,Active Min,t-9,7.3909759521484375e-06,attack
18977,Active Std,t-9,-0.00013214349746704102,benign
18977,Bwd Header Len,t-9,-0.00029790401458740234,benign
18977,Bwd IAT Max,t-9,0.0009421706199645996,attack
18977,Bwd IAT Mean,t-9,0.00038379430770874023,attack
18977,Bwd IAT Min,t-9,-0.00017523765563964844,benign
18977,Bwd IAT Std,t-9,0.0004526972770690918,attack
18977,Bwd IAT Tot,t-9,-0.0013511180877685547,benign
18977,Bwd Pkt Len Max,t-9,0.0005849003791809082,attack
18977,Bwd Pkt Len Mean,t-9,0.00015211105346679688,attack
18977,Bwd Pkt Len Min,t-9,0.0005881190299987793,attack
18977,Bwd Pkt Len Std,t-9,0.0011653304100036621,attack
18977,Bwd Pkts/s,t-9,-0.0001233220100402832,benign
18977,Bwd Seg Size Avg,t-9,3.11732292175293e-05,attack
18977,Down/Up Ratio,t-9,3.927946090698242e-05,attack
18977,ECE Flag Cnt,t-9,-0.004753530025482178,benign
18977,Flow Byts/s,t-9,-6.377696990966797e-06,benign
18977,Flow Duration,t-9,0.0011376738548278809,attack
18977,Flow IAT Max,t-9,-0.0010590553283691406,benign
18977,Flow IAT Mean,t-9,-0.0006197690963745117,benign
18977,Flow IAT Min,t-9,-0.00042688846588134766,benign
18977,Flow IAT Std,t-9,0.0006591081619262695,attack
18977,Flow Pkts/s,t-9,-0.00010925531387329102,benign
18977,Fwd Act Data Pkts,t-9,0.00023066997528076172,attack
18977,Fwd Header Len,t-9,-0.00015872716903686523,benign
18977,Fwd IAT Max,t-9,-0.0013265609741210938,benign
18977,Fwd IAT Mean,t-9,-0.0008366107940673828,benign
18977,Fwd IAT Min,t-9,-0.00030231475830078125,benign
18977,Fwd IAT Std,t-9,0.0008553266525268555,attack
18977,Fwd IAT Tot,t-9,0.002314269542694092,attack
18977,Fwd PSH Flags,t-9,-1.0132789611816406e-06,benign
18977,Fwd Pkt Len Max,t-9,-0.00029414892196655273,benign
18977,Fwd Pkt Len Mean,t-9,0.0001017451286315918,attack
18977,Fwd Pkt Len Min,t-9,5.608797073364258e-05,attack
18977,Fwd Pkt Len Std,t-9,0.00017255544662475586,attack
18977,Fwd Pkts/s,t-9,-0.00022166967391967773,benign
18977,Fwd Seg Size Avg,t-9,8.52346420288086e-06,attack
18977,Fwd Seg Size Min,t-9,7.492303848266602e-05,attack
18977,Idle Max,t-9,-0.0013394951820373535,benign
18977,Idle Mean,t-9,-0.0010939836502075195,benign
18977,Idle Min,t-9,-0.0014467835426330566,benign
18977,Idle Std,t-9,-6.890296936035156e-05,benign
18977,Init Bwd Win Byts,t-9,-0.00025218725204467773,benign
18977,Init Fwd Win Byts,t-9,-0.00039589405059814453,benign
18977,PSH Flag Cnt,t-9,-0.00022453069686889648,benign
18977,Pkt Len Max,t-9,0.0004761219024658203,attack
18977,Pkt Len Mean,t-9,-1.9729137420654297e-05,benign
18977,Pkt Len Min,t-9,8.64863395690918e-05,attack
18977,Pkt Len Std,t-9,-4.559755325317383e-05,benign
18977,Pkt Len Var,t-9,0.0004349350929260254,attack
18977,Pkt Size Avg,t-9,-0.00024521350860595703,benign
18977,RST Flag Cnt,t-9,-0.004930317401885986,benign
18977,SYN Flag Cnt,t-9,-3.2842159271240234e-05,benign
18977,Subflow Bwd Byts,t-9,-9.5367431640625e-07,benign
18977,Subflow Bwd Pkts,t-9,-0.0001373887062072754,benign
18977,Subflow Fwd Byts,t-9,-0.0004093647003173828,benign
18977,Subflow Fwd Pkts,t-9,-0.0007736682891845703,benign
18977,Tot Bwd Pkts,t-9,-0.00027561187744140625,benign
18977,Tot Fwd Pkts,t-9,-0.00042313337326049805,benign
18977,TotLen Bwd Pkts,t-9,-7.62939453125e-06,benign
18977,TotLen Fwd Pkts,t-9,-0.0002976059913635254,benign
18977,URG Flag Cnt,t-9,0.0013718605041503906,attack
18977,Protocol_0,t-9,3.0279159545898438e-05,attack
18977,Protocol_6,t-9,-1.0728836059570312e-06,benign
18977,Protocol_17,t-9,8.64267349243164e-06,attack
18977,ACK Flag Cnt,t-8,-1.0609626770019531e-05,benign
18977,Active Max,t-8,1.055002212524414e-05,attack
18977,Active Mean,t-8,-8.940696716308594e-06,benign
18977,Active Min,t-8,4.76837158203125e-07,attack
18977,Active Std,t-8,8.058547973632812e-05,attack
18977,Bwd Header Len,t-8,3.2782554626464844e-05,attack
18977,Bwd IAT Max,t-8,-0.00019359588623046875,benign
18977,Bwd IAT Mean,t-8,-6.347894668579102e-05,benign
18977,Bwd IAT Min,t-8,1.722574234008789e-05,attack
18977,Bwd IAT Std,t-8,-0.00029784440994262695,benign
18977,Bwd IAT Tot,t-8,0.0001755356788635254,attack
18977,Bwd Pkt Len Max,t-8,-1.4483928680419922e-05,benign
18977,Bwd Pkt Len Mean,t-8,2.7954578399658203e-05,attack
18977,Bwd Pkt Len Min,t-8,0.0003954172134399414,attack
18977,Bwd Pkt Len Std,t-8,3.802776336669922e-05,attack
18977,Bwd Pkts/s,t-8,-0.0002776980400085449,benign
18977,Bwd Seg Size Avg,t-8,-0.00014638900756835938,benign
18977,Down/Up Ratio,t-8,-1.8477439880371094e-05,benign
18977,ECE Flag Cnt,t-8,-0.0004023313522338867,benign
18977,Flow Byts/s,t-8,3.337860107421875e-06,attack
18977,Flow Duration,t-8,0.0003516077995300293,attack
18977,Flow IAT Max,t-8,0.00013571977615356445,attack
18977,Flow IAT Mean,t-8,0.0005646944046020508,attack
18977,Flow IAT Min,t-8,0.0006067752838134766,attack
18977,Flow IAT Std,t-8,-0.00029355287551879883,benign
18977,Flow Pkts/s,t-8,-2.6404857635498047e-05,benign
18977,Fwd Act Data Pkts,t-8,-7.510185241699219e-06,benign
18977,Fwd Header Len,t-8,-4.088878631591797e-05,benign
18977,Fwd IAT Max,t-8,0.000415802001953125,attack
18977,Fwd IAT Mean,t-8,0.000673830509185791,attack
18977,Fwd IAT Min,t-8,0.0006718039512634277,attack
18977,Fwd IAT Std,t-8,-0.0004042983055114746,benign
18977,Fwd IAT Tot,t-8,6.121397018432617e-05,attack
18977,Fwd PSH Flags,t-8,0.00010418891906738281,attack
18977,Fwd Pkt Len Max,t-8,2.2649765014648438e-06,attack
18977,Fwd Pkt Len Mean,t-8,-3.427267074584961e-05,benign
18977,Fwd Pkt Len Min,t-8,-9.78708267211914e-05,benign
18977,Fwd Pkt Len Std,t-8,3.993511199951172e-06,attack
18977,Fwd Pkts/s,t-8,-2.199411392211914e-05,benign
18977,Fwd Seg Size Avg,t-8,5.424022674560547e-06,attack
18977,Fwd Seg Size Min,t-8,0.00044423341751098633,attack
18977,Idle Max,t-8,0.0006049275398254395,attack
18977,Idle Mean,t-8,0.00045734643936157227,attack
18977,Idle Min,t-8,0.0005645155906677246,attack
18977,Idle Std,t-8,-0.00011259317398071289,benign
18977,Init Bwd Win Byts,t-8,5.614757537841797e-05,attack
18977,Init Fwd Win Byts,t-8,-0.000553131103515625,benign
18977,PSH Flag Cnt,t-8,3.159046173095703e-06,attack
18977,Pkt Len Max,t-8,-4.76837158203125e-07,benign
18977,Pkt Len Mean,t-8,-6.35385513305664e-05,benign
18977,Pkt Len Min,t-8,9.143352508544922e-05,attack
18977,Pkt Len Std,t-8,-3.7550926208496094e-06,benign
18977,Pkt Len Var,t-8,-4.83393669128418e-05,benign
18977,Pkt Size Avg,t-8,-8.33272933959961e-05,benign
18977,RST Flag Cnt,t-8,-0.00022560358047485352,benign
18977,SYN Flag Cnt,t-8,0.00011420249938964844,attack
18977,Subflow Bwd Byts,t-8,7.748603820800781e-07,attack
18977,Subflow Bwd Pkts,t-8,2.300739288330078e-05,attack
18977,Subflow Fwd Byts,t-8,2.378225326538086e-05,attack
18977,Subflow Fwd Pkts,t-8,3.707408905029297e-05,attack
18977,Tot Bwd Pkts,t-8,0.0,neutral
18977,Tot Fwd Pkts,t-8,-3.933906555175781e-06,benign
18977,TotLen Bwd Pkts,t-8,8.940696716308594e-06,attack
18977,TotLen Fwd Pkts,t-8,8.165836334228516e-06,attack
18977,URG Flag Cnt,t-8,0.00021094083786010742,attack
18977,Protocol_0,t-8,-6.514787673950195e-05,benign
18977,Protocol_6,t-8,8.45789909362793e-05,attack
18977,Protocol_17,t-8,-0.00012135505676269531,benign
18977,ACK Flag Cnt,t-7,0.00026112794876098633,attack
18977,Active Max,t-7,5.805492401123047e-05,attack
18977,Active Mean,t-7,1.1861324310302734e-05,attack
18977,Active Min,t-7,-3.325939178466797e-05,benign
18977,Active Std,t-7,0.00010395050048828125,attack
18977,Bwd Header Len,t-7,7.170438766479492e-05,attack
18977,Bwd IAT Max,t-7,-0.0004017949104309082,benign
18977,Bwd IAT Mean,t-7,-0.0001552104949951172,benign
18977,Bwd IAT Min,t-7,-3.7550926208496094e-06,benign
18977,Bwd IAT Std,t-7,-0.00037097930908203125,benign
18977,Bwd IAT Tot,t-7,0.00028187036514282227,attack
18977,Bwd Pkt Len Max,t-7,-0.0006461143493652344,benign
18977,Bwd Pkt Len Mean,t-7,8.314847946166992e-05,attack
18977,Bwd Pkt Len Min,t-7,-0.0011549592018127441,benign
18977,Bwd Pkt Len Std,t-7,-0.0020896196365356445,benign
18977,Bwd Pkts/s,t-7,-0.0001652240753173828,benign
18977,Bwd Seg Size Avg,t-7,-0.00015038251876831055,benign
18977,Down/Up Ratio,t-7,9.655952453613281e-06,attack
18977,ECE Flag Cnt,t-7,0.00021153688430786133,attack
18977,Flow Byts/s,t-7,-8.618831634521484e-05,benign
18977,Flow Duration,t-7,-0.00013309717178344727,benign
18977,Flow IAT Max,t-7,0.0007058978080749512,attack
18977,Flow IAT Mean,t-7,0.0010869503021240234,attack
18977,Flow IAT Min,t-7,0.0010424256324768066,attack
18977,Flow IAT Std,t-7,-0.0005776286125183105,benign
18977,Flow Pkts/s,t-7,-1.5497207641601562e-06,benign
18977,Fwd Act Data Pkts,t-7,4.45246696472168e-05,attack
18977,Fwd Header Len,t-7,-3.916025161743164e-05,benign
18977,Fwd IAT Max,t-7,0.0009909272193908691,attack
18977,Fwd IAT Mean,t-7,0.0013802647590637207,attack
18977,Fwd IAT Min,t-7,0.0011224150657653809,attack
18977,Fwd IAT Std,t-7,-0.000746309757232666,benign
18977,Fwd IAT Tot,t-7,-0.0004119277000427246,benign
18977,Fwd PSH Flags,t-7,-3.600120544433594e-05,benign
18977,Fwd Pkt Len Max,t-7,-0.00017011165618896484,benign
18977,Fwd Pkt Len Mean,t-7,-2.5987625122070312e-05,benign
18977,Fwd Pkt Len Min,t-7,-6.300210952758789e-05,benign
18977,Fwd Pkt Len Std,t-7,-0.0004297494888305664,benign
18977,Fwd Pkts/s,t-7,2.485513687133789e-05,attack
18977,Fwd Seg Size Avg,t-7,-0.0001525282859802246,benign
18977,Fwd Seg Size Min,t-7,-0.00020360946655273438,benign
18977,Idle Max,t-7,0.0009524226188659668,attack
18977,Idle Mean,t-7,0.0009108185768127441,attack
18977,Idle Min,t-7,0.001026451587677002,attack
18977,Idle Std,t-7,-0.00020873546600341797,benign
18977,Init Bwd Win Byts,t-7,-0.00026339292526245117,benign
18977,Init Fwd Win Byts,t-7,0.00024193525314331055,attack
18977,PSH Flag Cnt,t-7,0.00010514259338378906,attack
18977,Pkt Len Max,t-7,-0.0002999305725097656,benign
18977,Pkt Len Mean,t-7,3.2186508178710938e-06,attack
18977,Pkt Len Min,t-7,2.396106719970703e-05,attack
18977,Pkt Len Std,t-7,-5.5849552154541016e-05,benign
18977,Pkt Len Var,t-7,-0.00011390447616577148,benign
18977,Pkt Size Avg,t-7,9.524822235107422e-05,attack
18977,RST Flag Cnt,t-7,0.000344693660736084,attack
18977,SYN Flag Cnt,t-7,5.459785461425781e-05,attack
18977,Subflow Bwd Byts,t-7,2.384185791015625e-06,attack
18977,Subflow Bwd Pkts,t-7,7.581710815429688e-05,attack
18977,Subflow Fwd Byts,t-7,5.364418029785156e-05,attack
18977,Subflow Fwd Pkts,t-7,0.0002078413963317871,attack
18977,Tot Bwd Pkts,t-7,5.990266799926758e-05,attack
18977,Tot Fwd Pkts,t-7,0.00011795759201049805,attack
18977,TotLen Bwd Pkts,t-7,3.826618194580078e-05,attack
18977,TotLen Fwd Pkts,t-7,3.635883331298828e-05,attack
18977,URG Flag Cnt,t-7,9.691715240478516e-05,attack
18977,Protocol_0,t-7,-0.0001818537712097168,benign
18977,Protocol_6,t-7,-8.058547973632812e-05,benign
18977,Protocol_17,t-7,-8.52346420288086e-05,benign
18977,ACK Flag Cnt,t-6,0.0004355907440185547,attack
18977,Active Max,t-6,-4.8100948333740234e-05,benign
18977,Active Mean,t-6,6.258487701416016e-06,attack
18977,Active Min,t-6,1.2040138244628906e-05,attack
18977,Active Std,t-6,9.822845458984375e-05,attack
18977,Bwd Header Len,t-6,2.8848648071289062e-05,attack
18977,Bwd IAT Max,t-6,9.274482727050781e-05,attack
18977,Bwd IAT Mean,t-6,2.9206275939941406e-06,attack
18977,Bwd IAT Min,t-6,1.5020370483398438e-05,attack
18977,Bwd IAT Std,t-6,8.660554885864258e-05,attack
18977,Bwd IAT Tot,t-6,-6.431341171264648e-05,benign
18977,Bwd Pkt Len Max,t-6,0.0001304149627685547,attack
18977,Bwd Pkt Len Mean,t-6,-0.0009492635726928711,benign
18977,Bwd Pkt Len Min,t-6,0.0002601742744445801,attack
18977,Bwd Pkt Len Std,t-6,0.0016009807586669922,attack
18977,Bwd Pkts/s,t-6,0.00012606382369995117,attack
18977,Bwd Seg Size Avg,t-6,-0.0006083250045776367,benign
18977,Down/Up Ratio,t-6,0.0003857612609863281,attack
18977,ECE Flag Cnt,t-6,-0.0001825094223022461,benign
18977,Flow Byts/s,t-6,3.2961368560791016e-05,attack
18977,Flow Duration,t-6,-3.445148468017578e-05,benign
18977,Flow IAT Max,t-6,4.285573959350586e-05,attack
18977,Flow IAT Mean,t-6,0.00027114152908325195,attack
18977,Flow IAT Min,t-6,0.0003852248191833496,attack
18977,Flow IAT Std,t-6,-8.171796798706055e-05,benign
18977,Flow Pkts/s,t-6,-8.803606033325195e-05,benign
18977,Fwd Act Data Pkts,t-6,1.4066696166992188e-05,attack
18977,Fwd Header Len,t-6,-6.467103958129883e-05,benign
18977,Fwd IAT Max,t-6,8.881092071533203e-05,attack
18977,Fwd IAT Mean,t-6,0.0004150271415710449,attack
18977,Fwd IAT Min,t-6,0.00032341480255126953,attack
18977,Fwd IAT Std,t-6,6.377696990966797e-06,attack
18977,Fwd IAT Tot,t-6,-7.426738739013672e-05,benign
18977,Fwd PSH Flags,t-6,-5.4836273193359375e-06,benign
18977,Fwd Pkt Len Max,t-6,7.092952728271484e-06,attack
18977,Fwd Pkt Len Mean,t-6,-9.465217590332031e-05,benign
18977,Fwd Pkt Len Min,t-6,-0.0001277923583984375,benign
18977,Fwd Pkt Len Std,t-6,-0.00028055906295776367,benign
18977,Fwd Pkts/s,t-6,9.733438491821289e-05,attack
18977,Fwd Seg Size Avg,t-6,8.285045623779297e-06,attack
18977,Fwd Seg Size Min,t-6,0.0001837015151977539,attack
18977,Idle Max,t-6,0.0003597140312194824,attack
18977,Idle Mean,t-6,0.0003248453140258789,attack
18977,Idle Min,t-6,0.0005019307136535645,attack
18977,Idle Std,t-6,-0.0003622770309448242,benign
18977,Init Bwd Win Byts,t-6,-0.0004836916923522949,benign
18977,Init Fwd Win Byts,t-6,4.2319297790527344e-05,attack
18977,PSH Flag Cnt,t-6,-3.528594970703125e-05,benign
18977,Pkt Len Max,t-6,-0.0006660819053649902,benign
18977,Pkt Len Mean,t-6,-0.0006031394004821777,benign
18977,Pkt Len Min,t-6,-0.00021761655807495117,benign
18977,Pkt Len Std,t-6,-0.001328110694885254,benign
18977,Pkt Len Var,t-6,-0.0011661648750305176,benign
18977,Pkt Size Avg,t-6,-0.00030165910720825195,benign
18977,RST Flag Cnt,t-6,0.00042438507080078125,attack
18977,SYN Flag Cnt,t-6,-0.00021409988403320312,benign
18977,Subflow Bwd Byts,t-6,2.5033950805664062e-06,attack
18977,Subflow Bwd Pkts,t-6,1.5556812286376953e-05,attack
18977,Subflow Fwd Byts,t-6,1.0013580322265625e-05,attack
18977,Subflow Fwd Pkts,t-6,5.626678466796875e-05,attack
18977,Tot Bwd Pkts,t-6,-4.458427429199219e-05,benign
18977,Tot Fwd Pkts,t-6,6.943941116333008e-05,attack
18977,TotLen Bwd Pkts,t-6,-6.198883056640625e-06,benign
18977,TotLen Fwd Pkts,t-6,5.662441253662109e-06,attack
18977,URG Flag Cnt,t-6,-0.0002823472023010254,benign
18977,Protocol_0,t-6,-8.654594421386719e-05,benign
18977,Protocol_6,t-6,-4.112720489501953e-05,benign
18977,Protocol_17,t-6,-0.00011944770812988281,benign
18977,ACK Flag Cnt,t-5,-0.014704227447509766,benign
18977,Active Max,t-5,1.8656253814697266e-05,attack
18977,Active Mean,t-5,-1.5974044799804688e-05,benign
18977,Active Min,t-5,-5.6803226470947266e-05,benign
18977,Active Std,t-5,0.00019741058349609375,attack
18977,Bwd Header Len,t-5,6.282329559326172e-05,attack
18977,Bwd IAT Max,t-5,-0.00016129016876220703,benign
18977,Bwd IAT Mean,t-5,0.00028401613235473633,attack
18977,Bwd IAT Min,t-5,-4.9233436584472656e-05,benign
18977,Bwd IAT Std,t-5,0.00015985965728759766,attack
18977,Bwd IAT Tot,t-5,-2.4437904357910156e-06,benign
18977,Bwd Pkt Len Max,t-5,-0.0024093985557556152,benign
18977,Bwd Pkt Len Mean,t-5,0.00022870302200317383,attack
18977,Bwd Pkt Len Min,t-5,0.0013095736503601074,attack
18977,Bwd Pkt Len Std,t-5,-0.002372145652770996,benign
18977,Bwd Pkts/s,t-5,-0.0007442831993103027,benign
18977,Bwd Seg Size Avg,t-5,-0.0007292032241821289,benign
18977,Down/Up Ratio,t-5,5.4717063903808594e-05,attack
18977,ECE Flag Cnt,t-5,0.0010243654251098633,attack
18977,Flow Byts/s,t-5,0.0010112524032592773,attack
18977,Flow Duration,t-5,-5.27501106262207e-05,benign
18977,Flow IAT Max,t-5,-0.0006681084632873535,benign
18977,Flow IAT Mean,t-5,-0.003040909767150879,benign
18977,Flow IAT Min,t-5,-0.003862917423248291,benign
18977,Flow IAT Std,t-5,-7.522106170654297e-05,benign
18977,Flow Pkts/s,t-5,0.0016309022903442383,attack
18977,Fwd Act Data Pkts,t-5,-3.5762786865234375e-06,benign
18977,Fwd Header Len,t-5,7.748603820800781e-07,attack
18977,Fwd IAT Max,t-5,-0.0008916258811950684,benign
18977,Fwd IAT Mean,t-5,-0.0036680102348327637,benign
18977,Fwd IAT Min,t-5,-0.003474593162536621,benign
18977,Fwd IAT Std,t-5,-0.00025856494903564453,benign
18977,Fwd IAT Tot,t-5,-7.492303848266602e-05,benign
18977,Fwd PSH Flags,t-5,0.000521242618560791,attack
18977,Fwd Pkt Len Max,t-5,0.00047665834426879883,attack
18977,Fwd Pkt Len Mean,t-5,-0.0007097721099853516,benign
18977,Fwd Pkt Len Min,t-5,4.488229751586914e-05,attack
18977,Fwd Pkt Len Std,t-5,-0.00010985136032104492,benign
18977,Fwd Pkts/s,t-5,0.0017004013061523438,attack
18977,Fwd Seg Size Avg,t-5,0.0005671381950378418,attack
18977,Fwd Seg Size Min,t-5,-0.0015339851379394531,benign
18977,Idle Max,t-5,-0.0010259151458740234,benign
18977,Idle Mean,t-5,-0.0009014606475830078,benign
18977,Idle Min,t-5,-0.0014137625694274902,benign
18977,Idle Std,t-5,-0.00041097402572631836,benign
18977,Init Bwd Win Byts,t-5,0.0006930232048034668,attack
18977,Init Fwd Win Byts,t-5,-0.00019931793212890625,benign
18977,PSH Flag Cnt,t-5,1.0132789611816406e-05,attack
18977,Pkt Len Max,t-5,-0.0006989836692810059,benign
18977,Pkt Len Mean,t-5,0.0005066394805908203,attack
18977,Pkt Len Min,t-5,7.557868957519531e-05,attack
18977,Pkt Len Std,t-5,-0.0008993744850158691,benign
18977,Pkt Len Var,t-5,-0.0008993744850158691,benign
18977,Pkt Size Avg,t-5,0.0010819435119628906,attack
18977,RST Flag Cnt,t-5,0.000958859920501709,attack
18977,SYN Flag Cnt,t-5,0.001226961612701416,attack
18977,Subflow Bwd Byts,t-5,1.6629695892333984e-05,attack
18977,Subflow Bwd Pkts,t-5,2.1636486053466797e-05,attack
18977,Subflow Fwd Byts,t-5,3.0159950256347656e-05,attack
18977,Subflow Fwd Pkts,t-5,0.00010675191879272461,attack
18977,Tot Bwd Pkts,t-5,3.141164779663086e-05,attack
18977,Tot Fwd Pkts,t-5,0.00011926889419555664,attack
18977,TotLen Bwd Pkts,t-5,2.193450927734375e-05,attack
18977,TotLen Fwd Pkts,t-5,2.956390380859375e-05,attack
18977,URG Flag Cnt,t-5,0.0018478035926818848,attack
18977,Protocol_0,t-5,-0.0004985332489013672,benign
18977,Protocol_6,t-5,-0.0003211498260498047,benign
18977,Protocol_17,t-5,0.00014442205429077148,attack
18977,ACK Flag Cnt,t-4,0.00020509958267211914,attack
18977,Active Max,t-4,-3.039836883544922e-05,benign
18977,Active Mean,t-4,2.4437904357910156e-06,attack
18977,Active Min,t-4,-6.300210952758789e-05,benign
18977,Active Std,t-4,0.00013577938079833984,attack
18977,Bwd Header Len,t-4,2.3543834686279297e-05,attack
18977,Bwd IAT Max,t-4,-0.00040346384048461914,benign
18977,Bwd IAT Mean,t-4,0.00014650821685791016,attack
18977,Bwd IAT Min,t-4,0.0002467632293701172,attack
18977,Bwd IAT Std,t-4,0.000118255615234375,attack
18977,Bwd IAT Tot,t-4,0.0006471872329711914,attack
18977,Bwd Pkt Len Max,t-4,-0.0004131793975830078,benign
18977,Bwd Pkt Len Mean,t-4,-7.56978988647461e-05,benign
18977,Bwd Pkt Len Min,t-4,-0.0006227493286132812,benign
18977,Bwd Pkt Len Std,t-4,-0.0009150505065917969,benign
18977,Bwd Pkts/s,t-4,0.00026416778564453125,attack
18977,Bwd Seg Size Avg,t-4,2.0325183868408203e-05,attack
18977,Down/Up Ratio,t-4,8.255243301391602e-05,attack
18977,ECE Flag Cnt,t-4,-0.00029522180557250977,benign
18977,Flow Byts/s,t-4,-2.9206275939941406e-06,benign
18977,Flow Duration,t-4,9.518861770629883e-05,attack
18977,Flow IAT Max,t-4,4.4345855712890625e-05,attack
18977,Flow IAT Mean,t-4,-0.00011157989501953125,benign
18977,Flow IAT Min,t-4,0.00012290477752685547,attack
18977,Flow IAT Std,t-4,-7.575750350952148e-05,benign
18977,Flow Pkts/s,t-4,1.1920928955078125e-07,attack
18977,Fwd Act Data Pkts,t-4,2.390146255493164e-05,attack
18977,Fwd Header Len,t-4,-8.797645568847656e-05,benign
18977,Fwd IAT Max,t-4,0.0005047917366027832,attack
18977,Fwd IAT Mean,t-4,0.00023764371871948242,attack
18977,Fwd IAT Min,t-4,0.00015538930892944336,attack
18977,Fwd IAT Std,t-4,-0.0002555251121520996,benign
18977,Fwd IAT Tot,t-4,0.0002974271774291992,attack
18977,Fwd PSH Flags,t-4,0.00036644935607910156,attack
18977,Fwd Pkt Len Max,t-4,0.00023794174194335938,attack
18977,Fwd Pkt Len Mean,t-4,0.00018525123596191406,attack
18977,Fwd Pkt Len Min,t-4,8.952617645263672e-05,attack
18977,Fwd Pkt Len Std,t-4,0.00021260976791381836,attack
18977,Fwd Pkts/s,t-4,-0.0001169443130493164,benign
18977,Fwd Seg Size Avg,t-4,0.00027382373809814453,attack
18977,Fwd Seg Size Min,t-4,0.000838935375213623,attack
18977,Idle Max,t-4,-0.00026416778564453125,benign
18977,Idle Mean,t-4,-0.00022751092910766602,benign
18977,Idle Min,t-4,-0.0001658797264099121,benign
18977,Idle Std,t-4,-3.361701965332031e-05,benign
18977,Init Bwd Win Byts,t-4,0.0001824498176574707,attack
18977,Init Fwd Win Byts,t-4,0.0009772777557373047,attack
18977,PSH Flag Cnt,t-4,4.00543212890625e-05,attack
18977,Pkt Len Max,t-4,-6.4373016357421875e-06,benign
18977,Pkt Len Mean,t-4,-0.00011020898818969727,benign
18977,Pkt Len Min,t-4,9.655952453613281e-06,attack
18977,Pkt Len Std,t-4,-2.4437904357910156e-05,benign
18977,Pkt Len Var,t-4,0.00011867284774780273,attack
18977,Pkt Size Avg,t-4,-5.918741226196289e-05,benign
18977,RST Flag Cnt,t-4,-4.0471553802490234e-05,benign
18977,SYN Flag Cnt,t-4,0.0011015534400939941,attack
18977,Subflow Bwd Byts,t-4,-2.2530555725097656e-05,benign
18977,Subflow Bwd Pkts,t-4,-3.504753112792969e-05,benign
18977,Subflow Fwd Byts,t-4,1.1026859283447266e-05,attack
18977,Subflow Fwd Pkts,t-4,5.608797073364258e-05,attack
18977,Tot Bwd Pkts,t-4,-8.028745651245117e-05,benign
18977,Tot Fwd Pkts,t-4,8.690357208251953e-05,attack
18977,TotLen Bwd Pkts,t-4,-4.363059997558594e-05,benign
18977,TotLen Fwd Pkts,t-4,1.3589859008789062e-05,attack
18977,URG Flag Cnt,t-4,3.331899642944336e-05,attack
18977,Protocol_0,t-4,0.0004004240036010742,attack
18977,Protocol_6,t-4,9.328126907348633e-05,attack
18977,Protocol_17,t-4,2.384185791015625e-06,attack
18977,ACK Flag Cnt,t-3,-0.00024753808975219727,benign
18977,Active Max,t-3,4.2557716369628906e-05,attack
18977,Active Mean,t-3,0.0001175999641418457,attack
18977,Active Min,t-3,5.424022674560547e-05,attack
18977,Active Std,t-3,0.00011444091796875,attack
18977,Bwd Header Len,t-3,-2.5093555450439453e-05,benign
18977,Bwd IAT Max,t-3,-0.0008423924446105957,benign
18977,Bwd IAT Mean,t-3,-9.489059448242188e-05,benign
18977,Bwd IAT Min,t-3,0.00012737512588500977,attack
18977,Bwd IAT Std,t-3,-0.0001888275146484375,benign
18977,Bwd IAT Tot,t-3,-1.5854835510253906e-05,benign
18977,Bwd Pkt Len Max,t-3,-0.0003559589385986328,benign
18977,Bwd Pkt Len Mean,t-3,-0.0004614591598510742,benign
18977,Bwd Pkt Len Min,t-3,0.00018614530563354492,attack
18977,Bwd Pkt Len Std,t-3,-0.0002677440643310547,benign
18977,Bwd Pkts/s,t-3,-5.7220458984375e-06,benign
18977,Bwd Seg Size Avg,t-3,0.0003001689910888672,attack
18977,Down/Up Ratio,t-3,-1.6570091247558594e-05,benign
18977,ECE Flag Cnt,t-3,-0.0007150769233703613,benign
18977,Flow Byts/s,t-3,-6.085634231567383e-05,benign
18977,Flow Duration,t-3,0.0007257461547851562,attack
18977,Flow IAT Max,t-3,-0.00017052888870239258,benign
18977,Flow IAT Mean,t-3,-0.0003097057342529297,benign
18977,Flow IAT Min,t-3,-0.00024265050888061523,benign
18977,Flow IAT Std,t-3,-0.00023627281188964844,benign
18977,Flow Pkts/s,t-3,-5.84721565246582e-05,benign
18977,Fwd Act Data Pkts,t-3,-0.00011599063873291016,benign
18977,Fwd Header Len,t-3,-0.00017523765563964844,benign
18977,Fwd IAT Max,t-3,0.00022840499877929688,attack
18977,Fwd IAT Mean,t-3,-7.402896881103516e-05,benign
18977,Fwd IAT Min,t-3,-0.0002688169479370117,benign
18977,Fwd IAT Std,t-3,0.00019848346710205078,attack
18977,Fwd IAT Tot,t-3,0.00028645992279052734,attack
18977,Fwd PSH Flags,t-3,-0.00016444921493530273,benign
18977,Fwd Pkt Len Max,t-3,-0.00012099742889404297,benign
18977,Fwd Pkt Len Mean,t-3,-0.00019598007202148438,benign
18977,Fwd Pkt Len Min,t-3,6.592273712158203e-05,attack
18977,Fwd Pkt Len Std,t-3,0.00014442205429077148,attack
18977,Fwd Pkts/s,t-3,-9.751319885253906e-05,benign
18977,Fwd Seg Size Avg,t-3,0.0004264712333679199,attack
18977,Fwd Seg Size Min,t-3,0.00048542022705078125,attack
18977,Idle Max,t-3,-0.0009770393371582031,benign
18977,Idle Mean,t-3,-0.0006931424140930176,benign
18977,Idle Min,t-3,-0.00017130374908447266,benign
18977,Idle Std,t-3,-0.0001036524772644043,benign
18977,Init Bwd Win Byts,t-3,0.00020444393157958984,attack
18977,Init Fwd Win Byts,t-3,-8.89897346496582e-05,benign
18977,PSH Flag Cnt,t-3,-2.9385089874267578e-05,benign
18977,Pkt Len Max,t-3,0.00025159120559692383,attack
18977,Pkt Len Mean,t-3,-1.3172626495361328e-05,benign
18977,Pkt Len Min,t-3,0.00018799304962158203,attack
18977,Pkt Len Std,t-3,2.6226043701171875e-06,attack
18977,Pkt Len Var,t-3,-0.0002543926239013672,benign
18977,Pkt Size Avg,t-3,4.6312808990478516e-05,attack
18977,RST Flag Cnt,t-3,-0.0006794333457946777,benign
18977,SYN Flag Cnt,t-3,-5.2094459533691406e-05,benign
18977,Subflow Bwd Byts,t-3,-2.3603439331054688e-05,benign
18977,Subflow Bwd Pkts,t-3,-6.407499313354492e-05,benign
18977,Subflow Fwd Byts,t-3,-3.2842159271240234e-05,benign
18977,Subflow Fwd Pkts,t-3,-0.00019168853759765625,benign
18977,Tot Bwd Pkts,t-3,-0.00012260675430297852,benign
18977,Tot Fwd Pkts,t-3,2.181529998779297e-05,attack
18977,TotLen Bwd Pkts,t-3,-5.745887756347656e-05,benign
18977,TotLen Fwd Pkts,t-3,-4.023313522338867e-05,benign
18977,URG Flag Cnt,t-3,-0.0006290674209594727,benign
18977,Protocol_0,t-3,6.54458999633789e-05,attack
18977,Protocol_6,t-3,-0.0002396702766418457,benign
18977,Protocol_17,t-3,-2.086162567138672e-05,benign
18977,ACK Flag Cnt,t-2,-0.00026100873947143555,benign
18977,Active Max,t-2,0.00017315149307250977,attack
18977,Active Mean,t-2,0.0004209280014038086,attack
18977,Active Min,t-2,0.00016582012176513672,attack
18977,Active Std,t-2,0.00020754337310791016,attack
18977,Bwd Header Len,t-2,2.8431415557861328e-05,attack
18977,Bwd IAT Max,t-2,-0.0008721351623535156,benign
18977,Bwd IAT Mean,t-2,-0.0005159974098205566,benign
18977,Bwd IAT Min,t-2,-0.00020748376846313477,benign
18977,Bwd IAT Std,t-2,-7.814168930053711e-05,benign
18977,Bwd IAT Tot,t-2,0.00010180473327636719,attack
18977,Bwd Pkt Len Max,t-2,0.0005461573600769043,attack
18977,Bwd Pkt Len Mean,t-2,-5.0067901611328125e-06,benign
18977,Bwd Pkt Len Min,t-2,-0.0014836788177490234,benign
18977,Bwd Pkt Len Std,t-2,-0.0007762312889099121,benign
18977,Bwd Pkts/s,t-2,-0.00036150217056274414,benign
18977,Bwd Seg Size Avg,t-2,0.0003409385681152344,attack
18977,Down/Up Ratio,t-2,-0.0007464885711669922,benign
18977,ECE Flag Cnt,t-2,-0.00045877695083618164,benign
18977,Flow Byts/s,t-2,-0.00015795230865478516,benign
18977,Flow Duration,t-2,0.0015235543251037598,attack
18977,Flow IAT Max,t-2,0.0002872943878173828,attack
18977,Flow IAT Mean,t-2,-0.0005136728286743164,benign
18977,Flow IAT Min,t-2,-0.0006276965141296387,benign
18977,Flow IAT Std,t-2,-0.000828087329864502,benign
18977,Flow Pkts/s,t-2,-0.0003044605255126953,benign
18977,Fwd Act Data Pkts,t-2,-8.416175842285156e-05,benign
18977,Fwd Header Len,t-2,3.451108932495117e-05,attack
18977,Fwd IAT Max,t-2,-0.0004754066467285156,benign
18977,Fwd IAT Mean,t-2,-0.0005849599838256836,benign
18977,Fwd IAT Min,t-2,-0.000361025333404541,benign
18977,Fwd IAT Std,t-2,6.252527236938477e-05,attack
18977,Fwd IAT Tot,t-2,0.00025969743728637695,attack
18977,Fwd PSH Flags,t-2,0.0017868876457214355,attack
18977,Fwd Pkt Len Max,t-2,0.0002301335334777832,attack
18977,Fwd Pkt Len Mean,t-2,-0.0004915595054626465,benign
18977,Fwd Pkt Len Min,t-2,-0.00016069412231445312,benign
18977,Fwd Pkt Len Std,t-2,-0.000633537769317627,benign
18977,Fwd Pkts/s,t-2,-6.854534149169922e-06,benign
18977,Fwd Seg Size Avg,t-2,-0.00016963481903076172,benign
18977,Fwd Seg Size Min,t-2,-0.0010706186294555664,benign
18977,Idle Max,t-2,-0.0014486908912658691,benign
18977,Idle Mean,t-2,-0.000894010066986084,benign
18977,Idle Min,t-2,2.092123031616211e-05,attack
18977,Idle Std,t-2,-0.00034797191619873047,benign
18977,Init Bwd Win Byts,t-2,-0.0005496740341186523,benign
18977,Init Fwd Win Byts,t-2,-2.6404857635498047e-05,benign
18977,PSH Flag Cnt,t-2,-1.4007091522216797e-05,benign
18977,Pkt Len Max,t-2,0.0010188817977905273,attack
18977,Pkt Len Mean,t-2,0.0007042288780212402,attack
18977,Pkt Len Min,t-2,-0.00013387203216552734,benign
18977,Pkt Len Std,t-2,0.0002537369728088379,attack
18977,Pkt Len Var,t-2,0.00021404027938842773,attack
18977,Pkt Size Avg,t-2,0.0004692673683166504,attack
18977,RST Flag Cnt,t-2,0.0005505681037902832,attack
18977,SYN Flag Cnt,t-2,0.0015692710876464844,attack
18977,Subflow Bwd Byts,t-2,8.463859558105469e-06,attack
18977,Subflow Bwd Pkts,t-2,2.294778823852539e-05,attack
18977,Subflow Fwd Byts,t-2,-8.52346420288086e-06,benign
18977,Subflow Fwd Pkts,t-2,-9.065866470336914e-05,benign
18977,Tot Bwd Pkts,t-2,-8.749961853027344e-05,benign
18977,Tot Fwd Pkts,t-2,0.00020760297775268555,attack
18977,TotLen Bwd Pkts,t-2,-7.224082946777344e-05,benign
18977,TotLen Fwd Pkts,t-2,-7.450580596923828e-06,benign
18977,URG Flag Cnt,t-2,-0.0003859996795654297,benign
18977,Protocol_0,t-2,0.00011724233627319336,attack
18977,Protocol_6,t-2,0.00013977289199829102,attack
18977,Protocol_17,t-2,-0.0006263852119445801,benign
18977,ACK Flag Cnt,t-1,0.0006102323532104492,attack
18977,Active Max,t-1,4.369020462036133e-05,attack
18977,Active Mean,t-1,7.319450378417969e-05,attack
18977,Active Min,t-1,-9.065866470336914e-05,benign
18977,Active Std,t-1,0.00014334917068481445,attack
18977,Bwd Header Len,t-1,3.826618194580078e-05,attack
18977,Bwd IAT Max,t-1,-0.0006657838821411133,benign
18977,Bwd IAT Mean,t-1,-0.00044083595275878906,benign
18977,Bwd IAT Min,t-1,-0.00016748905181884766,benign
18977,Bwd IAT Std,t-1,-0.00027102231979370117,benign
18977,Bwd IAT Tot,t-1,0.0006207823753356934,attack
18977,Bwd Pkt Len Max,t-1,-0.0011172890663146973,benign
18977,Bwd Pkt Len Mean,t-1,0.00024646520614624023,attack
18977,Bwd Pkt Len Min,t-1,0.0009307265281677246,attack
18977,Bwd Pkt Len Std,t-1,-0.0008369684219360352,benign
18977,Bwd Pkts/s,t-1,0.00016498565673828125,attack
18977,Bwd Seg Size Avg,t-1,-0.00028061866760253906,benign
18977,Down/Up Ratio,t-1,-9.804964065551758e-05,benign
18977,ECE Flag Cnt,t-1,0.0005296468734741211,attack
18977,Flow Byts/s,t-1,-9.149312973022461e-05,benign
18977,Flow Duration,t-1,-0.00012987852096557617,benign
18977,Flow IAT Max,t-1,-0.0004811286926269531,benign
18977,Flow IAT Mean,t-1,-0.0018025636672973633,benign
18977,Flow IAT Min,t-1,0.0014297962188720703,attack
18977,Flow IAT Std,t-1,-0.0005362033843994141,benign
18977,Flow Pkts/s,t-1,-0.00022590160369873047,benign
18977,Fwd Act Data Pkts,t-1,-2.0384788513183594e-05,benign
18977,Fwd Header Len,t-1,1.1920928955078125e-06,attack
18977,Fwd IAT Max,t-1,-0.00207442045211792,benign
18977,Fwd IAT Mean,t-1,-0.0006532073020935059,benign
18977,Fwd IAT Min,t-1,-0.0007282495498657227,benign
18977,Fwd IAT Std,t-1,0.0005352497100830078,attack
18977,Fwd IAT Tot,t-1,-0.00014835596084594727,benign
18977,Fwd PSH Flags,t-1,-5.918741226196289e-05,benign
18977,Fwd Pkt Len Max,t-1,-0.0007423758506774902,benign
18977,Fwd Pkt Len Mean,t-1,-0.0011941194534301758,benign
18977,Fwd Pkt Len Min,t-1,-4.8041343688964844e-05,benign
18977,Fwd Pkt Len Std,t-1,-0.0010581016540527344,benign
18977,Fwd Pkts/s,t-1,-0.00011545419692993164,benign
18977,Fwd Seg Size Avg,t-1,-0.0012905597686767578,benign
18977,Fwd Seg Size Min,t-1,6.693601608276367e-05,attack
18977,Idle Max,t-1,0.0002333521842956543,attack
18977,Idle Mean,t-1,0.0002770423889160156,attack
18977,Idle Min,t-1,-0.0005317926406860352,benign
18977,Idle Std,t-1,-0.000446319580078125,benign
18977,Init Bwd Win Byts,t-1,-3.415346145629883e-05,benign
18977,Init Fwd Win Byts,t-1,-0.0010788440704345703,benign
18977,PSH Flag Cnt,t-1,-4.57763671875e-05,benign
18977,Pkt Len Max,t-1,-0.0004731416702270508,benign
18977,Pkt Len Mean,t-1,0.000507354736328125,attack
18977,Pkt Len Min,t-1,-0.00010186433792114258,benign
18977,Pkt Len Std,t-1,-0.0006906986236572266,benign
18977,Pkt Len Var,t-1,-4.941225051879883e-05,benign
18977,Pkt Size Avg,t-1,0.0009531974792480469,attack
18977,RST Flag Cnt,t-1,0.0002588033676147461,attack
18977,SYN Flag Cnt,t-1,1.4543533325195312e-05,attack
18977,Subflow Bwd Byts,t-1,-6.794929504394531e-06,benign
18977,Subflow Bwd Pkts,t-1,-4.756450653076172e-05,benign
18977,Subflow Fwd Byts,t-1,-4.470348358154297e-06,benign
18977,Subflow Fwd Pkts,t-1,-0.0001729726791381836,benign
18977,Tot Bwd Pkts,t-1,-0.0001538991928100586,benign
18977,Tot Fwd Pkts,t-1,0.00016456842422485352,attack
18977,TotLen Bwd Pkts,t-1,-8.52346420288086e-05,benign
18977,TotLen Fwd Pkts,t-1,2.1398067474365234e-05,attack
18977,URG Flag Cnt,t-1,6.186962127685547e-05,attack
18977,Protocol_0,t-1,9.357929229736328e-06,attack
18977,Protocol_6,t-1,-0.00023740530014038086,benign
18977,Protocol_17,t-1,0.00032645463943481445,attack
18977,ACK Flag Cnt,t,-0.0004406571388244629,benign
18977,Active Max,t,0.0004334449768066406,attack
18977,Active Mean,t,0.0004125237464904785,attack
18977,Active Min,t,-3.826618194580078e-05,benign
18977,Active Std,t,0.000341951847076416,attack
18977,Bwd Header Len,t,2.4020671844482422e-05,attack
18977,Bwd IAT Max,t,-0.0004888772964477539,benign
18977,Bwd IAT Mean,t,-0.001186966896057129,benign
18977,Bwd IAT Min,t,-0.000588536262512207,benign
18977,Bwd IAT Std,t,0.0005171895027160645,attack
18977,Bwd IAT Tot,t,-7.569789886474609e-06,benign
18977,Bwd Pkt Len Max,t,-0.0002855658531188965,benign
18977,Bwd Pkt Len Mean,t,0.001583874225616455,attack
18977,Bwd Pkt Len Min,t,0.0008377432823181152,attack
18977,Bwd Pkt Len Std,t,-3.504753112792969e-05,benign
18977,Bwd Pkts/s,t,-0.0010666847229003906,benign
18977,Bwd Seg Size Avg,t,0.0036699771881103516,attack
18977,Down/Up Ratio,t,0.00037407875061035156,attack
18977,ECE Flag Cnt,t,0.0005893111228942871,attack
18977,Flow Byts/s,t,-0.0003718137741088867,benign
18977,Flow Duration,t,0.0010342001914978027,attack
18977,Flow IAT Max,t,-4.953145980834961e-05,benign
18977,Flow IAT Mean,t,0.0010908246040344238,attack
18977,Flow IAT Min,t,-0.0005611181259155273,benign
18977,Flow IAT Std,t,-0.0009243488311767578,benign
18977,Flow Pkts/s,t,4.035234451293945e-05,attack
18977,Fwd Act Data Pkts,t,-0.00018930435180664062,benign
18977,Fwd Header Len,t,0.00027370452880859375,attack
18977,Fwd IAT Max,t,-4.088878631591797e-05,benign
18977,Fwd IAT Mean,t,4.470348358154297e-06,attack
18977,Fwd IAT Min,t,0.0003898739814758301,attack
18977,Fwd IAT Std,t,-0.0004144906997680664,benign
18977,Fwd IAT Tot,t,-0.0006341338157653809,benign
18977,Fwd PSH Flags,t,0.0028446316719055176,attack
18977,Fwd Pkt Len Max,t,-0.00014293193817138672,benign
18977,Fwd Pkt Len Mean,t,-0.001757800579071045,benign
18977,Fwd Pkt Len Min,t,-0.0005856752395629883,benign
18977,Fwd Pkt Len Std,t,-0.0021904706954956055,benign
18977,Fwd Pkts/s,t,-7.581710815429688e-05,benign
18977,Fwd Seg Size Avg,t,-0.0007486939430236816,benign
18977,Fwd Seg Size Min,t,-0.00027936697006225586,benign
18977,Idle Max,t,-6.586313247680664e-05,benign
18977,Idle Mean,t,-0.0009837746620178223,benign
18977,Idle Min,t,0.001699686050415039,attack
18977,Idle Std,t,-0.0005851387977600098,benign
18977,Init Bwd Win Byts,t,-0.00017648935317993164,benign
18977,Init Fwd Win Byts,t,-0.0004386305809020996,benign
18977,PSH Flag Cnt,t,0.00026422739028930664,attack
18977,Pkt Len Max,t,0.0005778670310974121,attack
18977,Pkt Len Mean,t,0.0007070302963256836,attack
18977,Pkt Len Min,t,0.0005194544792175293,attack
18977,Pkt Len Std,t,0.0021668076515197754,attack
18977,Pkt Len Var,t,-0.0017202496528625488,benign
18977,Pkt Size Avg,t,0.0032712817192077637,attack
18977,RST Flag Cnt,t,0.0018303394317626953,attack
18977,SYN Flag Cnt,t,0.0036169886589050293,attack
18977,Subflow Bwd Byts,t,-4.6193599700927734e-05,benign
18977,Subflow Bwd Pkts,t,0.00012636184692382812,attack
18977,Subflow Fwd Byts,t,4.369020462036133e-05,attack
18977,Subflow Fwd Pkts,t,0.00014454126358032227,attack
18977,Tot Bwd Pkts,t,-0.0001652836799621582,benign
18977,Tot Fwd Pkts,t,0.0005813241004943848,attack
18977,TotLen Bwd Pkts,t,-2.086162567138672e-05,benign
18977,TotLen Fwd Pkts,t,0.00011008977890014648,attack
18977,URG Flag Cnt,t,-0.0016416311264038086,benign
18977,Protocol_0,t,1.0251998901367188e-05,attack
18977,Protocol_6,t,9.459257125854492e-05,attack
18977,Protocol_17,t,0.0005002617835998535,attack
19161,ACK Flag Cnt,t-9,-0.00024062395095825195,benign
19161,Active Max,t-9,1.1920928955078125e-07,attack
19161,Active Mean,t-9,-7.62939453125e-06,benign
19161,Active Min,t-9,-8.165836334228516e-06,benign
19161,Active Std,t-9,-3.933906555175781e-06,benign
19161,Bwd Header Len,t-9,6.854534149169922e-06,attack
19161,Bwd IAT Max,t-9,-0.00010281801223754883,benign
19161,Bwd IAT Mean,t-9,-7.736682891845703e-05,benign
19161,Bwd IAT Min,t-9,-9.894371032714844e-06,benign
19161,Bwd IAT Std,t-9,-6.341934204101562e-05,benign
19161,Bwd IAT Tot,t-9,-1.722574234008789e-05,benign
19161,Bwd Pkt Len Max,t-9,-0.00011491775512695312,benign
19161,Bwd Pkt Len Mean,t-9,-3.129243850708008e-05,benign
19161,Bwd Pkt Len Min,t-9,2.092123031616211e-05,attack
19161,Bwd Pkt Len Std,t-9,-0.0002474784851074219,benign
19161,Bwd Pkts/s,t-9,-5.960464477539063e-08,benign
19161,Bwd Seg Size Avg,t-9,-3.892183303833008e-05,benign
19161,Down/Up Ratio,t-9,1.3053417205810547e-05,attack
19161,ECE Flag Cnt,t-9,6.985664367675781e-05,attack
19161,Flow Byts/s,t-9,-9.423494338989258e-05,benign
19161,Flow Duration,t-9,1.52587890625e-05,attack
19161,Flow IAT Max,t-9,0.00021499395370483398,attack
19161,Flow IAT Mean,t-9,0.00024318695068359375,attack
19161,Flow IAT Min,t-9,0.0002846717834472656,attack
19161,Flow IAT Std,t-9,-0.00014591217041015625,benign
19161,Flow Pkts/s,t-9,-0.00023406744003295898,benign
19161,Fwd Act Data Pkts,t-9,1.0669231414794922e-05,attack
19161,Fwd Header Len,t-9,8.58306884765625e-06,attack
19161,Fwd IAT Max,t-9,0.0001780986785888672,attack
19161,Fwd IAT Mean,t-9,0.00031703710556030273,attack
19161,Fwd IAT Min,t-9,0.0002827644348144531,attack
19161,Fwd IAT Std,t-9,-0.00010257959365844727,benign
19161,Fwd IAT Tot,t-9,8.189678192138672e-05,attack
19161,Fwd PSH Flags,t-9,7.402896881103516e-05,attack
19161,Fwd Pkt Len Max,t-9,6.377696990966797e-06,attack
19161,Fwd Pkt Len Mean,t-9,2.8908252716064453e-05,attack
19161,Fwd Pkt Len Min,t-9,-1.1861324310302734e-05,benign
19161,Fwd Pkt Len Std,t-9,3.2186508178710938e-06,attack
19161,Fwd Pkts/s,t-9,6.580352783203125e-05,attack
19161,Fwd Seg Size Avg,t-9,5.930662155151367e-05,attack
19161,Fwd Seg Size Min,t-9,2.5093555450439453e-05,attack
19161,Idle Max,t-9,0.00031453371047973633,attack
19161,Idle Mean,t-9,0.00021392107009887695,attack
19161,Idle Min,t-9,0.00022214651107788086,attack
19161,Idle Std,t-9,1.329183578491211e-05,attack
19161,Init Bwd Win Byts,t-9,3.528594970703125e-05,attack
19161,Init Fwd Win Byts,t-9,0.00026416778564453125,attack
19161,PSH Flag Cnt,t-9,-1.4066696166992188e-05,benign
19161,Pkt Len Max,t-9,-4.696846008300781e-05,benign
19161,Pkt Len Mean,t-9,-4.488229751586914e-05,benign
19161,Pkt Len Min,t-9,-9.417533874511719e-06,benign
19161,Pkt Len Std,t-9,-1.3887882232666016e-05,benign
19161,Pkt Len Var,t-9,4.57763671875e-05,attack
19161,Pkt Size Avg,t-9,-3.820657730102539e-05,benign
19161,RST Flag Cnt,t-9,3.516674041748047e-05,attack
19161,SYN Flag Cnt,t-9,0.0002486109733581543,attack
19161,Subflow Bwd Byts,t-9,-1.3113021850585938e-06,benign
19161,Subflow Bwd Pkts,t-9,1.6093254089355469e-06,attack
19161,Subflow Fwd Byts,t-9,4.0531158447265625e-06,attack
19161,Subflow Fwd Pkts,t-9,2.8252601623535156e-05,attack
19161,Tot Bwd Pkts,t-9,-4.172325134277344e-07,benign
19161,Tot Fwd Pkts,t-9,9.47713851928711e-06,attack
19161,TotLen Bwd Pkts,t-9,7.152557373046875e-07,attack
19161,TotLen Fwd Pkts,t-9,3.814697265625e-06,attack
19161,URG Flag Cnt,t-9,-0.00018292665481567383,benign
19161,Protocol_0,t-9,-4.00543212890625e-05,benign
19161,Protocol_6,t-9,7.152557373046875e-07,attack
19161,Protocol_17,t-9,1.7762184143066406e-05,attack
19161,ACK Flag Cnt,t-8,0.000955045223236084,attack
19161,Active Max,t-8,-1.537799835205078e-05,benign
19161,Active Mean,t-8,-1.4007091522216797e-05,benign
19161,Active Min,t-8,1.919269561767578e-05,attack
19161,Active Std,t-8,-5.543231964111328e-05,benign
19161,Bwd Header Len,t-8,-3.993511199951172e-06,benign
19161,Bwd IAT Max,t-8,-0.00018399953842163086,benign
19161,Bwd IAT Mean,t-8,6.949901580810547e-05,attack
19161,Bwd IAT Min,t-8,8.940696716308594e-05,attack
19161,Bwd IAT Std,t-8,-8.308887481689453e-05,benign
19161,Bwd IAT Tot,t-8,0.00010758638381958008,attack
19161,Bwd Pkt Len Max,t-8,-0.0002759099006652832,benign
19161,Bwd Pkt Len Mean,t-8,-0.00012952089309692383,benign
19161,Bwd Pkt Len Min,t-8,-9.614229202270508e-05,benign
19161,Bwd Pkt Len Std,t-8,-0.00026673078536987305,benign
19161,Bwd Pkts/s,t-8,-9.739398956298828e-05,benign
19161,Bwd Seg Size Avg,t-8,5.835294723510742e-05,attack
19161,Down/Up Ratio,t-8,-0.00021630525588989258,benign
19161,ECE Flag Cnt,t-8,-8.815526962280273e-05,benign
19161,Flow Byts/s,t-8,1.341104507446289e-05,attack
19161,Flow Duration,t-8,8.958578109741211e-05,attack
19161,Flow IAT Max,t-8,-7.68899917602539e-06,benign
19161,Flow IAT Mean,t-8,0.00021189451217651367,attack
19161,Flow IAT Min,t-8,0.00032508373260498047,attack
19161,Flow IAT Std,t-8,0.00022780895233154297,attack
19161,Flow Pkts/s,t-8,6.139278411865234e-06,attack
19161,Fwd Act Data Pkts,t-8,1.3589859008789062e-05,attack
19161,Fwd Header Len,t-8,-4.410743713378906e-06,benign
19161,Fwd IAT Max,t-8,2.5331974029541016e-05,attack
19161,Fwd IAT Mean,t-8,0.00012218952178955078,attack
19161,Fwd IAT Min,t-8,0.00023436546325683594,attack
19161,Fwd IAT Std,t-8,0.00023472309112548828,attack
19161,Fwd IAT Tot,t-8,0.00031763315200805664,attack
19161,Fwd PSH Flags,t-8,0.001560509204864502,attack
19161,Fwd Pkt Len Max,t-8,-3.2782554626464844e-06,benign
19161,Fwd Pkt Len Mean,t-8,9.226799011230469e-05,attack
19161,Fwd Pkt Len Min,t-8,-3.600120544433594e-05,benign
19161,Fwd Pkt Len Std,t-8,8.20159912109375e-05,attack
19161,Fwd Pkts/s,t-8,-3.8743019104003906e-05,benign
19161,Fwd Seg Size Avg,t-8,0.0002492666244506836,attack
19161,Fwd Seg Size Min,t-8,-1.4662742614746094e-05,benign
19161,Idle Max,t-8,4.225969314575195e-05,attack
19161,Idle Mean,t-8,5.960464477539062e-07,attack
19161,Idle Min,t-8,9.673833847045898e-05,attack
19161,Idle Std,t-8,-0.00012010335922241211,benign
19161,Init Bwd Win Byts,t-8,0.00010383129119873047,attack
19161,Init Fwd Win Byts,t-8,2.8014183044433594e-05,attack
19161,PSH Flag Cnt,t-8,-4.416704177856445e-05,benign
19161,Pkt Len Max,t-8,-6.687641143798828e-05,benign
19161,Pkt Len Mean,t-8,-8.153915405273438e-05,benign
19161,Pkt Len Min,t-8,-6.854534149169922e-05,benign
19161,Pkt Len Std,t-8,1.430511474609375e-05,attack
19161,Pkt Len Var,t-8,0.00010323524475097656,attack
19161,Pkt Size Avg,t-8,-0.00010979175567626953,benign
19161,RST Flag Cnt,t-8,-9.077787399291992e-05,benign
19161,SYN Flag Cnt,t-8,0.0020254850387573242,attack
19161,Subflow Bwd Byts,t-8,-1.1324882507324219e-06,benign
19161,Subflow Bwd Pkts,t-8,-1.2814998626708984e-05,benign
19161,Subflow Fwd Byts,t-8,-7.033348083496094e-06,benign
19161,Subflow Fwd Pkts,t-8,-2.9802322387695312e-05,benign
19161,Tot Bwd Pkts,t-8,-1.3768672943115234e-05,benign
19161,Tot Fwd Pkts,t-8,-2.6047229766845703e-05,benign
19161,TotLen Bwd Pkts,t-8,-2.574920654296875e-05,benign
19161,TotLen Fwd Pkts,t-8,-8.52346420288086e-06,benign
19161,URG Flag Cnt,t-8,0.0001767873764038086,attack
19161,Protocol_0,t-8,4.3272972106933594e-05,attack
19161,Protocol_6,t-8,-3.337860107421875e-06,benign
19161,Protocol_17,t-8,-1.8775463104248047e-05,benign
19161,ACK Flag Cnt,t-7,-5.2928924560546875e-05,benign
19161,Active Max,t-7,1.055002212524414e-05,attack
19161,Active Mean,t-7,-3.8743019104003906e-05,benign
19161,Active Min,t-7,-7.599592208862305e-05,benign
19161,Active Std,t-7,-4.023313522338867e-05,benign
19161,Bwd Header Len,t-7,2.5331974029541016e-05,attack
19161,Bwd IAT Max,t-7,-0.0001544356346130371,benign
19161,Bwd IAT Mean,t-7,-3.2007694244384766e-05,benign
19161,Bwd IAT Min,t-7,3.159046173095703e-05,attack
19161,Bwd IAT Std,t-7,0.00010979175567626953,attack
19161,Bwd IAT Tot,t-7,-7.683038711547852e-05,benign
19161,Bwd Pkt Len Max,t-7,-0.0001556873321533203,benign
19161,Bwd Pkt Len Mean,t-7,-0.0005103945732116699,benign
19161,Bwd Pkt Len Min,t-7,-0.0003032088279724121,benign
19161,Bwd Pkt Len Std,t-7,-0.00039064884185791016,benign
19161,Bwd Pkts/s,t-7,6.854534149169922e-05,attack
19161,Bwd Seg Size Avg,t-7,0.0001995563507080078,attack
19161,Down/Up Ratio,t-7,-0.00016021728515625,benign
19161,ECE Flag Cnt,t-7,-8.988380432128906e-05,benign
19161,Flow Byts/s,t-7,3.24249267578125e-05,attack
19161,Flow Duration,t-7,-0.00010466575622558594,benign
19161,Flow IAT Max,t-7,-9.626150131225586e-05,benign
19161,Flow IAT Mean,t-7,2.5570392608642578e-05,attack
19161,Flow IAT Min,t-7,-8.511543273925781e-05,benign
19161,Flow IAT Std,t-7,-0.00043386220932006836,benign
19161,Flow Pkts/s,t-7,0.00013214349746704102,attack
19161,Fwd Act Data Pkts,t-7,1.4901161193847656e-05,attack
19161,Fwd Header Len,t-7,3.343820571899414e-05,attack
19161,Fwd IAT Max,t-7,-6.443262100219727e-05,benign
19161,Fwd IAT Mean,t-7,-1.2218952178955078e-05,benign
19161,Fwd IAT Min,t-7,1.5139579772949219e-05,attack
19161,Fwd IAT Std,t-7,-7.897615432739258e-05,benign
19161,Fwd IAT Tot,t-7,-0.00011706352233886719,benign
19161,Fwd PSH Flags,t-7,0.0002492070198059082,attack
19161,Fwd Pkt Len Max,t-7,-6.788969039916992e-05,benign
19161,Fwd Pkt Len Mean,t-7,-0.00010150671005249023,benign
19161,Fwd Pkt Len Min,t-7,0.0002881288528442383,attack
19161,Fwd Pkt Len Std,t-7,-0.0003312826156616211,benign
19161,Fwd Pkts/s,t-7,-1.7881393432617188e-05,benign
19161,Fwd Seg Size Avg,t-7,-0.00041413307189941406,benign
19161,Fwd Seg Size Min,t-7,5.066394805908203e-06,attack
19161,Idle Max,t-7,0.00011610984802246094,attack
19161,Idle Mean,t-7,1.8477439880371094e-06,attack
19161,Idle Min,t-7,-7.396936416625977e-05,benign
19161,Idle Std,t-7,0.0009681582450866699,attack
19161,Init Bwd Win Byts,t-7,7.134675979614258e-05,attack
19161,Init Fwd Win Byts,t-7,-0.00020247697830200195,benign
19161,PSH Flag Cnt,t-7,2.866983413696289e-05,attack
19161,Pkt Len Max,t-7,-0.00031006336212158203,benign
19161,Pkt Len Mean,t-7,0.00021719932556152344,attack
19161,Pkt Len Min,t-7,0.00043016672134399414,attack
19161,Pkt Len Std,t-7,-0.00017064809799194336,benign
19161,Pkt Len Var,t-7,5.233287811279297e-05,attack
19161,Pkt Size Avg,t-7,0.00016242265701293945,attack
19161,RST Flag Cnt,t-7,7.68899917602539e-05,attack
19161,SYN Flag Cnt,t-7,-6.520748138427734e-05,benign
19161,Subflow Bwd Byts,t-7,3.4570693969726562e-06,attack
19161,Subflow Bwd Pkts,t-7,3.463029861450195e-05,attack
19161,Subflow Fwd Byts,t-7,3.5762786865234375e-07,attack
19161,Subflow Fwd Pkts,t-7,2.199411392211914e-05,attack
19161,Tot Bwd Pkts,t-7,1.8477439880371094e-06,attack
19161,Tot Fwd Pkts,t-7,9.179115295410156e-06,attack
19161,TotLen Bwd Pkts,t-7,-3.993511199951172e-06,benign
19161,TotLen Fwd Pkts,t-7,1.0132789611816406e-06,attack
19161,URG Flag Cnt,t-7,-0.0001640915870666504,benign
19161,Protocol_0,t-7,3.5822391510009766e-05,attack
19161,Protocol_6,t-7,-9.298324584960938e-06,benign
19161,Protocol_17,t-7,4.410743713378906e-06,attack
19161,ACK Flag Cnt,t-6,0.0001608133316040039,attack
19161,Active Max,t-6,6.99162483215332e-05,attack
19161,Active Mean,t-6,0.00017338991165161133,attack
19161,Active Min,t-6,0.00011408329010009766,attack
19161,Active Std,t-6,-8.404254913330078e-06,benign
19161,Bwd Header Len,t-6,5.370378494262695e-05,attack
19161,Bwd IAT Max,t-6,-0.00047647953033447266,benign
19161,Bwd IAT Mean,t-6,-9.167194366455078e-05,benign
19161,Bwd IAT Min,t-6,-5.4776668548583984e-05,benign
19161,Bwd IAT Std,t-6,0.0003535747528076172,attack
19161,Bwd IAT Tot,t-6,-0.0001366138458251953,benign
19161,Bwd Pkt Len Max,t-6,4.3451786041259766e-05,attack
19161,Bwd Pkt Len Mean,t-6,4.2557716369628906e-05,attack
19161,Bwd Pkt Len Min,t-6,-0.00035506486892700195,benign
19161,Bwd Pkt Len Std,t-6,3.343820571899414e-05,attack
19161,Bwd Pkts/s,t-6,-7.522106170654297e-05,benign
19161,Bwd Seg Size Avg,t-6,0.00027436017990112305,attack
19161,Down/Up Ratio,t-6,8.51750373840332e-05,attack
19161,ECE Flag Cnt,t-6,0.0003231167793273926,attack
19161,Flow Byts/s,t-6,5.793571472167969e-05,attack
19161,Flow Duration,t-6,0.00045746564865112305,attack
19161,Flow IAT Max,t-6,0.0001431107521057129,attack
19161,Flow IAT Mean,t-6,-0.00038909912109375,benign
19161,Flow IAT Min,t-6,-0.00020295381546020508,benign
19161,Flow IAT Std,t-6,0.00034606456756591797,attack
19161,Flow Pkts/s,t-6,0.0001932978630065918,attack
19161,Fwd Act Data Pkts,t-6,1.1563301086425781e-05,attack
19161,Fwd Header Len,t-6,8.016824722290039e-05,attack
19161,Fwd IAT Max,t-6,-0.0001544952392578125,benign
19161,Fwd IAT Mean,t-6,-0.00026530027389526367,benign
19161,Fwd IAT Min,t-6,-0.0001296401023864746,benign
19161,Fwd IAT Std,t-6,0.00035965442657470703,attack
19161,Fwd IAT Tot,t-6,0.00011754035949707031,attack
19161,Fwd PSH Flags,t-6,0.0010799765586853027,attack
19161,Fwd Pkt Len Max,t-6,2.682209014892578e-05,attack
19161,Fwd Pkt Len Mean,t-6,-3.0219554901123047e-05,benign
19161,Fwd Pkt Len Min,t-6,-2.2649765014648438e-06,benign
19161,Fwd Pkt Len Std,t-6,-0.00011050701141357422,benign
19161,Fwd Pkts/s,t-6,-8.803606033325195e-05,benign
19161,Fwd Seg Size Avg,t-6,0.00011867284774780273,attack
19161,Fwd Seg Size Min,t-6,-0.00016289949417114258,benign
19161,Idle Max,t-6,-0.0004195570945739746,benign
19161,Idle Mean,t-6,-0.0001157522201538086,benign
19161,Idle Min,t-6,-0.0004105567932128906,benign
19161,Idle Std,t-6,-4.4345855712890625e-05,benign
19161,Init Bwd Win Byts,t-6,2.47955322265625e-05,attack
19161,Init Fwd Win Byts,t-6,-0.00038808584213256836,benign
19161,PSH Flag Cnt,t-6,0.00012004375457763672,attack
19161,Pkt Len Max,t-6,-0.00018078088760375977,benign
19161,Pkt Len Mean,t-6,-0.00023925304412841797,benign
19161,Pkt Len Min,t-6,1.8358230590820312e-05,attack
19161,Pkt Len Std,t-6,-6.157159805297852e-05,benign
19161,Pkt Len Var,t-6,0.00020951032638549805,attack
19161,Pkt Size Avg,t-6,-0.00028133392333984375,benign
19161,RST Flag Cnt,t-6,0.00034159421920776367,attack
19161,SYN Flag Cnt,t-6,0.0006456971168518066,attack
19161,Subflow Bwd Byts,t-6,2.1398067474365234e-05,attack
19161,Subflow Bwd Pkts,t-6,5.5789947509765625e-05,attack
19161,Subflow Fwd Byts,t-6,-1.710653305053711e-05,benign
19161,Subflow Fwd Pkts,t-6,5.739927291870117e-05,attack
19161,Tot Bwd Pkts,t-6,1.7821788787841797e-05,attack
19161,Tot Fwd Pkts,t-6,7.68899917602539e-06,attack
19161,TotLen Bwd Pkts,t-6,-3.337860107421875e-06,benign
19161,TotLen Fwd Pkts,t-6,-2.1755695343017578e-05,benign
19161,URG Flag Cnt,t-6,-3.236532211303711e-05,benign
19161,Protocol_0,t-6,-0.00037169456481933594,benign
19161,Protocol_6,t-6,-5.316734313964844e-05,benign
19161,Protocol_17,t-6,1.1861324310302734e-05,attack
19161,ACK Flag Cnt,t-5,0.0021204352378845215,attack
19161,Active Max,t-5,9.5367431640625e-05,attack
19161,Active Mean,t-5,0.00022709369659423828,attack
19161,Active Min,t-5,0.00023418664932250977,attack
19161,Active Std,t-5,-1.9311904907226562e-05,benign
19161,Bwd Header Len,t-5,6.818771362304688e-05,attack
19161,Bwd IAT Max,t-5,8.779764175415039e-05,attack
19161,Bwd IAT Mean,t-5,0.00019818544387817383,attack
19161,Bwd IAT Min,t-5,-0.00021117925643920898,benign
19161,Bwd IAT Std,t-5,-0.0007320642471313477,benign
19161,Bwd IAT Tot,t-5,0.0002887248992919922,attack
19161,Bwd Pkt Len Max,t-5,-0.00019669532775878906,benign
19161,Bwd Pkt Len Mean,t-5,0.0006949305534362793,attack
19161,Bwd Pkt Len Min,t-5,-0.0002964138984680176,benign
19161,Bwd Pkt Len Std,t-5,-9.775161743164062e-05,benign
19161,Bwd Pkts/s,t-5,-0.0002301335334777832,benign
19161,Bwd Seg Size Avg,t-5,0.0006528496742248535,attack
19161,Down/Up Ratio,t-5,0.00040453672409057617,attack
19161,ECE Flag Cnt,t-5,6.276369094848633e-05,attack
19161,Flow Byts/s,t-5,5.990266799926758e-05,attack
19161,Flow Duration,t-5,-0.00015485286712646484,benign
19161,Flow IAT Max,t-5,8.183717727661133e-05,attack
19161,Flow IAT Mean,t-5,-0.0003096461296081543,benign
19161,Flow IAT Min,t-5,-0.0003789663314819336,benign
19161,Flow IAT Std,t-5,-0.0001722574234008789,benign
19161,Flow Pkts/s,t-5,0.00027316808700561523,attack
19161,Fwd Act Data Pkts,t-5,2.9027462005615234e-05,attack
19161,Fwd Header Len,t-5,0.00012314319610595703,attack
19161,Fwd IAT Max,t-5,-2.384185791015625e-05,benign
19161,Fwd IAT Mean,t-5,-0.00026792287826538086,benign
19161,Fwd IAT Min,t-5,-0.00027233362197875977,benign
19161,Fwd IAT Std,t-5,-0.0005120038986206055,benign
19161,Fwd IAT Tot,t-5,0.00014865398406982422,attack
19161,Fwd PSH Flags,t-5,0.0017409324645996094,attack
19161,Fwd Pkt Len Max,t-5,0.0002587437629699707,attack
19161,Fwd Pkt Len Mean,t-5,-4.225969314575195e-05,benign
19161,Fwd Pkt Len Min,t-5,9.834766387939453e-05,attack
19161,Fwd Pkt Len Std,t-5,0.0010223388671875,attack
19161,Fwd Pkts/s,t-5,-9.298324584960938e-05,benign
19161,Fwd Seg Size Avg,t-5,-2.962350845336914e-05,benign
19161,Fwd Seg Size Min,t-5,0.00038117170333862305,attack
19161,Idle Max,t-5,-0.0003305673599243164,benign
19161,Idle Mean,t-5,-0.00016927719116210938,benign
19161,Idle Min,t-5,-0.0001379251480102539,benign
19161,Idle Std,t-5,-8.350610733032227e-05,benign
19161,Init Bwd Win Byts,t-5,-0.00016230344772338867,benign
19161,Init Fwd Win Byts,t-5,-0.0001068115234375,benign
19161,PSH Flag Cnt,t-5,0.00012665987014770508,attack
19161,Pkt Len Max,t-5,7.134675979614258e-05,attack
19161,Pkt Len Mean,t-5,-0.00013303756713867188,benign
19161,Pkt Len Min,t-5,6.526708602905273e-05,attack
19161,Pkt Len Std,t-5,-1.7344951629638672e-05,benign
19161,Pkt Len Var,t-5,0.0001837015151977539,attack
19161,Pkt Size Avg,t-5,0.00040340423583984375,attack
19161,RST Flag Cnt,t-5,0.0001429915428161621,attack
19161,SYN Flag Cnt,t-5,0.001523435115814209,attack
19161,Subflow Bwd Byts,t-5,2.7835369110107422e-05,attack
19161,Subflow Bwd Pkts,t-5,9.423494338989258e-05,attack
19161,Subflow Fwd Byts,t-5,2.2172927856445312e-05,attack
19161,Subflow Fwd Pkts,t-5,0.00010406970977783203,attack
19161,Tot Bwd Pkts,t-5,2.2411346435546875e-05,attack
19161,Tot Fwd Pkts,t-5,5.6803226470947266e-05,attack
19161,TotLen Bwd Pkts,t-5,-1.8477439880371094e-06,benign
19161,TotLen Fwd Pkts,t-5,-1.0728836059570312e-05,benign
19161,URG Flag Cnt,t-5,5.59687614440918e-05,attack
19161,Protocol_0,t-5,-0.0006713271141052246,benign
19161,Protocol_6,t-5,7.510185241699219e-05,attack
19161,Protocol_17,t-5,0.00025409460067749023,attack
19161,ACK Flag Cnt,t-4,0.004593312740325928,attack
19161,Active Max,t-4,0.0002560615539550781,attack
19161,Active Mean,t-4,0.00040072202682495117,attack
19161,Active Min,t-4,0.00025409460067749023,attack
19161,Active Std,t-4,0.0001983642578125,attack
19161,Bwd Header Len,t-4,7.730722427368164e-05,attack
19161,Bwd IAT Max,t-4,-0.0003185272216796875,benign
19161,Bwd IAT Mean,t-4,-0.0004863739013671875,benign
19161,Bwd IAT Min,t-4,-0.00048422813415527344,benign
19161,Bwd IAT Std,t-4,0.000600278377532959,attack
19161,Bwd IAT Tot,t-4,-6.765127182006836e-05,benign
19161,Bwd Pkt Len Max,t-4,0.00020712614059448242,attack
19161,Bwd Pkt Len Mean,t-4,0.0001537799835205078,attack
19161,Bwd Pkt Len Min,t-4,0.0009862780570983887,attack
19161,Bwd Pkt Len Std,t-4,0.00022113323211669922,attack
19161,Bwd Pkts/s,t-4,-0.00054168701171875,benign
19161,Bwd Seg Size Avg,t-4,8.177757263183594e-05,attack
19161,Down/Up Ratio,t-4,0.001722872257232666,attack
19161,ECE Flag Cnt,t-4,0.0007606148719787598,attack
19161,Flow Byts/s,t-4,1.9669532775878906e-06,attack
19161,Flow Duration,t-4,0.000306546688079834,attack
19161,Flow IAT Max,t-4,-0.0021123290061950684,benign
19161,Flow IAT Mean,t-4,-0.0046784281730651855,benign
19161,Flow IAT Min,t-4,-0.005800604820251465,benign
19161,Flow IAT Std,t-4,-0.0004831552505493164,benign
19161,Flow Pkts/s,t-4,3.0100345611572266e-05,attack
19161,Fwd Act Data Pkts,t-4,5.918741226196289e-05,attack
19161,Fwd Header Len,t-4,0.00016921758651733398,attack
19161,Fwd IAT Max,t-4,-0.0006865262985229492,benign
19161,Fwd IAT Mean,t-4,-0.0025069117546081543,benign
19161,Fwd IAT Min,t-4,-0.0043839216232299805,benign
19161,Fwd IAT Std,t-4,-0.0003566741943359375,benign
19161,Fwd IAT Tot,t-4,0.000600278377532959,attack
19161,Fwd PSH Flags,t-4,0.0035189390182495117,attack
19161,Fwd Pkt Len Max,t-4,-0.0002709627151489258,benign
19161,Fwd Pkt Len Mean,t-4,0.0005050301551818848,attack
19161,Fwd Pkt Len Min,t-4,0.0005072951316833496,attack
19161,Fwd Pkt Len Std,t-4,0.0012863874435424805,attack
19161,Fwd Pkts/s,t-4,0.000475466251373291,attack
19161,Fwd Seg Size Avg,t-4,-4.4226646423339844e-05,benign
19161,Fwd Seg Size Min,t-4,0.0003216862678527832,attack
19161,Idle Max,t-4,-0.0016145110130310059,benign
19161,Idle Mean,t-4,-0.00035750865936279297,benign
19161,Idle Min,t-4,-0.0016086101531982422,benign
19161,Idle Std,t-4,4.458427429199219e-05,attack
19161,Init Bwd Win Byts,t-4,0.0009316802024841309,attack
19161,Init Fwd Win Byts,t-4,-0.00528109073638916,benign
19161,PSH Flag Cnt,t-4,0.00011402368545532227,attack
19161,Pkt Len Max,t-4,0.0002904534339904785,attack
19161,Pkt Len Mean,t-4,9.5367431640625e-06,attack
19161,Pkt Len Min,t-4,0.00042623281478881836,attack
19161,Pkt Len Std,t-4,6.437301635742188e-05,attack
19161,Pkt Len Var,t-4,-5.340576171875e-05,benign
19161,Pkt Size Avg,t-4,0.00032508373260498047,attack
19161,RST Flag Cnt,t-4,0.000615239143371582,attack
19161,SYN Flag Cnt,t-4,0.003153204917907715,attack
19161,Subflow Bwd Byts,t-4,1.5914440155029297e-05,attack
19161,Subflow Bwd Pkts,t-4,0.0001424551010131836,attack
19161,Subflow Fwd Byts,t-4,3.319978713989258e-05,attack
19161,Subflow Fwd Pkts,t-4,0.00029850006103515625,attack
19161,Tot Bwd Pkts,t-4,9.435415267944336e-05,attack
19161,Tot Fwd Pkts,t-4,0.00019556283950805664,attack
19161,TotLen Bwd Pkts,t-4,3.170967102050781e-05,attack
19161,TotLen Fwd Pkts,t-4,2.2232532501220703e-05,attack
19161,URG Flag Cnt,t-4,0.0007015466690063477,attack
19161,Protocol_0,t-4,0.0011703968048095703,attack
19161,Protocol_6,t-4,-0.00013172626495361328,benign
19161,Protocol_17,t-4,0.0006071329116821289,attack
19161,ACK Flag Cnt,t-3,-0.0008805990219116211,benign
19161,Active Max,t-3,0.0002893805503845215,attack
19161,Active Mean,t-3,0.0003260374069213867,attack
19161,Active Min,t-3,0.00017750263214111328,attack
19161,Active Std,t-3,0.0002637505531311035,attack
19161,Bwd Header Len,t-3,5.424022674560547e-05,attack
19161,Bwd IAT Max,t-3,-0.0007797479629516602,benign
19161,Bwd IAT Mean,t-3,-0.0004729628562927246,benign
19161,Bwd IAT Min,t-3,-0.0003198385238647461,benign
19161,Bwd IAT Std,t-3,0.0006134510040283203,attack
19161,Bwd IAT Tot,t-3,-0.0007696747779846191,benign
19161,Bwd Pkt Len Max,t-3,-0.00018471479415893555,benign
19161,Bwd Pkt Len Mean,t-3,0.00033909082412719727,attack
19161,Bwd Pkt Len Min,t-3,-0.0007453560829162598,benign
19161,Bwd Pkt Len Std,t-3,-6.401538848876953e-05,benign
19161,Bwd Pkts/s,t-3,-0.0001957416534423828,benign
19161,Bwd Seg Size Avg,t-3,-0.00014895200729370117,benign
19161,Down/Up Ratio,t-3,0.0013337135314941406,attack
19161,ECE Flag Cnt,t-3,0.0002879500389099121,attack
19161,Flow Byts/s,t-3,-0.0002130270004272461,benign
19161,Flow Duration,t-3,-4.51207160949707e-05,benign
19161,Flow IAT Max,t-3,0.000826418399810791,attack
19161,Flow IAT Mean,t-3,0.0011189579963684082,attack
19161,Flow IAT Min,t-3,0.0008496642112731934,attack
19161,Flow IAT Std,t-3,-0.0005207657814025879,benign
19161,Flow Pkts/s,t-3,7.510185241699219e-05,attack
19161,Fwd Act Data Pkts,t-3,-5.316734313964844e-05,benign
19161,Fwd Header Len,t-3,0.00010544061660766602,attack
19161,Fwd IAT Max,t-3,0.00024378299713134766,attack
19161,Fwd IAT Mean,t-3,0.0003744959831237793,attack
19161,Fwd IAT Min,t-3,0.0008136630058288574,attack
19161,Fwd IAT Std,t-3,-0.0006557703018188477,benign
19161,Fwd IAT Tot,t-3,-0.000806272029876709,benign
19161,Fwd PSH Flags,t-3,0.002369999885559082,attack
19161,Fwd Pkt Len Max,t-3,2.8073787689208984e-05,attack
19161,Fwd Pkt Len Mean,t-3,-0.00015342235565185547,benign
19161,Fwd Pkt Len Min,t-3,0.00031936168670654297,attack
19161,Fwd Pkt Len Std,t-3,4.8160552978515625e-05,attack
19161,Fwd Pkts/s,t-3,-3.0219554901123047e-05,benign
19161,Fwd Seg Size Avg,t-3,0.0002741813659667969,attack
19161,Fwd Seg Size Min,t-3,-0.0006006360054016113,benign
19161,Idle Max,t-3,0.0007507801055908203,attack
19161,Idle Mean,t-3,0.00025016069412231445,attack
19161,Idle Min,t-3,0.000914156436920166,attack
19161,Idle Std,t-3,0.0001984238624572754,attack
19161,Init Bwd Win Byts,t-3,5.6684017181396484e-05,attack
19161,Init Fwd Win Byts,t-3,-0.00016772747039794922,benign
19161,PSH Flag Cnt,t-3,5.835294723510742e-05,attack
19161,Pkt Len Max,t-3,-0.00014168024063110352,benign
19161,Pkt Len Mean,t-3,0.0004672408103942871,attack
19161,Pkt Len Min,t-3,0.0008462071418762207,attack
19161,Pkt Len Std,t-3,-5.1975250244140625e-05,benign
19161,Pkt Len Var,t-3,-0.00023162364959716797,benign
19161,Pkt Size Avg,t-3,0.0001927018165588379,attack
19161,RST Flag Cnt,t-3,0.0003191828727722168,attack
19161,SYN Flag Cnt,t-3,0.0025376081466674805,attack
19161,Subflow Bwd Byts,t-3,1.811981201171875e-05,attack
19161,Subflow Bwd Pkts,t-3,9.763240814208984e-05,attack
19161,Subflow Fwd Byts,t-3,6.979703903198242e-05,attack
19161,Subflow Fwd Pkts,t-3,0.00017893314361572266,attack
19161,Tot Bwd Pkts,t-3,-1.7821788787841797e-05,benign
19161,Tot Fwd Pkts,t-3,0.00016307830810546875,attack
19161,TotLen Bwd Pkts,t-3,5.0187110900878906e-05,attack
19161,TotLen Fwd Pkts,t-3,4.506111145019531e-05,attack
19161,URG Flag Cnt,t-3,0.0008471012115478516,attack
19161,Protocol_0,t-3,-6.872415542602539e-05,benign
19161,Protocol_6,t-3,0.00020116567611694336,attack
19161,Protocol_17,t-3,-0.00017255544662475586,benign
19161,ACK Flag Cnt,t-2,0.0035932064056396484,attack
19161,Active Max,t-2,0.0002397298812866211,attack
19161,Active Mean,t-2,0.0004658699035644531,attack
19161,Active Min,t-2,0.0002129673957824707,attack
19161,Active Std,t-2,0.0003274083137512207,attack
19161,Bwd Header Len,t-2,7.277727127075195e-05,attack
19161,Bwd IAT Max,t-2,-0.0004240870475769043,benign
19161,Bwd IAT Mean,t-2,-0.0002803206443786621,benign
19161,Bwd IAT Min,t-2,-0.00027054548263549805,benign
19161,Bwd IAT Std,t-2,0.0008038878440856934,attack
19161,Bwd IAT Tot,t-2,-0.0004922747611999512,benign
19161,Bwd Pkt Len Max,t-2,-0.0005063414573669434,benign
19161,Bwd Pkt Len Mean,t-2,-3.910064697265625e-05,benign
19161,Bwd Pkt Len Min,t-2,0.0021380186080932617,attack
19161,Bwd Pkt Len Std,t-2,-0.000558018684387207,benign
19161,Bwd Pkts/s,t-2,1.895427703857422e-05,attack
19161,Bwd Seg Size Avg,t-2,7.790327072143555e-05,attack
19161,Down/Up Ratio,t-2,-0.0015467405319213867,benign
19161,ECE Flag Cnt,t-2,0.0011743903160095215,attack
19161,Flow Byts/s,t-2,-3.88026237487793e-05,benign
19161,Flow Duration,t-2,9.107589721679688e-05,attack
19161,Flow IAT Max,t-2,0.0012516975402832031,attack
19161,Flow IAT Mean,t-2,0.0011418461799621582,attack
19161,Flow IAT Min,t-2,0.0007000565528869629,attack
19161,Flow IAT Std,t-2,-0.0010060667991638184,benign
19161,Flow Pkts/s,t-2,0.00028258562088012695,attack
19161,Fwd Act Data Pkts,t-2,5.84721565246582e-05,attack
19161,Fwd Header Len,t-2,0.0001888275146484375,attack
19161,Fwd IAT Max,t-2,0.00013399124145507812,attack
19161,Fwd IAT Mean,t-2,0.00046265125274658203,attack
19161,Fwd IAT Min,t-2,0.0009613633155822754,attack
19161,Fwd IAT Std,t-2,-0.0010581612586975098,benign
19161,Fwd IAT Tot,t-2,-0.0010395646095275879,benign
19161,Fwd PSH Flags,t-2,0.0030338168144226074,attack
19161,Fwd Pkt Len Max,t-2,0.00016582012176513672,attack
19161,Fwd Pkt Len Mean,t-2,-8.45193862915039e-05,benign
19161,Fwd Pkt Len Min,t-2,-0.0002078413963317871,benign
19161,Fwd Pkt Len Std,t-2,-0.00030624866485595703,benign
19161,Fwd Pkts/s,t-2,0.0004051327705383301,attack
19161,Fwd Seg Size Avg,t-2,0.00019812583923339844,attack
19161,Fwd Seg Size Min,t-2,-0.0006188154220581055,benign
19161,Idle Max,t-2,0.0009578466415405273,attack
19161,Idle Mean,t-2,0.00022798776626586914,attack
19161,Idle Min,t-2,0.0009421110153198242,attack
19161,Idle Std,t-2,-1.722574234008789e-05,benign
19161,Init Bwd Win Byts,t-2,-0.0002808570861816406,benign
19161,Init Fwd Win Byts,t-2,-0.00010269880294799805,benign
19161,PSH Flag Cnt,t-2,0.0001634359359741211,attack
19161,Pkt Len Max,t-2,-9.22083854675293e-05,benign
19161,Pkt Len Mean,t-2,0.00015223026275634766,attack
19161,Pkt Len Min,t-2,-0.00017893314361572266,benign
19161,Pkt Len Std,t-2,-0.00020873546600341797,benign
19161,Pkt Len Var,t-2,-0.0003172159194946289,benign
19161,Pkt Size Avg,t-2,-1.4901161193847656e-06,benign
19161,RST Flag Cnt,t-2,0.0014647245407104492,attack
19161,SYN Flag Cnt,t-2,0.003152012825012207,attack
19161,Subflow Bwd Byts,t-2,3.421306610107422e-05,attack
19161,Subflow Bwd Pkts,t-2,0.00017631053924560547,attack
19161,Subflow Fwd Byts,t-2,0.0001271963119506836,attack
19161,Subflow Fwd Pkts,t-2,0.0004813075065612793,attack
19161,Tot Bwd Pkts,t-2,4.881620407104492e-05,attack
19161,Tot Fwd Pkts,t-2,0.0005077123641967773,attack
19161,TotLen Bwd Pkts,t-2,6.657838821411133e-05,attack
19161,TotLen Fwd Pkts,t-2,0.00010883808135986328,attack
19161,URG Flag Cnt,t-2,-0.00046813488006591797,benign
19161,Protocol_0,t-2,-0.00013393163681030273,benign
19161,Protocol_6,t-2,9.715557098388672e-06,attack
19161,Protocol_17,t-2,5.14984130859375e-05,attack
19161,ACK Flag Cnt,t-1,0.002213418483734131,attack
19161,Active Max,t-1,9.179115295410156e-06,attack
19161,Active Mean,t-1,0.0003705620765686035,attack
19161,Active Min,t-1,1.7940998077392578e-05,attack
19161,Active Std,t-1,0.00016987323760986328,attack
19161,Bwd Header Len,t-1,7.855892181396484e-05,attack
19161,Bwd IAT Max,t-1,-0.00047284364700317383,benign
19161,Bwd IAT Mean,t-1,-0.00013512372970581055,benign
19161,Bwd IAT Min,t-1,-0.0003908872604370117,benign
19161,Bwd IAT Std,t-1,0.0006714463233947754,attack
19161,Bwd IAT Tot,t-1,0.0003978610038757324,attack
19161,Bwd Pkt Len Max,t-1,9.5367431640625e-07,attack
19161,Bwd Pkt Len Mean,t-1,-0.0003694891929626465,benign
19161,Bwd Pkt Len Min,t-1,3.0994415283203125e-06,attack
19161,Bwd Pkt Len Std,t-1,-1.0371208190917969e-05,benign
19161,Bwd Pkts/s,t-1,9.60230827331543e-05,attack
19161,Bwd Seg Size Avg,t-1,-0.00038301944732666016,benign
19161,Down/Up Ratio,t-1,-6.371736526489258e-05,benign
19161,ECE Flag Cnt,t-1,0.0015979409217834473,attack
19161,Flow Byts/s,t-1,-0.00018256902694702148,benign
19161,Flow Duration,t-1,0.0007283687591552734,attack
19161,Flow IAT Max,t-1,0.0008758306503295898,attack
19161,Flow IAT Mean,t-1,0.0009609460830688477,attack
19161,Flow IAT Min,t-1,0.00039333105087280273,attack
19161,Flow IAT Std,t-1,-0.0005019903182983398,benign
19161,Flow Pkts/s,t-1,-0.0001372694969177246,benign
19161,Fwd Act Data Pkts,t-1,0.00026285648345947266,attack
19161,Fwd Header Len,t-1,7.87973403930664e-05,attack
19161,Fwd IAT Max,t-1,0.0003218650817871094,attack
19161,Fwd IAT Mean,t-1,0.0006045699119567871,attack
19161,Fwd IAT Min,t-1,0.0004164576530456543,attack
19161,Fwd IAT Std,t-1,-0.0004906654357910156,benign
19161,Fwd IAT Tot,t-1,-0.0002873539924621582,benign
19161,Fwd PSH Flags,t-1,0.0034638047218322754,attack
19161,Fwd Pkt Len Max,t-1,2.1755695343017578e-05,attack
19161,Fwd Pkt Len Mean,t-1,-2.8312206268310547e-05,benign
19161,Fwd Pkt Len Min,t-1,-6.496906280517578e-06,benign
19161,Fwd Pkt Len Std,t-1,-1.3113021850585938e-06,benign
19161,Fwd Pkts/s,t-1,0.00018280744552612305,attack
19161,Fwd Seg Size Avg,t-1,0.00041741132736206055,attack
19161,Fwd Seg Size Min,t-1,-0.00038933753967285156,benign
19161,Idle Max,t-1,0.0008990168571472168,attack
19161,Idle Mean,t-1,-0.0001239180564880371,benign
19161,Idle Min,t-1,0.0009285807609558105,attack
19161,Idle Std,t-1,-0.00012499094009399414,benign
19161,Init Bwd Win Byts,t-1,-9.799003601074219e-05,benign
19161,Init Fwd Win Byts,t-1,-0.00015538930892944336,benign
19161,PSH Flag Cnt,t-1,1.1265277862548828e-05,attack
19161,Pkt Len Max,t-1,0.00015854835510253906,attack
19161,Pkt Len Mean,t-1,0.00010007619857788086,attack
19161,Pkt Len Min,t-1,-0.00019991397857666016,benign
19161,Pkt Len Std,t-1,-0.00018197298049926758,benign
19161,Pkt Len Var,t-1,-0.00038427114486694336,benign
19161,Pkt Size Avg,t-1,-0.00010854005813598633,benign
19161,RST Flag Cnt,t-1,0.0006836056709289551,attack
19161,SYN Flag Cnt,t-1,0.003457009792327881,attack
19161,Subflow Bwd Byts,t-1,1.7881393432617188e-06,attack
19161,Subflow Bwd Pkts,t-1,0.00014716386795043945,attack
19161,Subflow Fwd Byts,t-1,8.696317672729492e-05,attack
19161,Subflow Fwd Pkts,t-1,0.00043570995330810547,attack
19161,Tot Bwd Pkts,t-1,5.364418029785156e-05,attack
19161,Tot Fwd Pkts,t-1,0.0005143284797668457,attack
19161,TotLen Bwd Pkts,t-1,3.784894943237305e-05,attack
19161,TotLen Fwd Pkts,t-1,6.002187728881836e-05,attack
19161,URG Flag Cnt,t-1,7.450580596923828e-06,attack
19161,Protocol_0,t-1,-6.157159805297852e-05,benign
19161,Protocol_6,t-1,-0.00012415647506713867,benign
19161,Protocol_17,t-1,-0.00016266107559204102,benign
19161,ACK Flag Cnt,t,-0.0004349350929260254,benign
19161,Active Max,t,-0.0005206465721130371,benign
19161,Active Mean,t,-0.00034105777740478516,benign
19161,Active Min,t,-0.00039076805114746094,benign
19161,Active Std,t,6.735324859619141e-06,attack
19161,Bwd Header Len,t,-1.9729137420654297e-05,benign
19161,Bwd IAT Max,t,0.0008012056350708008,attack
19161,Bwd IAT Mean,t,0.0006067752838134766,attack
19161,Bwd IAT Min,t,-0.00010144710540771484,benign
19161,Bwd IAT Std,t,0.0008755326271057129,attack
19161,Bwd IAT Tot,t,0.0009121894836425781,attack
19161,Bwd Pkt Len Max,t,-3.3736228942871094e-05,benign
19161,Bwd Pkt Len Mean,t,0.0003103017807006836,attack
19161,Bwd Pkt Len Min,t,-0.00026041269302368164,benign
19161,Bwd Pkt Len Std,t,2.5331974029541016e-05,attack
19161,Bwd Pkts/s,t,0.00048214197158813477,attack
19161,Bwd Seg Size Avg,t,0.000758826732635498,attack
19161,Down/Up Ratio,t,-0.0004703998565673828,benign
19161,ECE Flag Cnt,t,0.0010289549827575684,attack
19161,Flow Byts/s,t,-0.0017385482788085938,benign
19161,Flow Duration,t,-0.0026651620864868164,benign
19161,Flow IAT Max,t,0.0012281537055969238,attack
19161,Flow IAT Mean,t,0.0007448792457580566,attack
19161,Flow IAT Min,t,0.0017271637916564941,attack
19161,Flow IAT Std,t,0.0015667080879211426,attack
19161,Flow Pkts/s,t,0.0015856623649597168,attack
19161,Fwd Act Data Pkts,t,5.5849552154541016e-05,attack
19161,Fwd Header Len,t,5.3942203521728516e-05,attack
19161,Fwd IAT Max,t,-0.0033071041107177734,benign
19161,Fwd IAT Mean,t,-0.0005201101303100586,benign
19161,Fwd IAT Min,t,0.0017368793487548828,attack
19161,Fwd IAT Std,t,-0.0001519322395324707,benign
19161,Fwd IAT Tot,t,-0.0020877718925476074,benign
19161,Fwd PSH Flags,t,8.7738037109375e-05,attack
19161,Fwd Pkt Len Max,t,-0.00047785043716430664,benign
19161,Fwd Pkt Len Mean,t,5.7220458984375e-05,attack
19161,Fwd Pkt Len Min,t,-0.0015110373497009277,benign
19161,Fwd Pkt Len Std,t,-0.00024503469467163086,benign
19161,Fwd Pkts/s,t,0.0009233951568603516,attack
19161,Fwd Seg Size Avg,t,-5.7220458984375e-06,benign
19161,Fwd Seg Size Min,t,0.0011282563209533691,attack
19161,Idle Max,t,-0.003203451633453369,benign
19161,Idle Mean,t,0.001143038272857666,attack
19161,Idle Min,t,0.00018543004989624023,attack
19161,Idle Std,t,-0.0005044341087341309,benign
19161,Init Bwd Win Byts,t,-0.0006913542747497559,benign
19161,Init Fwd Win Byts,t,0.010672986507415771,attack
19161,PSH Flag Cnt,t,-0.00011408329010009766,benign
19161,Pkt Len Max,t,-0.0006642341613769531,benign
19161,Pkt Len Mean,t,-0.00021857023239135742,benign
19161,Pkt Len Min,t,-0.0011429190635681152,benign
19161,Pkt Len Std,t,-0.00021392107009887695,benign
19161,Pkt Len Var,t,-6.67572021484375e-06,benign
19161,Pkt Size Avg,t,-0.00032579898834228516,benign
19161,RST Flag Cnt,t,0.0005869269371032715,attack
19161,SYN Flag Cnt,t,6.4373016357421875e-06,attack
19161,Subflow Bwd Byts,t,-4.3272972106933594e-05,benign
19161,Subflow Bwd Pkts,t,0.00010287761688232422,attack
19161,Subflow Fwd Byts,t,2.9146671295166016e-05,attack
19161,Subflow Fwd Pkts,t,-3.5762786865234375e-05,benign
19161,Tot Bwd Pkts,t,8.33272933959961e-05,attack
19161,Tot Fwd Pkts,t,0.00013870000839233398,attack
19161,TotLen Bwd Pkts,t,5.602836608886719e-05,attack
19161,TotLen Fwd Pkts,t,-3.159046173095703e-06,benign
19161,URG Flag Cnt,t,-0.0007392168045043945,benign
19161,Protocol_0,t,-0.0005341172218322754,benign
19161,Protocol_6,t,0.00014597177505493164,attack
19161,Protocol_17,t,-0.0007341504096984863,benign
